"scan_file","host","host_ip","os","port","protocol","svc_name","severity","plugin_id","plugin_name","plugin_family","synopsis","description","solution","risk_factor","plugin_output","cve","cvss_base_score","cvss_vector","plugin_pub_date","plugin_mod_date"
"nessus_sample_1.nessus","qa3app01","10.31.112.21","Microsoft Windows Server 2008 R2 Standard Service Pack 1",80,"tcp","www",0,10107,"HTTP Server Type and Version","Web Servers","A web server is running on the remote host.","This plugin attempts to determine the type and the version of the remote web server.","n/a","None","The remote web server type is :

Microsoft-IIS/7.5","[]",0,"","2000-01-04","2013-06-03"
"nessus_sample_1.nessus","qa3app02","10.31.112.22","Microsoft Windows Server 2008 R2 Standard Service Pack 1",10002,"tcp","www",0,10107,"HTTP Server Type and Version","Web Servers","A web server is running on the remote host.","This plugin attempts to determine the type and the version of the remote web server.","n/a","None","The remote web server type is :

Microsoft-HTTPAPI/2.0","[]",0,"","2000-01-04","2013-06-03"
"nessus_sample_1.nessus","qa3app02","10.31.112.22","Microsoft Windows Server 2008 R2 Standard Service Pack 1",80,"tcp","www",0,10107,"HTTP Server Type and Version","Web Servers","A web server is running on the remote host.","This plugin attempts to determine the type and the version of the remote web server.","n/a","None","The remote web server type is :

Microsoft-IIS/7.5","[]",0,"","2000-01-04","2013-06-03"
"nessus_sample_1.nessus","qa3app03","10.31.112.23","Microsoft Windows Server 2008 R2 Standard Service Pack 1",80,"tcp","www",0,10107,"HTTP Server Type and Version","Web Servers","A web server is running on the remote host.","This plugin attempts to determine the type and the version of the remote web server.","n/a","None","The remote web server type is :

Microsoft-IIS/7.5","[]",0,"","2000-01-04","2013-06-03"
"nessus_sample_1.nessus","qa3app04","10.31.112.24","Microsoft Windows Server 2008 R2 Standard Service Pack 1",80,"tcp","www",0,10107,"HTTP Server Type and Version","Web Servers","A web server is running on the remote host.","This plugin attempts to determine the type and the version of the remote web server.","n/a","None","The remote web server type is :

Microsoft-IIS/7.5","[]",0,"","2000-01-04","2013-06-03"
"nessus_sample_1.nessus","qa3app05","10.31.112.25","Microsoft Windows Server 2008 R2 Standard Service Pack 1",80,"tcp","www",0,10107,"HTTP Server Type and Version","Web Servers","A web server is running on the remote host.","This plugin attempts to determine the type and the version of the remote web server.","n/a","None","The remote web server type is :

Microsoft-IIS/7.5","[]",0,"","2000-01-04","2013-06-03"
"nessus_sample_1.nessus","qa3app06","10.31.112.26","Microsoft Windows Server 2008 R2 Standard Service Pack 1",80,"tcp","www",0,10107,"HTTP Server Type and Version","Web Servers","A web server is running on the remote host.","This plugin attempts to determine the type and the version of the remote web server.","n/a","None","The remote web server type is :

Microsoft-IIS/7.5","[]",0,"","2000-01-04","2013-06-03"
"nessus_sample_1.nessus","qa3app09","10.31.112.29","Microsoft Windows Server 2008 R2 Standard Service Pack 1",80,"tcp","www",0,10107,"HTTP Server Type and Version","Web Servers","A web server is running on the remote host.","This plugin attempts to determine the type and the version of the remote web server.","n/a","None","The remote web server type is :

Microsoft-IIS/7.5","[]",0,"","2000-01-04","2013-06-03"
"nessus_sample_1.nessus","qa3app01","10.31.112.21","Microsoft Windows Server 2008 R2 Standard Service Pack 1",137,"udp","netbios-ns",0,10150,"Windows NetBIOS / SMB Remote Host Information Disclosure","Windows","It is possible to obtain the network name of the remote host.","The remote host listens on UDP port 137 or TCP port 445 and replies to NetBIOS nbtscan or SMB requests. 

Note that this plugin gathers information to be used in other plugins but does not itself generate a report.","n/a","None","The following 3 NetBIOS names have been gathered :

 QA3APP01         = Computer name
 RB               = Workgroup / Domain name
 QA3APP01         = File Server Service

The remote host has the following MAC address on its adapter :

   00:50:56:81:01:b8","[]",0,"","1999-10-12","2013-01-16"
"nessus_sample_1.nessus","qa3app02","10.31.112.22","Microsoft Windows Server 2008 R2 Standard Service Pack 1",137,"udp","netbios-ns",0,10150,"Windows NetBIOS / SMB Remote Host Information Disclosure","Windows","It is possible to obtain the network name of the remote host.","The remote host listens on UDP port 137 or TCP port 445 and replies to NetBIOS nbtscan or SMB requests. 

Note that this plugin gathers information to be used in other plugins but does not itself generate a report.","n/a","None","The following 3 NetBIOS names have been gathered :

 QA3APP02         = File Server Service
 QA3APP02         = Computer name
 RB               = Workgroup / Domain name

The remote host has the following MAC address on its adapter :

   00:50:56:81:01:db","[]",0,"","1999-10-12","2013-01-16"
"nessus_sample_1.nessus","qa3app03","10.31.112.23","Microsoft Windows Server 2008 R2 Standard Service Pack 1",137,"udp","netbios-ns",0,10150,"Windows NetBIOS / SMB Remote Host Information Disclosure","Windows","It is possible to obtain the network name of the remote host.","The remote host listens on UDP port 137 or TCP port 445 and replies to NetBIOS nbtscan or SMB requests. 

Note that this plugin gathers information to be used in other plugins but does not itself generate a report.","n/a","None","The following 3 NetBIOS names have been gathered :

 QA3APP03         = Computer name
 RB               = Workgroup / Domain name
 QA3APP03         = File Server Service

The remote host has the following MAC address on its adapter :

   00:50:56:81:01:dc","[]",0,"","1999-10-12","2013-01-16"
"nessus_sample_1.nessus","qa3app04","10.31.112.24","Microsoft Windows Server 2008 R2 Standard Service Pack 1",137,"udp","netbios-ns",0,10150,"Windows NetBIOS / SMB Remote Host Information Disclosure","Windows","It is possible to obtain the network name of the remote host.","The remote host listens on UDP port 137 or TCP port 445 and replies to NetBIOS nbtscan or SMB requests. 

Note that this plugin gathers information to be used in other plugins but does not itself generate a report.","n/a","None","The following 3 NetBIOS names have been gathered :

 RB               = Workgroup / Domain name
 QA3APP04         = Computer name
 QA3APP04         = File Server Service

The remote host has the following MAC address on its adapter :

   00:50:56:81:01:dd","[]",0,"","1999-10-12","2013-01-16"
"nessus_sample_1.nessus","qa3app05","10.31.112.25","Microsoft Windows Server 2008 R2 Standard Service Pack 1",137,"udp","netbios-ns",0,10150,"Windows NetBIOS / SMB Remote Host Information Disclosure","Windows","It is possible to obtain the network name of the remote host.","The remote host listens on UDP port 137 or TCP port 445 and replies to NetBIOS nbtscan or SMB requests. 

Note that this plugin gathers information to be used in other plugins but does not itself generate a report.","n/a","None","The following 3 NetBIOS names have been gathered :

 QA3APP05         = Computer name
 RB               = Workgroup / Domain name
 QA3APP05         = File Server Service

The remote host has the following MAC address on its adapter :

   00:50:56:81:01:de","[]",0,"","1999-10-12","2013-01-16"
"nessus_sample_1.nessus","qa3app06","10.31.112.26","Microsoft Windows Server 2008 R2 Standard Service Pack 1",137,"udp","netbios-ns",0,10150,"Windows NetBIOS / SMB Remote Host Information Disclosure","Windows","It is possible to obtain the network name of the remote host.","The remote host listens on UDP port 137 or TCP port 445 and replies to NetBIOS nbtscan or SMB requests. 

Note that this plugin gathers information to be used in other plugins but does not itself generate a report.","n/a","None","The following 3 NetBIOS names have been gathered :

 QA3APP06         = Computer name
 RB               = Workgroup / Domain name
 QA3APP06         = File Server Service

The remote host has the following MAC address on its adapter :

   00:50:56:81:01:df","[]",0,"","1999-10-12","2013-01-16"
"nessus_sample_1.nessus","qa3app09","10.31.112.29","Microsoft Windows Server 2008 R2 Standard Service Pack 1",137,"udp","netbios-ns",0,10150,"Windows NetBIOS / SMB Remote Host Information Disclosure","Windows","It is possible to obtain the network name of the remote host.","The remote host listens on UDP port 137 or TCP port 445 and replies to NetBIOS nbtscan or SMB requests. 

Note that this plugin gathers information to be used in other plugins but does not itself generate a report.","n/a","None","The following 3 NetBIOS names have been gathered :

 QA3APP09         = Computer name
 RB               = Workgroup / Domain name
 QA3APP09         = File Server Service

The remote host has the following MAC address on its adapter :

   00:50:56:81:01:e3","[]",0,"","1999-10-12","2013-01-16"
"nessus_sample_1.nessus","qa3app01","10.31.112.21","Microsoft Windows Server 2008 R2 Standard Service Pack 1",0,"udp","general",0,10287,"Traceroute Information","General","It was possible to obtain traceroute information.","Makes a traceroute to the remote host.","n/a","None","For your information, here is the traceroute from 172.16.138.174 to 10.31.112.21 : 
172.16.138.174
172.16.138.2
10.31.112.21
","[]",0,"","1999-11-27","2013-04-11"
"nessus_sample_1.nessus","qa3app02","10.31.112.22","Microsoft Windows Server 2008 R2 Standard Service Pack 1",0,"udp","general",0,10287,"Traceroute Information","General","It was possible to obtain traceroute information.","Makes a traceroute to the remote host.","n/a","None","For your information, here is the traceroute from 172.16.138.174 to 10.31.112.22 : 
172.16.138.174
172.16.138.2
10.31.112.22
","[]",0,"","1999-11-27","2013-04-11"
"nessus_sample_1.nessus","qa3app03","10.31.112.23","Microsoft Windows Server 2008 R2 Standard Service Pack 1",0,"udp","general",0,10287,"Traceroute Information","General","It was possible to obtain traceroute information.","Makes a traceroute to the remote host.","n/a","None","For your information, here is the traceroute from 172.16.138.174 to 10.31.112.23 : 
172.16.138.174
172.16.138.2
10.31.112.23
","[]",0,"","1999-11-27","2013-04-11"
"nessus_sample_1.nessus","qa3app04","10.31.112.24","Microsoft Windows Server 2008 R2 Standard Service Pack 1",0,"udp","general",0,10287,"Traceroute Information","General","It was possible to obtain traceroute information.","Makes a traceroute to the remote host.","n/a","None","For your information, here is the traceroute from 172.16.138.174 to 10.31.112.24 : 
172.16.138.174
172.16.138.2
10.31.112.24
","[]",0,"","1999-11-27","2013-04-11"
"nessus_sample_1.nessus","qa3app05","10.31.112.25","Microsoft Windows Server 2008 R2 Standard Service Pack 1",0,"udp","general",0,10287,"Traceroute Information","General","It was possible to obtain traceroute information.","Makes a traceroute to the remote host.","n/a","None","For your information, here is the traceroute from 172.16.138.174 to 10.31.112.25 : 
172.16.138.174
172.16.138.2
10.31.112.25
","[]",0,"","1999-11-27","2013-04-11"
"nessus_sample_1.nessus","qa3app06","10.31.112.26","Microsoft Windows Server 2008 R2 Standard Service Pack 1",0,"udp","general",0,10287,"Traceroute Information","General","It was possible to obtain traceroute information.","Makes a traceroute to the remote host.","n/a","None","For your information, here is the traceroute from 172.16.138.174 to 10.31.112.26 : 
172.16.138.174
172.16.138.2
10.31.112.26
","[]",0,"","1999-11-27","2013-04-11"
"nessus_sample_1.nessus","qa3app09","10.31.112.29","Microsoft Windows Server 2008 R2 Standard Service Pack 1",0,"udp","general",0,10287,"Traceroute Information","General","It was possible to obtain traceroute information.","Makes a traceroute to the remote host.","n/a","None","For your information, here is the traceroute from 172.16.138.174 to 10.31.112.29 : 
172.16.138.174
172.16.138.2
10.31.112.29
","[]",0,"","1999-11-27","2013-04-11"
"nessus_sample_1.nessus","qa3app01","10.31.112.21","Microsoft Windows Server 2008 R2 Standard Service Pack 1",445,"tcp","cifs",0,10394,"Microsoft Windows SMB Log In Possible","Windows","It is possible to log into the remote host.","The remote host is running Microsoft Windows operating system or Samba, a CIFS/SMB server for Unix.  It was possible to log into it using one of the following accounts :

- NULL session
- Guest account
- Given Credentials","n/a","None","- NULL sessions are enabled on the remote host
","[]",0,"","2000-05-09","2013-04-23"
"nessus_sample_1.nessus","qa3app02","10.31.112.22","Microsoft Windows Server 2008 R2 Standard Service Pack 1",445,"tcp","cifs",0,10394,"Microsoft Windows SMB Log In Possible","Windows","It is possible to log into the remote host.","The remote host is running Microsoft Windows operating system or Samba, a CIFS/SMB server for Unix.  It was possible to log into it using one of the following accounts :

- NULL session
- Guest account
- Given Credentials","n/a","None","- NULL sessions are enabled on the remote host
","[]",0,"","2000-05-09","2013-04-23"
"nessus_sample_1.nessus","qa3app03","10.31.112.23","Microsoft Windows Server 2008 R2 Standard Service Pack 1",445,"tcp","cifs",0,10394,"Microsoft Windows SMB Log In Possible","Windows","It is possible to log into the remote host.","The remote host is running Microsoft Windows operating system or Samba, a CIFS/SMB server for Unix.  It was possible to log into it using one of the following accounts :

- NULL session
- Guest account
- Given Credentials","n/a","None","- NULL sessions are enabled on the remote host
","[]",0,"","2000-05-09","2013-04-23"
"nessus_sample_1.nessus","qa3app04","10.31.112.24","Microsoft Windows Server 2008 R2 Standard Service Pack 1",445,"tcp","cifs",0,10394,"Microsoft Windows SMB Log In Possible","Windows","It is possible to log into the remote host.","The remote host is running Microsoft Windows operating system or Samba, a CIFS/SMB server for Unix.  It was possible to log into it using one of the following accounts :

- NULL session
- Guest account
- Given Credentials","n/a","None","- NULL sessions are enabled on the remote host
","[]",0,"","2000-05-09","2013-04-23"
"nessus_sample_1.nessus","qa3app05","10.31.112.25","Microsoft Windows Server 2008 R2 Standard Service Pack 1",445,"tcp","cifs",0,10394,"Microsoft Windows SMB Log In Possible","Windows","It is possible to log into the remote host.","The remote host is running Microsoft Windows operating system or Samba, a CIFS/SMB server for Unix.  It was possible to log into it using one of the following accounts :

- NULL session
- Guest account
- Given Credentials","n/a","None","- NULL sessions are enabled on the remote host
","[]",0,"","2000-05-09","2013-04-23"
"nessus_sample_1.nessus","qa3app06","10.31.112.26","Microsoft Windows Server 2008 R2 Standard Service Pack 1",445,"tcp","cifs",0,10394,"Microsoft Windows SMB Log In Possible","Windows","It is possible to log into the remote host.","The remote host is running Microsoft Windows operating system or Samba, a CIFS/SMB server for Unix.  It was possible to log into it using one of the following accounts :

- NULL session
- Guest account
- Given Credentials","n/a","None","- NULL sessions are enabled on the remote host
","[]",0,"","2000-05-09","2013-04-23"
"nessus_sample_1.nessus","qa3app09","10.31.112.29","Microsoft Windows Server 2008 R2 Standard Service Pack 1",445,"tcp","cifs",0,10394,"Microsoft Windows SMB Log In Possible","Windows","It is possible to log into the remote host.","The remote host is running Microsoft Windows operating system or Samba, a CIFS/SMB server for Unix.  It was possible to log into it using one of the following accounts :

- NULL session
- Guest account
- Given Credentials","n/a","None","- NULL sessions are enabled on the remote host
","[]",0,"","2000-05-09","2013-04-23"
"nessus_sample_1.nessus","qa3app01","10.31.112.21","Microsoft Windows Server 2008 R2 Standard Service Pack 1",49152,"tcp","dce-rpc",0,10736,"DCE Services Enumeration","Windows","A DCE/RPC service is running on the remote host.","By sending a Lookup request to the portmapper (TCP 135 or epmapper PIPE) it was possible to enumerate the Distributed Computing Environment (DCE) services running on the remote port.
Using this information it is possible to connect and bind to each service by sending an RPC request to the remote port/pipe.","n/a","None","
The following DCERPC services are available on TCP port 49152 :

Object UUID : 765294ba-60bc-48b8-92e9-89fd77769d91
UUID : d95afe70-a6d5-4259-822e-2c84da1ddb0d, version 1.0
Description : Unknown RPC service
Type : Remote RPC service
TCP Port : 49152
IP : 10.31.112.21

","[]",0,"","2001-08-26","2012-01-31"
"nessus_sample_1.nessus","qa3app01","10.31.112.21","Microsoft Windows Server 2008 R2 Standard Service Pack 1",49153,"tcp","dce-rpc",0,10736,"DCE Services Enumeration","Windows","A DCE/RPC service is running on the remote host.","By sending a Lookup request to the portmapper (TCP 135 or epmapper PIPE) it was possible to enumerate the Distributed Computing Environment (DCE) services running on the remote port.
Using this information it is possible to connect and bind to each service by sending an RPC request to the remote port/pipe.","n/a","None","
The following DCERPC services are available on TCP port 49153 :

Object UUID : 00000000-0000-0000-0000-000000000000
UUID : 3c4728c5-f0ab-448b-bda1-6ce01eb0a6d5, version 1.0
Description : DHCP Client Service
Windows process : svchost.exe
Annotation : DHCP Client LRPC Endpoint
Type : Remote RPC service
TCP Port : 49153
IP : 10.31.112.21

Object UUID : 00000000-0000-0000-0000-000000000000
UUID : f6beaff7-1e19-4fbb-9f8f-b89e2018337c, version 1.0
Description : Unknown RPC service
Annotation : Event log TCPIP
Type : Remote RPC service
TCP Port : 49153
IP : 10.31.112.21

Object UUID : 00000000-0000-0000-0000-000000000000
UUID : 30adc50c-5cbc-46ce-9a0e-91914789e23c, version 1.0
Description : Unknown RPC service
Annotation : NRP server endpoint
Type : Remote RPC service
TCP Port : 49153
IP : 10.31.112.21

Object UUID : 00000000-0000-0000-0000-000000000000
UUID : 3c4728c5-f0ab-448b-bda1-6ce01eb0a6d6, version 1.0
Description : Unknown RPC service
Annotation : DHCPv6 Client LRPC Endpoint
Type : Remote RPC service
TCP Port : 49153
IP : 10.31.112.21

","[]",0,"","2001-08-26","2012-01-31"
"nessus_sample_1.nessus","qa3app01","10.31.112.21","Microsoft Windows Server 2008 R2 Standard Service Pack 1",49176,"tcp","dce-rpc",0,10736,"DCE Services Enumeration","Windows","A DCE/RPC service is running on the remote host.","By sending a Lookup request to the portmapper (TCP 135 or epmapper PIPE) it was possible to enumerate the Distributed Computing Environment (DCE) services running on the remote port.
Using this information it is possible to connect and bind to each service by sending an RPC request to the remote port/pipe.","n/a","None","
The following DCERPC services are available on TCP port 49176 :

Object UUID : 00000000-0000-0000-0000-000000000000
UUID : 6b5bdd1e-528c-422c-af8c-a4079be4fe48, version 1.0
Description : Unknown RPC service
Annotation : Remote Fw APIs
Type : Remote RPC service
TCP Port : 49176
IP : 10.31.112.21

Object UUID : 00000000-0000-0000-0000-000000000000
UUID : 12345678-1234-abcd-ef00-0123456789ab, version 1.0
Description : IPsec Services (Windows XP & 2003)
Windows process : lsass.exe
Annotation : IPSec Policy agent endpoint
Type : Remote RPC service
TCP Port : 49176
IP : 10.31.112.21

","[]",0,"","2001-08-26","2012-01-31"
"nessus_sample_1.nessus","qa3app01","10.31.112.21","Microsoft Windows Server 2008 R2 Standard Service Pack 1",49175,"tcp","dce-rpc",0,10736,"DCE Services Enumeration","Windows","A DCE/RPC service is running on the remote host.","By sending a Lookup request to the portmapper (TCP 135 or epmapper PIPE) it was possible to enumerate the Distributed Computing Environment (DCE) services running on the remote port.
Using this information it is possible to connect and bind to each service by sending an RPC request to the remote port/pipe.","n/a","None","
The following DCERPC services are available on TCP port 49175 :

Object UUID : 00000000-0000-0000-0000-000000000000
UUID : 367abb81-9844-35f1-ad32-98f038001003, version 2.0
Description : Unknown RPC service
Type : Remote RPC service
TCP Port : 49175
IP : 10.31.112.21

","[]",0,"","2001-08-26","2012-01-31"
"nessus_sample_1.nessus","qa3app01","10.31.112.21","Microsoft Windows Server 2008 R2 Standard Service Pack 1",49154,"tcp","dce-rpc",0,10736,"DCE Services Enumeration","Windows","A DCE/RPC service is running on the remote host.","By sending a Lookup request to the portmapper (TCP 135 or epmapper PIPE) it was possible to enumerate the Distributed Computing Environment (DCE) services running on the remote port.
Using this information it is possible to connect and bind to each service by sending an RPC request to the remote port/pipe.","n/a","None","
The following DCERPC services are available on TCP port 49154 :

Object UUID : 00000000-0000-0000-0000-000000000000
UUID : 86d35949-83c9-4044-b424-db363231fd0c, version 1.0
Description : Unknown RPC service
Type : Remote RPC service
TCP Port : 49154
IP : 10.31.112.21

Object UUID : 00000000-0000-0000-0000-000000000000
UUID : a398e520-d59a-4bdd-aa7a-3c1e0303a511, version 1.0
Description : Unknown RPC service
Annotation : IKE/Authip API
Type : Remote RPC service
TCP Port : 49154
IP : 10.31.112.21

Object UUID : 00000000-0000-0000-0000-000000000000
UUID : 552d076a-cb29-4e44-8b6a-d15e59e2c0af, version 1.0
Description : Unknown RPC service
Annotation : IP Transition Configuration endpoint
Type : Remote RPC service
TCP Port : 49154
IP : 10.31.112.21

Object UUID : 00000000-0000-0000-0000-000000000000
UUID : 98716d03-89ac-44c7-bb8c-285824e51c4a, version 1.0
Description : Unknown RPC service
Annotation : XactSrv service
Type : Remote RPC service
TCP Port : 49154
IP : 10.31.112.21

Object UUID : 73736573-6f69-656e-6e76-000000000000
UUID : c9ac6db5-82b7-4e55-ae8a-e464ed7b4277, version 1.0
Description : Unknown RPC service
Annotation : Impl friendly name
Type : Remote RPC service
TCP Port : 49154
IP : 10.31.112.21

Object UUID : 00000000-0000-0000-0000-000000000000
UUID : 30b044a5-a225-43f0-b3a4-e060df91f9c1, version 1.0
Description : Unknown RPC service
Type : Remote RPC service
TCP Port : 49154
IP : 10.31.112.21

","[]",0,"","2001-08-26","2012-01-31"
"nessus_sample_1.nessus","qa3app01","10.31.112.21","Microsoft Windows Server 2008 R2 Standard Service Pack 1",49174,"tcp","dce-rpc",0,10736,"DCE Services Enumeration","Windows","A DCE/RPC service is running on the remote host.","By sending a Lookup request to the portmapper (TCP 135 or epmapper PIPE) it was possible to enumerate the Distributed Computing Environment (DCE) services running on the remote port.
Using this information it is possible to connect and bind to each service by sending an RPC request to the remote port/pipe.","n/a","None","
The following DCERPC services are available on TCP port 49174 :

Object UUID : 00000000-0000-0000-0000-000000000000
UUID : 12345778-1234-abcd-ef00-0123456789ac, version 1.0
Description : Security Account Manager
Windows process : lsass.exe
Type : Remote RPC service
TCP Port : 49174
IP : 10.31.112.21

","[]",0,"","2001-08-26","2012-01-31"
"nessus_sample_1.nessus","qa3app01","10.31.112.21","Microsoft Windows Server 2008 R2 Standard Service Pack 1",445,"tcp","cifs",0,10736,"DCE Services Enumeration","Windows","A DCE/RPC service is running on the remote host.","By sending a Lookup request to the portmapper (TCP 135 or epmapper PIPE) it was possible to enumerate the Distributed Computing Environment (DCE) services running on the remote port.
Using this information it is possible to connect and bind to each service by sending an RPC request to the remote port/pipe.","n/a","None","
The following DCERPC services are available remotely :

Object UUID : 765294ba-60bc-48b8-92e9-89fd77769d91
UUID : d95afe70-a6d5-4259-822e-2c84da1ddb0d, version 1.0
Description : Unknown RPC service
Type : Remote RPC service
Named pipe : \PIPE\InitShutdown
Netbios name : \\QA3APP01

Object UUID : b08669ee-8cb5-43a5-a017-84fe00000000
UUID : 76f226c3-ec14-4325-8a99-6a46348418af, version 1.0
Description : Unknown RPC service
Type : Remote RPC service
Named pipe : \PIPE\InitShutdown
Netbios name : \\QA3APP01

Object UUID : 00000000-0000-0000-0000-000000000000
UUID : 12345778-1234-abcd-ef00-0123456789ac, version 1.0
Description : Security Account Manager
Windows process : lsass.exe
Type : Remote RPC service
Named pipe : \pipe\lsass
Netbios name : \\QA3APP01

Object UUID : 00000000-0000-0000-0000-000000000000
UUID : 12345778-1234-abcd-ef00-0123456789ac, version 1.0
Description : Security Account Manager
Windows process : lsass.exe
Type : Remote RPC service
Named pipe : \PIPE\protected_storage
Netbios name : \\QA3APP01

Object UUID : 00000000-0000-0000-0000-000000000000
UUID : 3473dd4d-2e88-4006-9cba-22570909dd10, version 5.0
Description : Unknown RPC service
Annotation : WinHttp Auto-Proxy Service
Type : Remote RPC service
Named pipe : \PIPE\W32TIME_ALT
Netbios name : \\QA3APP01

Object UUID : 00000000-0000-0000-0000-000000000000
UUID : 1ff70682-0a51-30e8-076d-740be8cee98b, version 1.0
Description : Scheduler Service
Windows process : svchost.exe
Type : Remote RPC service
Named pipe : \PIPE\atsvc
Netbios name : \\QA3APP01

Object UUID : 00000000-0000-0000-0000-000000000000
UUID : 378e52b0-c0a9-11cf-822d-00aa0051e40f, version 1.0
Description : Scheduler Service
Windows process : svchost.exe
Type : Remote RPC service
Named pipe : \PIPE\atsvc
Netbios name : \\QA3APP01

Object UUID : 00000000-0000-0000-0000-000000000000
UUID : 86d35949-83c9-4044-b424-db363231fd0c, version 1.0
Description : Unknown RPC service
Type : Remote RPC service
Named pipe : \PIPE\atsvc
Netbios name : \\QA3APP01

Object UUID : 00000000-0000-0000-0000-000000000000
UUID : a398e520-d59a-4bdd-aa7a-3c1e0303a511, version 1.0
Description : Unknown RPC service
Annotation : IKE/Authip API
Type : Remote RPC service
Named pipe : \PIPE\atsvc
Netbios name : \\QA3APP01

Object UUID : 00000000-0000-0000-0000-000000000000
UUID : 552d076a-cb29-4e44-8b6a-d15e59e2c0af, version 1.0
Description : Unknown RPC service
Annotation : IP Transition Configuration endpoint
Type : Remote RPC service
Named pipe : \PIPE\atsvc
Netbios name : \\QA3APP01

Object UUID : 00000000-0000-0000-0000-000000000000
UUID : 98716d03-89ac-44c7-bb8c-285824e51c4a, version 1.0
Description : Unknown RPC service
Annotation : XactSrv service
Type : Remote RPC service
Named pipe : \PIPE\atsvc
Netbios name : \\QA3APP01

Object UUID : 73736573-6f69-656e-6e76-000000000000
UUID : c9ac6db5-82b7-4e55-ae8a-e464ed7b4277, version 1.0
Description : Unknown RPC service
Annotation : Impl friendly name
Type : Remote RPC service
Named pipe : \PIPE\atsvc
Netbios name : \\QA3APP01

Object UUID : 73736573-6f69-656e-6e76-000000000000
UUID : c9ac6db5-82b7-4e55-ae8a-e464ed7b4277, version 1.0
Description : Unknown RPC service
Annotation : Impl friendly name
Type : Remote RPC service
Named pipe : \PIPE\srvsvc
Netbios name : \\QA3APP01

Object UUID : 00000000-0000-0000-0000-000000000000
UUID : 30b044a5-a225-43f0-b3a4-e060df91f9c1, version 1.0
Description : Unknown RPC service
Type : Remote RPC service
Named pipe : \PIPE\atsvc
Netbios name : \\QA3APP01

Object UUID : 00000000-0000-0000-0000-000000000000
UUID : 30b044a5-a225-43f0-b3a4-e060df91f9c1, version 1.0
Description : Unknown RPC service
Type : Remote RPC service
Named pipe : \PIPE\srvsvc
Netbios name : \\QA3APP01

Object UUID : 00000000-0000-0000-0000-000000000000
UUID : f6beaff7-1e19-4fbb-9f8f-b89e2018337c, version 1.0
Description : Unknown RPC service
Annotation : Event log TCPIP
Type : Remote RPC service
Named pipe : \pipe\eventlog
Netbios name : \\QA3APP01

Object UUID : 00000000-0000-0000-0000-000000000000
UUID : 30adc50c-5cbc-46ce-9a0e-91914789e23c, version 1.0
Description : Unknown RPC service
Annotation : NRP server endpoint
Type : Remote RPC service
Named pipe : \pipe\eventlog
Netbios name : \\QA3APP01

Object UUID : 00000000-0000-0000-0000-000000000000
UUID : 3c4728c5-f0ab-448b-bda1-6ce01eb0a6d6, version 1.0
Description : Unknown RPC service
Annotation : DHCPv6 Client LRPC Endpoint
Type : Remote RPC service
Named pipe : \pipe\eventlog
Netbios name : \\QA3APP01

Object UUID : 00000000-0000-0000-0000-000000000000
UUID : 3c4728c5-f0ab-448b-bda1-6ce01eb0a6d5, version 1.0
Description : DHCP Client Service
Windows process : svchost.exe
Annotation : DHCP Client LRPC Endpoint
Type : Remote RPC service
Named pipe : \pipe\eventlog
Netbios name : \\QA3APP01

","[]",0,"","2001-08-26","2012-01-31"
"nessus_sample_1.nessus","qa3app01","10.31.112.21","Microsoft Windows Server 2008 R2 Standard Service Pack 1",135,"tcp","epmap",0,10736,"DCE Services Enumeration","Windows","A DCE/RPC service is running on the remote host.","By sending a Lookup request to the portmapper (TCP 135 or epmapper PIPE) it was possible to enumerate the Distributed Computing Environment (DCE) services running on the remote port.
Using this information it is possible to connect and bind to each service by sending an RPC request to the remote port/pipe.","n/a","None","
The following DCERPC services are available locally :

Object UUID : 765294ba-60bc-48b8-92e9-89fd77769d91
UUID : d95afe70-a6d5-4259-822e-2c84da1ddb0d, version 1.0
Description : Unknown RPC service
Type : Local RPC service
Named pipe : WindowsShutdown

Object UUID : 765294ba-60bc-48b8-92e9-89fd77769d91
UUID : d95afe70-a6d5-4259-822e-2c84da1ddb0d, version 1.0
Description : Unknown RPC service
Type : Local RPC service
Named pipe : WMsgKRpc07E5C0

Object UUID : b08669ee-8cb5-43a5-a017-84fe00000000
UUID : 76f226c3-ec14-4325-8a99-6a46348418af, version 1.0
Description : Unknown RPC service
Type : Local RPC service
Named pipe : WindowsShutdown

Object UUID : b08669ee-8cb5-43a5-a017-84fe00000000
UUID : 76f226c3-ec14-4325-8a99-6a46348418af, version 1.0
Description : Unknown RPC service
Type : Local RPC service
Named pipe : WMsgKRpc07E5C0

Object UUID : 00000000-0000-0000-0000-000000000000
UUID : 3c4728c5-f0ab-448b-bda1-6ce01eb0a6d5, version 1.0
Description : DHCP Client Service
Windows process : svchost.exe
Annotation : DHCP Client LRPC Endpoint
Type : Local RPC service
Named pipe : dhcpcsvc

Object UUID : 00000000-0000-0000-0000-000000000000
UUID : 3c4728c5-f0ab-448b-bda1-6ce01eb0a6d5, version 1.0
Description : DHCP Client Service
Windows process : svchost.exe
Annotation : DHCP Client LRPC Endpoint
Type : Local RPC service
Named pipe : dhcpcsvc6

Object UUID : 3bdb59a0-d736-4d44-9074-c1ee00000001
UUID : 24019106-a203-4642-b88d-82dae9158929, version 1.0
Description : Unknown RPC service
Type : Local RPC service
Named pipe : LRPC-df443e89ecf8c15e6d

Object UUID : b08669ee-8cb5-43a5-a017-84fe00000001
UUID : 76f226c3-ec14-4325-8a99-6a46348418af, version 1.0
Description : Unknown RPC service
Type : Local RPC service
Named pipe : WMsgKRpc0386841

Object UUID : 6d726574-7273-0076-0000-000000000000
UUID : c9ac6db5-82b7-4e55-ae8a-e464ed7b4277, version 1.0
Description : Unknown RPC service
Annotation : Impl friendly name
Type : Local RPC service
Named pipe : LRPC-2f4f71aa232ed94199

Object UUID : 8c918689-bb45-4b71-8eff-4eab44b2e01d
UUID : 906b0ce0-c70b-1067-b317-00dd010662da, version 1.0
Description : Distributed Transaction Coordinator
Windows process : msdtc.exe
Type : Local RPC service
Named pipe : LRPC-d603871610f690971c

Object UUID : faabd54f-4428-4ba7-a096-a1b98a0fb0aa
UUID : 906b0ce0-c70b-1067-b317-00dd010662da, version 1.0
Description : Distributed Transaction Coordinator
Windows process : msdtc.exe
Type : Local RPC service
Named pipe : LRPC-d603871610f690971c

Object UUID : d0c76d63-b3e4-463a-a1a1-1a532d15c8fa
UUID : 906b0ce0-c70b-1067-b317-00dd010662da, version 1.0
Description : Distributed Transaction Coordinator
Windows process : msdtc.exe
Type : Local RPC service
Named pipe : LRPC-d603871610f690971c

Object UUID : 8e902a22-cc79-4b73-95d0-3dea45234aca
UUID : 906b0ce0-c70b-1067-b317-00dd010662da, version 1.0
Description : Distributed Transaction Coordinator
Windows process : msdtc.exe
Type : Local RPC service
Named pipe : LRPC-d603871610f690971c

Object UUID : f550e013-7e90-4af4-b0c7-ed54b5fc6e51
UUID : 906b0ce0-c70b-1067-b317-00dd010662da, version 1.0
Description : Distributed Transaction Coordinator
Windows process : msdtc.exe
Type : Local RPC service
Named pipe : OLE558D999F1ED44F9F88802972F642

Object UUID : f550e013-7e90-4af4-b0c7-ed54b5fc6e51
UUID : 906b0ce0-c70b-1067-b317-00dd010662da, version 1.0
Description : Distributed Transaction Coordinator
Windows process : msdtc.exe
Type : Local RPC service
Named pipe : LRPC-d217da6c46bd89bd1d

Object UUID : 00000000-0000-0000-0000-000000000000
UUID : 12345678-1234-abcd-ef00-0123456789ab, version 1.0
Description : IPsec Services (Windows XP & 2003)
Windows process : lsass.exe
Annotation : IPSec Policy agent endpoint
Type : Local RPC service
Named pipe : LRPC-3a8836ac77808ce09b

Object UUID : 00000000-0000-0000-0000-000000000000
UUID : 12345778-1234-abcd-ef00-0123456789ac, version 1.0
Description : Security Account Manager
Windows process : lsass.exe
Type : Local RPC service
Named pipe : LRPC-ec1a17ea2447be0719

Object UUID : 00000000-0000-0000-0000-000000000000
UUID : 12345778-1234-abcd-ef00-0123456789ac, version 1.0
Description : Security Account Manager
Windows process : lsass.exe
Type : Local RPC service
Named pipe : audit

Object UUID : 00000000-0000-0000-0000-000000000000
UUID : 12345778-1234-abcd-ef00-0123456789ac, version 1.0
Description : Security Account Manager
Windows process : lsass.exe
Type : Local RPC service
Named pipe : securityevent

Object UUID : 00000000-0000-0000-0000-000000000000
UUID : 12345778-1234-abcd-ef00-0123456789ac, version 1.0
Description : Security Account Manager
Windows process : lsass.exe
Type : Local RPC service
Named pipe : LSARPC_ENDPOINT

Object UUID : 00000000-0000-0000-0000-000000000000
UUID : 12345778-1234-abcd-ef00-0123456789ac, version 1.0
Description : Security Account Manager
Windows process : lsass.exe
Type : Local RPC service
Named pipe : lsapolicylookup

Object UUID : 00000000-0000-0000-0000-000000000000
UUID : 12345778-1234-abcd-ef00-0123456789ac, version 1.0
Description : Security Account Manager
Windows process : lsass.exe
Type : Local RPC service
Named pipe : lsasspirpc

Object UUID : 00000000-0000-0000-0000-000000000000
UUID : 12345778-1234-abcd-ef00-0123456789ac, version 1.0
Description : Security Account Manager
Windows process : lsass.exe
Type : Local RPC service
Named pipe : protected_storage

Object UUID : 00000000-0000-0000-0000-000000000000
UUID : 12345778-1234-abcd-ef00-0123456789ac, version 1.0
Description : Security Account Manager
Windows process : lsass.exe
Type : Local RPC service
Named pipe : dsrole

Object UUID : 00000000-0000-0000-0000-000000000000
UUID : 12345778-1234-abcd-ef00-0123456789ac, version 1.0
Description : Security Account Manager
Windows process : lsass.exe
Type : Local RPC service
Named pipe : samss lpc

Object UUID : 00000000-0000-0000-0000-000000000000
UUID : 0b6edbfa-4a24-4fc6-8a23-942b1eca65d1, version 1.0
Description : Unknown RPC service
Annotation : Spooler function endpoint
Type : Local RPC service
Named pipe : spoolss

Object UUID : 00000000-0000-0000-0000-000000000000
UUID : ae33069b-a2a8-46ee-a235-ddfd339be281, version 1.0
Description : Unknown RPC service
Annotation : Spooler base remote object endpoint
Type : Local RPC service
Named pipe : spoolss

Object UUID : 00000000-0000-0000-0000-000000000000
UUID : 4a452661-8290-4b36-8fbe-7f4093a94978, version 1.0
Description : Unknown RPC service
Annotation : Spooler function endpoint
Type : Local RPC service
Named pipe : spoolss

Object UUID : 00000000-0000-0000-0000-000000000000
UUID : dd490425-5325-4565-b774-7e27d6c09c24, version 1.0
Description : Unknown RPC service
Annotation : Base Firewall Engine API
Type : Local RPC service
Named pipe : LRPC-163d12dace17bd218f

Object UUID : 00000000-0000-0000-0000-000000000000
UUID : 7f9d11bf-7fb9-436b-a812-b2d50c5d4c03, version 1.0
Description : Unknown RPC service
Annotation : Fw APIs
Type : Local RPC service
Named pipe : LRPC-163d12dace17bd218f

Object UUID : 00000000-0000-0000-0000-000000000000
UUID : 2fb92682-6599-42dc-ae13-bd2ca89bd11c, version 1.0
Description : Unknown RPC service
Annotation : Fw APIs
Type : Local RPC service
Named pipe : LRPC-163d12dace17bd218f

Object UUID : 00000000-0000-0000-0000-000000000000
UUID : 7ea70bcf-48af-4f6a-8968-6a440754d5fa, version 1.0
Description : Unknown RPC service
Annotation : NSI server endpoint
Type : Local RPC service
Named pipe : OLE17584212A1D44C5494A3A1EF3393

Object UUID : 00000000-0000-0000-0000-000000000000
UUID : 7ea70bcf-48af-4f6a-8968-6a440754d5fa, version 1.0
Description : Unknown RPC service
Annotation : NSI server endpoint
Type : Local RPC service
Named pipe : LRPC-6fbcdbc93ad48fa988

Object UUID : 00000000-0000-0000-0000-000000000000
UUID : 3473dd4d-2e88-4006-9cba-22570909dd10, version 5.0
Description : Unknown RPC service
Annotation : WinHttp Auto-Proxy Service
Type : Local RPC service
Named pipe : OLE17584212A1D44C5494A3A1EF3393

Object UUID : 00000000-0000-0000-0000-000000000000
UUID : 3473dd4d-2e88-4006-9cba-22570909dd10, version 5.0
Description : Unknown RPC service
Annotation : WinHttp Auto-Proxy Service
Type : Local RPC service
Named pipe : LRPC-6fbcdbc93ad48fa988

Object UUID : 00000000-0000-0000-0000-000000000000
UUID : 3473dd4d-2e88-4006-9cba-22570909dd10, version 5.0
Description : Unknown RPC service
Annotation : WinHttp Auto-Proxy Service
Type : Local RPC service
Named pipe : W32TIME_ALT

Object UUID : 666f7270-6c69-7365-0000-000000000000
UUID : c9ac6db5-82b7-4e55-ae8a-e464ed7b4277, version 1.0
Description : Unknown RPC service
Annotation : Impl friendly name
Type : Local RPC service
Named pipe : IUserProfile2

Object UUID : 6c637067-6569-746e-0000-000000000000
UUID : c9ac6db5-82b7-4e55-ae8a-e464ed7b4277, version 1.0
Description : Unknown RPC service
Annotation : Impl friendly name
Type : Local RPC service
Named pipe : IUserProfile2

Object UUID : 24d1f7c7-76af-4f28-9ccd-7f6cb6468601
UUID : 2eb08e3e-639f-4fba-97b1-14f878961076, version 1.0
Description : Unknown RPC service
Type : Local RPC service
Named pipe : IUserProfile2

Object UUID : 736e6573-0000-0000-0000-000000000000
UUID : c9ac6db5-82b7-4e55-ae8a-e464ed7b4277, version 1.0
Description : Unknown RPC service
Annotation : Impl friendly name
Type : Local RPC service
Named pipe : IUserProfile2

Object UUID : 736e6573-0000-0000-0000-000000000000
UUID : c9ac6db5-82b7-4e55-ae8a-e464ed7b4277, version 1.0
Description : Unknown RPC service
Annotation : Impl friendly name
Type : Local RPC service
Named pipe : OLE6E49FAF9983E446E92AE98F45316

Object UUID : 736e6573-0000-0000-0000-000000000000
UUID : c9ac6db5-82b7-4e55-ae8a-e464ed7b4277, version 1.0
Description : Unknown RPC service
Annotation : Impl friendly name
Type : Local RPC service
Named pipe : senssvc

Object UUID : 00000000-0000-0000-0000-000000000000
UUID : 0a74ef1c-41a4-4e06-83ae-dc74fb1cdd53, version 1.0
Description : Scheduler Service
Windows process : svchost.exe
Type : Local RPC service
Named pipe : IUserProfile2

Object UUID : 00000000-0000-0000-0000-000000000000
UUID : 0a74ef1c-41a4-4e06-83ae-dc74fb1cdd53, version 1.0
Description : Scheduler Service
Windows process : svchost.exe
Type : Local RPC service
Named pipe : OLE6E49FAF9983E446E92AE98F45316

Object UUID : 00000000-0000-0000-0000-000000000000
UUID : 0a74ef1c-41a4-4e06-83ae-dc74fb1cdd53, version 1.0
Description : Scheduler Service
Windows process : svchost.exe
Type : Local RPC service
Named pipe : senssvc

Object UUID : 00000000-0000-0000-0000-000000000000
UUID : 1ff70682-0a51-30e8-076d-740be8cee98b, version 1.0
Description : Scheduler Service
Windows process : svchost.exe
Type : Local RPC service
Named pipe : IUserProfile2

Object UUID : 00000000-0000-0000-0000-000000000000
UUID : 1ff70682-0a51-30e8-076d-740be8cee98b, version 1.0
Description : Scheduler Service
Windows process : svchost.exe
Type : Local RPC service
Named pipe : OLE6E49FAF9983E446E92AE98F45316

Object UUID : 00000000-0000-0000-0000-000000000000
UUID : 1ff70682-0a51-30e8-076d-740be8cee98b, version 1.0
Description : Scheduler Service
Windows process : svchost.exe
Type : Local RPC service
Named pipe : senssvc

Object UUID : 00000000-0000-0000-0000-000000000000
UUID : 378e52b0-c0a9-11cf-822d-00aa0051e40f, version 1.0
Description : Scheduler Service
Windows process : svchost.exe
Type : Local RPC service
Named pipe : IUserProfile2

Object UUID : 00000000-0000-0000-0000-000000000000
UUID : 378e52b0-c0a9-11cf-822d-00aa0051e40f, version 1.0
Description : Scheduler Service
Windows process : svchost.exe
Type : Local RPC service
Named pipe : OLE6E49FAF9983E446E92AE98F45316

Object UUID : 00000000-0000-0000-0000-000000000000
UUID : 378e52b0-c0a9-11cf-822d-00aa0051e40f, version 1.0
Description : Scheduler Service
Windows process : svchost.exe
Type : Local RPC service
Named pipe : senssvc

Object UUID : 00000000-0000-0000-0000-000000000000
UUID : 86d35949-83c9-4044-b424-db363231fd0c, version 1.0
Description : Unknown RPC service
Type : Local RPC service
Named pipe : IUserProfile2

Object UUID : 00000000-0000-0000-0000-000000000000
UUID : 86d35949-83c9-4044-b424-db363231fd0c, version 1.0
Description : Unknown RPC service
Type : Local RPC service
Named pipe : OLE6E49FAF9983E446E92AE98F45316

Object UUID : 00000000-0000-0000-0000-000000000000
UUID : 86d35949-83c9-4044-b424-db363231fd0c, version 1.0
Description : Unknown RPC service
Type : Local RPC service
Named pipe : senssvc

Object UUID : 00000000-0000-0000-0000-000000000000
UUID : a398e520-d59a-4bdd-aa7a-3c1e0303a511, version 1.0
Description : Unknown RPC service
Annotation : IKE/Authip API
Type : Local RPC service
Named pipe : IUserProfile2

Object UUID : 00000000-0000-0000-0000-000000000000
UUID : a398e520-d59a-4bdd-aa7a-3c1e0303a511, version 1.0
Description : Unknown RPC service
Annotation : IKE/Authip API
Type : Local RPC service
Named pipe : OLE6E49FAF9983E446E92AE98F45316

Object UUID : 00000000-0000-0000-0000-000000000000
UUID : a398e520-d59a-4bdd-aa7a-3c1e0303a511, version 1.0
Description : Unknown RPC service
Annotation : IKE/Authip API
Type : Local RPC service
Named pipe : senssvc

Object UUID : 00000000-0000-0000-0000-000000000000
UUID : 552d076a-cb29-4e44-8b6a-d15e59e2c0af, version 1.0
Description : Unknown RPC service
Annotation : IP Transition Configuration endpoint
Type : Local RPC service
Named pipe : IUserProfile2

Object UUID : 00000000-0000-0000-0000-000000000000
UUID : 552d076a-cb29-4e44-8b6a-d15e59e2c0af, version 1.0
Description : Unknown RPC service
Annotation : IP Transition Configuration endpoint
Type : Local RPC service
Named pipe : OLE6E49FAF9983E446E92AE98F45316

Object UUID : 00000000-0000-0000-0000-000000000000
UUID : 552d076a-cb29-4e44-8b6a-d15e59e2c0af, version 1.0
Description : Unknown RPC service
Annotation : IP Transition Configuration endpoint
Type : Local RPC service
Named pipe : senssvc

Object UUID : 00000000-0000-0000-0000-000000000000
UUID : 98716d03-89ac-44c7-bb8c-285824e51c4a, version 1.0
Description : Unknown RPC service
Annotation : XactSrv service
Type : Local RPC service
Named pipe : IUserProfile2

Object UUID : 00000000-0000-0000-0000-000000000000
UUID : 98716d03-89ac-44c7-bb8c-285824e51c4a, version 1.0
Description : Unknown RPC service
Annotation : XactSrv service
Type : Local RPC service
Named pipe : OLE6E49FAF9983E446E92AE98F45316

Object UUID : 00000000-0000-0000-0000-000000000000
UUID : 98716d03-89ac-44c7-bb8c-285824e51c4a, version 1.0
Description : Unknown RPC service
Annotation : XactSrv service
Type : Local RPC service
Named pipe : senssvc

Object UUID : 73736573-6f69-656e-6e76-000000000000
UUID : c9ac6db5-82b7-4e55-ae8a-e464ed7b4277, version 1.0
Description : Unknown RPC service
Annotation : Impl friendly name
Type : Local RPC service
Named pipe : IUserProfile2

Object UUID : 73736573-6f69-656e-6e76-000000000000
UUID : c9ac6db5-82b7-4e55-ae8a-e464ed7b4277, version 1.0
Description : Unknown RPC service
Annotation : Impl friendly name
Type : Local RPC service
Named pipe : OLE6E49FAF9983E446E92AE98F45316

Object UUID : 73736573-6f69-656e-6e76-000000000000
UUID : c9ac6db5-82b7-4e55-ae8a-e464ed7b4277, version 1.0
Description : Unknown RPC service
Annotation : Impl friendly name
Type : Local RPC service
Named pipe : senssvc

Object UUID : 00000000-0000-0000-0000-000000000000
UUID : 30b044a5-a225-43f0-b3a4-e060df91f9c1, version 1.0
Description : Unknown RPC service
Type : Local RPC service
Named pipe : IUserProfile2

Object UUID : 00000000-0000-0000-0000-000000000000
UUID : 30b044a5-a225-43f0-b3a4-e060df91f9c1, version 1.0
Description : Unknown RPC service
Type : Local RPC service
Named pipe : OLE6E49FAF9983E446E92AE98F45316

Object UUID : 00000000-0000-0000-0000-000000000000
UUID : 30b044a5-a225-43f0-b3a4-e060df91f9c1, version 1.0
Description : Unknown RPC service
Type : Local RPC service
Named pipe : senssvc

Object UUID : 00000000-0000-0000-0000-000000000000
UUID : f6beaff7-1e19-4fbb-9f8f-b89e2018337c, version 1.0
Description : Unknown RPC service
Annotation : Event log TCPIP
Type : Local RPC service
Named pipe : eventlog

Object UUID : 00000000-0000-0000-0000-000000000000
UUID : 30adc50c-5cbc-46ce-9a0e-91914789e23c, version 1.0
Description : Unknown RPC service
Annotation : NRP server endpoint
Type : Local RPC service
Named pipe : eventlog

Object UUID : 00000000-0000-0000-0000-000000000000
UUID : 3c4728c5-f0ab-448b-bda1-6ce01eb0a6d6, version 1.0
Description : Unknown RPC service
Annotation : DHCPv6 Client LRPC Endpoint
Type : Local RPC service
Named pipe : eventlog

Object UUID : 00000000-0000-0000-0000-000000000000
UUID : 3c4728c5-f0ab-448b-bda1-6ce01eb0a6d6, version 1.0
Description : Unknown RPC service
Annotation : DHCPv6 Client LRPC Endpoint
Type : Local RPC service
Named pipe : dhcpcsvc6

Object UUID : 00000000-0000-0000-0000-000000000000
UUID : 3c4728c5-f0ab-448b-bda1-6ce01eb0a6d5, version 1.0
Description : DHCP Client Service
Windows process : svchost.exe
Annotation : DHCP Client LRPC Endpoint
Type : Local RPC service
Named pipe : eventlog

","[]",0,"","2001-08-26","2012-01-31"
"nessus_sample_1.nessus","qa3app02","10.31.112.22","Microsoft Windows Server 2008 R2 Standard Service Pack 1",49152,"tcp","dce-rpc",0,10736,"DCE Services Enumeration","Windows","A DCE/RPC service is running on the remote host.","By sending a Lookup request to the portmapper (TCP 135 or epmapper PIPE) it was possible to enumerate the Distributed Computing Environment (DCE) services running on the remote port.
Using this information it is possible to connect and bind to each service by sending an RPC request to the remote port/pipe.","n/a","None","
The following DCERPC services are available on TCP port 49152 :

Object UUID : 765294ba-60bc-48b8-92e9-89fd77769d91
UUID : d95afe70-a6d5-4259-822e-2c84da1ddb0d, version 1.0
Description : Unknown RPC service
Type : Remote RPC service
TCP Port : 49152
IP : 10.31.112.22

","[]",0,"","2001-08-26","2012-01-31"
"nessus_sample_1.nessus","qa3app02","10.31.112.22","Microsoft Windows Server 2008 R2 Standard Service Pack 1",49153,"tcp","dce-rpc",0,10736,"DCE Services Enumeration","Windows","A DCE/RPC service is running on the remote host.","By sending a Lookup request to the portmapper (TCP 135 or epmapper PIPE) it was possible to enumerate the Distributed Computing Environment (DCE) services running on the remote port.
Using this information it is possible to connect and bind to each service by sending an RPC request to the remote port/pipe.","n/a","None","
The following DCERPC services are available on TCP port 49153 :

Object UUID : 00000000-0000-0000-0000-000000000000
UUID : 3c4728c5-f0ab-448b-bda1-6ce01eb0a6d5, version 1.0
Description : DHCP Client Service
Windows process : svchost.exe
Annotation : DHCP Client LRPC Endpoint
Type : Remote RPC service
TCP Port : 49153
IP : 10.31.112.22

Object UUID : 00000000-0000-0000-0000-000000000000
UUID : f6beaff7-1e19-4fbb-9f8f-b89e2018337c, version 1.0
Description : Unknown RPC service
Annotation : Event log TCPIP
Type : Remote RPC service
TCP Port : 49153
IP : 10.31.112.22

Object UUID : 00000000-0000-0000-0000-000000000000
UUID : 30adc50c-5cbc-46ce-9a0e-91914789e23c, version 1.0
Description : Unknown RPC service
Annotation : NRP server endpoint
Type : Remote RPC service
TCP Port : 49153
IP : 10.31.112.22

Object UUID : 00000000-0000-0000-0000-000000000000
UUID : 3c4728c5-f0ab-448b-bda1-6ce01eb0a6d6, version 1.0
Description : Unknown RPC service
Annotation : DHCPv6 Client LRPC Endpoint
Type : Remote RPC service
TCP Port : 49153
IP : 10.31.112.22

","[]",0,"","2001-08-26","2012-01-31"
"nessus_sample_1.nessus","qa3app02","10.31.112.22","Microsoft Windows Server 2008 R2 Standard Service Pack 1",49188,"tcp","dce-rpc",0,10736,"DCE Services Enumeration","Windows","A DCE/RPC service is running on the remote host.","By sending a Lookup request to the portmapper (TCP 135 or epmapper PIPE) it was possible to enumerate the Distributed Computing Environment (DCE) services running on the remote port.
Using this information it is possible to connect and bind to each service by sending an RPC request to the remote port/pipe.","n/a","None","
The following DCERPC services are available on TCP port 49188 :

Object UUID : 00000000-0000-0000-0000-000000000000
UUID : 12345778-1234-abcd-ef00-0123456789ac, version 1.0
Description : Security Account Manager
Windows process : lsass.exe
Type : Remote RPC service
TCP Port : 49188
IP : 10.31.112.22

","[]",0,"","2001-08-26","2012-01-31"
"nessus_sample_1.nessus","qa3app02","10.31.112.22","Microsoft Windows Server 2008 R2 Standard Service Pack 1",49154,"tcp","dce-rpc",0,10736,"DCE Services Enumeration","Windows","A DCE/RPC service is running on the remote host.","By sending a Lookup request to the portmapper (TCP 135 or epmapper PIPE) it was possible to enumerate the Distributed Computing Environment (DCE) services running on the remote port.
Using this information it is possible to connect and bind to each service by sending an RPC request to the remote port/pipe.","n/a","None","
The following DCERPC services are available on TCP port 49154 :

Object UUID : 00000000-0000-0000-0000-000000000000
UUID : 86d35949-83c9-4044-b424-db363231fd0c, version 1.0
Description : Unknown RPC service
Type : Remote RPC service
TCP Port : 49154
IP : 10.31.112.22

Object UUID : 00000000-0000-0000-0000-000000000000
UUID : a398e520-d59a-4bdd-aa7a-3c1e0303a511, version 1.0
Description : Unknown RPC service
Annotation : IKE/Authip API
Type : Remote RPC service
TCP Port : 49154
IP : 10.31.112.22

Object UUID : 00000000-0000-0000-0000-000000000000
UUID : 552d076a-cb29-4e44-8b6a-d15e59e2c0af, version 1.0
Description : Unknown RPC service
Annotation : IP Transition Configuration endpoint
Type : Remote RPC service
TCP Port : 49154
IP : 10.31.112.22

Object UUID : 00000000-0000-0000-0000-000000000000
UUID : 98716d03-89ac-44c7-bb8c-285824e51c4a, version 1.0
Description : Unknown RPC service
Annotation : XactSrv service
Type : Remote RPC service
TCP Port : 49154
IP : 10.31.112.22

Object UUID : 73736573-6f69-656e-6e76-000000000000
UUID : c9ac6db5-82b7-4e55-ae8a-e464ed7b4277, version 1.0
Description : Unknown RPC service
Annotation : Impl friendly name
Type : Remote RPC service
TCP Port : 49154
IP : 10.31.112.22

Object UUID : 00000000-0000-0000-0000-000000000000
UUID : 30b044a5-a225-43f0-b3a4-e060df91f9c1, version 1.0
Description : Unknown RPC service
Type : Remote RPC service
TCP Port : 49154
IP : 10.31.112.22

","[]",0,"","2001-08-26","2012-01-31"
"nessus_sample_1.nessus","qa3app02","10.31.112.22","Microsoft Windows Server 2008 R2 Standard Service Pack 1",49156,"tcp","dce-rpc",0,10736,"DCE Services Enumeration","Windows","A DCE/RPC service is running on the remote host.","By sending a Lookup request to the portmapper (TCP 135 or epmapper PIPE) it was possible to enumerate the Distributed Computing Environment (DCE) services running on the remote port.
Using this information it is possible to connect and bind to each service by sending an RPC request to the remote port/pipe.","n/a","None","
The following DCERPC services are available on TCP port 49156 :

Object UUID : 00000000-0000-0000-0000-000000000000
UUID : 6b5bdd1e-528c-422c-af8c-a4079be4fe48, version 1.0
Description : Unknown RPC service
Annotation : Remote Fw APIs
Type : Remote RPC service
TCP Port : 49156
IP : 10.31.112.22

Object UUID : 00000000-0000-0000-0000-000000000000
UUID : 12345678-1234-abcd-ef00-0123456789ab, version 1.0
Description : IPsec Services (Windows XP & 2003)
Windows process : lsass.exe
Annotation : IPSec Policy agent endpoint
Type : Remote RPC service
TCP Port : 49156
IP : 10.31.112.22

","[]",0,"","2001-08-26","2012-01-31"
"nessus_sample_1.nessus","qa3app02","10.31.112.22","Microsoft Windows Server 2008 R2 Standard Service Pack 1",49155,"tcp","dce-rpc",0,10736,"DCE Services Enumeration","Windows","A DCE/RPC service is running on the remote host.","By sending a Lookup request to the portmapper (TCP 135 or epmapper PIPE) it was possible to enumerate the Distributed Computing Environment (DCE) services running on the remote port.
Using this information it is possible to connect and bind to each service by sending an RPC request to the remote port/pipe.","n/a","None","
The following DCERPC services are available on TCP port 49155 :

Object UUID : 00000000-0000-0000-0000-000000000000
UUID : 367abb81-9844-35f1-ad32-98f038001003, version 2.0
Description : Unknown RPC service
Type : Remote RPC service
TCP Port : 49155
IP : 10.31.112.22

","[]",0,"","2001-08-26","2012-01-31"
"nessus_sample_1.nessus","qa3app02","10.31.112.22","Microsoft Windows Server 2008 R2 Standard Service Pack 1",445,"tcp","cifs",0,10736,"DCE Services Enumeration","Windows","A DCE/RPC service is running on the remote host.","By sending a Lookup request to the portmapper (TCP 135 or epmapper PIPE) it was possible to enumerate the Distributed Computing Environment (DCE) services running on the remote port.
Using this information it is possible to connect and bind to each service by sending an RPC request to the remote port/pipe.","n/a","None","
The following DCERPC services are available remotely :

Object UUID : 765294ba-60bc-48b8-92e9-89fd77769d91
UUID : d95afe70-a6d5-4259-822e-2c84da1ddb0d, version 1.0
Description : Unknown RPC service
Type : Remote RPC service
Named pipe : \PIPE\InitShutdown
Netbios name : \\QA3APP02

Object UUID : b08669ee-8cb5-43a5-a017-84fe00000000
UUID : 76f226c3-ec14-4325-8a99-6a46348418af, version 1.0
Description : Unknown RPC service
Type : Remote RPC service
Named pipe : \PIPE\InitShutdown
Netbios name : \\QA3APP02

Object UUID : 00000000-0000-0000-0000-000000000000
UUID : 12345778-1234-abcd-ef00-0123456789ac, version 1.0
Description : Security Account Manager
Windows process : lsass.exe
Type : Remote RPC service
Named pipe : \pipe\lsass
Netbios name : \\QA3APP02

Object UUID : 00000000-0000-0000-0000-000000000000
UUID : 12345778-1234-abcd-ef00-0123456789ac, version 1.0
Description : Security Account Manager
Windows process : lsass.exe
Type : Remote RPC service
Named pipe : \PIPE\protected_storage
Netbios name : \\QA3APP02

Object UUID : 00000000-0000-0000-0000-000000000000
UUID : 3473dd4d-2e88-4006-9cba-22570909dd10, version 5.0
Description : Unknown RPC service
Annotation : WinHttp Auto-Proxy Service
Type : Remote RPC service
Named pipe : \PIPE\W32TIME_ALT
Netbios name : \\QA3APP02

Object UUID : 00000000-0000-0000-0000-000000000000
UUID : 1ff70682-0a51-30e8-076d-740be8cee98b, version 1.0
Description : Scheduler Service
Windows process : svchost.exe
Type : Remote RPC service
Named pipe : \PIPE\atsvc
Netbios name : \\QA3APP02

Object UUID : 00000000-0000-0000-0000-000000000000
UUID : 378e52b0-c0a9-11cf-822d-00aa0051e40f, version 1.0
Description : Scheduler Service
Windows process : svchost.exe
Type : Remote RPC service
Named pipe : \PIPE\atsvc
Netbios name : \\QA3APP02

Object UUID : 00000000-0000-0000-0000-000000000000
UUID : 86d35949-83c9-4044-b424-db363231fd0c, version 1.0
Description : Unknown RPC service
Type : Remote RPC service
Named pipe : \PIPE\atsvc
Netbios name : \\QA3APP02

Object UUID : 00000000-0000-0000-0000-000000000000
UUID : a398e520-d59a-4bdd-aa7a-3c1e0303a511, version 1.0
Description : Unknown RPC service
Annotation : IKE/Authip API
Type : Remote RPC service
Named pipe : \PIPE\atsvc
Netbios name : \\QA3APP02

Object UUID : 00000000-0000-0000-0000-000000000000
UUID : 552d076a-cb29-4e44-8b6a-d15e59e2c0af, version 1.0
Description : Unknown RPC service
Annotation : IP Transition Configuration endpoint
Type : Remote RPC service
Named pipe : \PIPE\atsvc
Netbios name : \\QA3APP02

Object UUID : 00000000-0000-0000-0000-000000000000
UUID : 98716d03-89ac-44c7-bb8c-285824e51c4a, version 1.0
Description : Unknown RPC service
Annotation : XactSrv service
Type : Remote RPC service
Named pipe : \PIPE\atsvc
Netbios name : \\QA3APP02

Object UUID : 73736573-6f69-656e-6e76-000000000000
UUID : c9ac6db5-82b7-4e55-ae8a-e464ed7b4277, version 1.0
Description : Unknown RPC service
Annotation : Impl friendly name
Type : Remote RPC service
Named pipe : \PIPE\atsvc
Netbios name : \\QA3APP02

Object UUID : 73736573-6f69-656e-6e76-000000000000
UUID : c9ac6db5-82b7-4e55-ae8a-e464ed7b4277, version 1.0
Description : Unknown RPC service
Annotation : Impl friendly name
Type : Remote RPC service
Named pipe : \PIPE\srvsvc
Netbios name : \\QA3APP02

Object UUID : 00000000-0000-0000-0000-000000000000
UUID : 30b044a5-a225-43f0-b3a4-e060df91f9c1, version 1.0
Description : Unknown RPC service
Type : Remote RPC service
Named pipe : \PIPE\atsvc
Netbios name : \\QA3APP02

Object UUID : 00000000-0000-0000-0000-000000000000
UUID : 30b044a5-a225-43f0-b3a4-e060df91f9c1, version 1.0
Description : Unknown RPC service
Type : Remote RPC service
Named pipe : \PIPE\srvsvc
Netbios name : \\QA3APP02

Object UUID : 00000000-0000-0000-0000-000000000000
UUID : f6beaff7-1e19-4fbb-9f8f-b89e2018337c, version 1.0
Description : Unknown RPC service
Annotation : Event log TCPIP
Type : Remote RPC service
Named pipe : \pipe\eventlog
Netbios name : \\QA3APP02

Object UUID : 00000000-0000-0000-0000-000000000000
UUID : 30adc50c-5cbc-46ce-9a0e-91914789e23c, version 1.0
Description : Unknown RPC service
Annotation : NRP server endpoint
Type : Remote RPC service
Named pipe : \pipe\eventlog
Netbios name : \\QA3APP02

Object UUID : 00000000-0000-0000-0000-000000000000
UUID : 3c4728c5-f0ab-448b-bda1-6ce01eb0a6d6, version 1.0
Description : Unknown RPC service
Annotation : DHCPv6 Client LRPC Endpoint
Type : Remote RPC service
Named pipe : \pipe\eventlog
Netbios name : \\QA3APP02

Object UUID : 00000000-0000-0000-0000-000000000000
UUID : 3c4728c5-f0ab-448b-bda1-6ce01eb0a6d5, version 1.0
Description : DHCP Client Service
Windows process : svchost.exe
Annotation : DHCP Client LRPC Endpoint
Type : Remote RPC service
Named pipe : \pipe\eventlog
Netbios name : \\QA3APP02

","[]",0,"","2001-08-26","2012-01-31"
"nessus_sample_1.nessus","qa3app02","10.31.112.22","Microsoft Windows Server 2008 R2 Standard Service Pack 1",135,"tcp","epmap",0,10736,"DCE Services Enumeration","Windows","A DCE/RPC service is running on the remote host.","By sending a Lookup request to the portmapper (TCP 135 or epmapper PIPE) it was possible to enumerate the Distributed Computing Environment (DCE) services running on the remote port.
Using this information it is possible to connect and bind to each service by sending an RPC request to the remote port/pipe.","n/a","None","
The following DCERPC services are available locally :

Object UUID : 765294ba-60bc-48b8-92e9-89fd77769d91
UUID : d95afe70-a6d5-4259-822e-2c84da1ddb0d, version 1.0
Description : Unknown RPC service
Type : Local RPC service
Named pipe : WindowsShutdown

Object UUID : 765294ba-60bc-48b8-92e9-89fd77769d91
UUID : d95afe70-a6d5-4259-822e-2c84da1ddb0d, version 1.0
Description : Unknown RPC service
Type : Local RPC service
Named pipe : WMsgKRpc07EDB0

Object UUID : b08669ee-8cb5-43a5-a017-84fe00000000
UUID : 76f226c3-ec14-4325-8a99-6a46348418af, version 1.0
Description : Unknown RPC service
Type : Local RPC service
Named pipe : WindowsShutdown

Object UUID : b08669ee-8cb5-43a5-a017-84fe00000000
UUID : 76f226c3-ec14-4325-8a99-6a46348418af, version 1.0
Description : Unknown RPC service
Type : Local RPC service
Named pipe : WMsgKRpc07EDB0

Object UUID : 00000000-0000-0000-0000-000000000000
UUID : 3c4728c5-f0ab-448b-bda1-6ce01eb0a6d5, version 1.0
Description : DHCP Client Service
Windows process : svchost.exe
Annotation : DHCP Client LRPC Endpoint
Type : Local RPC service
Named pipe : dhcpcsvc

Object UUID : 00000000-0000-0000-0000-000000000000
UUID : 3c4728c5-f0ab-448b-bda1-6ce01eb0a6d5, version 1.0
Description : DHCP Client Service
Windows process : svchost.exe
Annotation : DHCP Client LRPC Endpoint
Type : Local RPC service
Named pipe : dhcpcsvc6

Object UUID : 00000000-0000-0000-0000-000000000000
UUID : 12345778-1234-abcd-ef00-0123456789ac, version 1.0
Description : Security Account Manager
Windows process : lsass.exe
Type : Local RPC service
Named pipe : LRPC-eeb720d97c5ca4a9b8

Object UUID : 00000000-0000-0000-0000-000000000000
UUID : 12345778-1234-abcd-ef00-0123456789ac, version 1.0
Description : Security Account Manager
Windows process : lsass.exe
Type : Local RPC service
Named pipe : audit

Object UUID : 00000000-0000-0000-0000-000000000000
UUID : 12345778-1234-abcd-ef00-0123456789ac, version 1.0
Description : Security Account Manager
Windows process : lsass.exe
Type : Local RPC service
Named pipe : securityevent

Object UUID : 00000000-0000-0000-0000-000000000000
UUID : 12345778-1234-abcd-ef00-0123456789ac, version 1.0
Description : Security Account Manager
Windows process : lsass.exe
Type : Local RPC service
Named pipe : LSARPC_ENDPOINT

Object UUID : 00000000-0000-0000-0000-000000000000
UUID : 12345778-1234-abcd-ef00-0123456789ac, version 1.0
Description : Security Account Manager
Windows process : lsass.exe
Type : Local RPC service
Named pipe : lsapolicylookup

Object UUID : 00000000-0000-0000-0000-000000000000
UUID : 12345778-1234-abcd-ef00-0123456789ac, version 1.0
Description : Security Account Manager
Windows process : lsass.exe
Type : Local RPC service
Named pipe : lsasspirpc

Object UUID : 00000000-0000-0000-0000-000000000000
UUID : 12345778-1234-abcd-ef00-0123456789ac, version 1.0
Description : Security Account Manager
Windows process : lsass.exe
Type : Local RPC service
Named pipe : protected_storage

Object UUID : 00000000-0000-0000-0000-000000000000
UUID : 12345778-1234-abcd-ef00-0123456789ac, version 1.0
Description : Security Account Manager
Windows process : lsass.exe
Type : Local RPC service
Named pipe : dsrole

Object UUID : 00000000-0000-0000-0000-000000000000
UUID : 12345778-1234-abcd-ef00-0123456789ac, version 1.0
Description : Security Account Manager
Windows process : lsass.exe
Type : Local RPC service
Named pipe : samss lpc

Object UUID : 3bdb59a0-d736-4d44-9074-c1ee00000001
UUID : 24019106-a203-4642-b88d-82dae9158929, version 1.0
Description : Unknown RPC service
Type : Local RPC service
Named pipe : LRPC-d18362d79e7c361549

Object UUID : b08669ee-8cb5-43a5-a017-84fe00000001
UUID : 76f226c3-ec14-4325-8a99-6a46348418af, version 1.0
Description : Unknown RPC service
Type : Local RPC service
Named pipe : WMsgKRpc033B7D1

Object UUID : 6d726574-7273-0076-0000-000000000000
UUID : c9ac6db5-82b7-4e55-ae8a-e464ed7b4277, version 1.0
Description : Unknown RPC service
Annotation : Impl friendly name
Type : Local RPC service
Named pipe : LRPC-a27e54eed83bf938d7

Object UUID : 283aaff4-5f60-46df-aa21-95466d1abbff
UUID : 906b0ce0-c70b-1067-b317-00dd010662da, version 1.0
Description : Distributed Transaction Coordinator
Windows process : msdtc.exe
Type : Local RPC service
Named pipe : LRPC-206d529862ba1fa65a

Object UUID : b98fdfdd-5078-4409-8e9f-46b41bc8828d
UUID : 906b0ce0-c70b-1067-b317-00dd010662da, version 1.0
Description : Distributed Transaction Coordinator
Windows process : msdtc.exe
Type : Local RPC service
Named pipe : LRPC-206d529862ba1fa65a

Object UUID : d25b706e-5e05-4091-a605-1bd50b5860f5
UUID : 906b0ce0-c70b-1067-b317-00dd010662da, version 1.0
Description : Distributed Transaction Coordinator
Windows process : msdtc.exe
Type : Local RPC service
Named pipe : LRPC-206d529862ba1fa65a

Object UUID : 1c6fbc93-987c-4f26-93c4-e7dadefe7cca
UUID : 906b0ce0-c70b-1067-b317-00dd010662da, version 1.0
Description : Distributed Transaction Coordinator
Windows process : msdtc.exe
Type : Local RPC service
Named pipe : LRPC-206d529862ba1fa65a

Object UUID : 11417663-06f4-4011-8b7d-c2012591e9c2
UUID : 906b0ce0-c70b-1067-b317-00dd010662da, version 1.0
Description : Distributed Transaction Coordinator
Windows process : msdtc.exe
Type : Local RPC service
Named pipe : OLED0032FEDCB4E4226AB987FA0B97B

Object UUID : 11417663-06f4-4011-8b7d-c2012591e9c2
UUID : 906b0ce0-c70b-1067-b317-00dd010662da, version 1.0
Description : Distributed Transaction Coordinator
Windows process : msdtc.exe
Type : Local RPC service
Named pipe : LRPC-7983e165c7d13b1fed

Object UUID : 00000000-0000-0000-0000-000000000000
UUID : 12345678-1234-abcd-ef00-0123456789ab, version 1.0
Description : IPsec Services (Windows XP & 2003)
Windows process : lsass.exe
Annotation : IPSec Policy agent endpoint
Type : Local RPC service
Named pipe : LRPC-dba9332152b3af99df

Object UUID : 00000000-0000-0000-0000-000000000000
UUID : 0b6edbfa-4a24-4fc6-8a23-942b1eca65d1, version 1.0
Description : Unknown RPC service
Annotation : Spooler function endpoint
Type : Local RPC service
Named pipe : spoolss

Object UUID : 00000000-0000-0000-0000-000000000000
UUID : ae33069b-a2a8-46ee-a235-ddfd339be281, version 1.0
Description : Unknown RPC service
Annotation : Spooler base remote object endpoint
Type : Local RPC service
Named pipe : spoolss

Object UUID : 00000000-0000-0000-0000-000000000000
UUID : 4a452661-8290-4b36-8fbe-7f4093a94978, version 1.0
Description : Unknown RPC service
Annotation : Spooler function endpoint
Type : Local RPC service
Named pipe : spoolss

Object UUID : 00000000-0000-0000-0000-000000000000
UUID : dd490425-5325-4565-b774-7e27d6c09c24, version 1.0
Description : Unknown RPC service
Annotation : Base Firewall Engine API
Type : Local RPC service
Named pipe : LRPC-da454b4fc9aeadd7a9

Object UUID : 00000000-0000-0000-0000-000000000000
UUID : 7f9d11bf-7fb9-436b-a812-b2d50c5d4c03, version 1.0
Description : Unknown RPC service
Annotation : Fw APIs
Type : Local RPC service
Named pipe : LRPC-da454b4fc9aeadd7a9

Object UUID : 00000000-0000-0000-0000-000000000000
UUID : 2fb92682-6599-42dc-ae13-bd2ca89bd11c, version 1.0
Description : Unknown RPC service
Annotation : Fw APIs
Type : Local RPC service
Named pipe : LRPC-da454b4fc9aeadd7a9

Object UUID : 00000000-0000-0000-0000-000000000000
UUID : 7ea70bcf-48af-4f6a-8968-6a440754d5fa, version 1.0
Description : Unknown RPC service
Annotation : NSI server endpoint
Type : Local RPC service
Named pipe : OLE589A9569DF1F488396DB8BAD987B

Object UUID : 00000000-0000-0000-0000-000000000000
UUID : 7ea70bcf-48af-4f6a-8968-6a440754d5fa, version 1.0
Description : Unknown RPC service
Annotation : NSI server endpoint
Type : Local RPC service
Named pipe : LRPC-ee5e1b9074118f1c02

Object UUID : 00000000-0000-0000-0000-000000000000
UUID : 3473dd4d-2e88-4006-9cba-22570909dd10, version 5.0
Description : Unknown RPC service
Annotation : WinHttp Auto-Proxy Service
Type : Local RPC service
Named pipe : OLE589A9569DF1F488396DB8BAD987B

Object UUID : 00000000-0000-0000-0000-000000000000
UUID : 3473dd4d-2e88-4006-9cba-22570909dd10, version 5.0
Description : Unknown RPC service
Annotation : WinHttp Auto-Proxy Service
Type : Local RPC service
Named pipe : LRPC-ee5e1b9074118f1c02

Object UUID : 00000000-0000-0000-0000-000000000000
UUID : 3473dd4d-2e88-4006-9cba-22570909dd10, version 5.0
Description : Unknown RPC service
Annotation : WinHttp Auto-Proxy Service
Type : Local RPC service
Named pipe : W32TIME_ALT

Object UUID : 666f7270-6c69-7365-0000-000000000000
UUID : c9ac6db5-82b7-4e55-ae8a-e464ed7b4277, version 1.0
Description : Unknown RPC service
Annotation : Impl friendly name
Type : Local RPC service
Named pipe : IUserProfile2

Object UUID : 6c637067-6569-746e-0000-000000000000
UUID : c9ac6db5-82b7-4e55-ae8a-e464ed7b4277, version 1.0
Description : Unknown RPC service
Annotation : Impl friendly name
Type : Local RPC service
Named pipe : IUserProfile2

Object UUID : 24d1f7c7-76af-4f28-9ccd-7f6cb6468601
UUID : 2eb08e3e-639f-4fba-97b1-14f878961076, version 1.0
Description : Unknown RPC service
Type : Local RPC service
Named pipe : IUserProfile2

Object UUID : 736e6573-0000-0000-0000-000000000000
UUID : c9ac6db5-82b7-4e55-ae8a-e464ed7b4277, version 1.0
Description : Unknown RPC service
Annotation : Impl friendly name
Type : Local RPC service
Named pipe : IUserProfile2

Object UUID : 736e6573-0000-0000-0000-000000000000
UUID : c9ac6db5-82b7-4e55-ae8a-e464ed7b4277, version 1.0
Description : Unknown RPC service
Annotation : Impl friendly name
Type : Local RPC service
Named pipe : OLE3EA15B9128BF46D6AD305659F174

Object UUID : 736e6573-0000-0000-0000-000000000000
UUID : c9ac6db5-82b7-4e55-ae8a-e464ed7b4277, version 1.0
Description : Unknown RPC service
Annotation : Impl friendly name
Type : Local RPC service
Named pipe : senssvc

Object UUID : 00000000-0000-0000-0000-000000000000
UUID : 0a74ef1c-41a4-4e06-83ae-dc74fb1cdd53, version 1.0
Description : Scheduler Service
Windows process : svchost.exe
Type : Local RPC service
Named pipe : IUserProfile2

Object UUID : 00000000-0000-0000-0000-000000000000
UUID : 0a74ef1c-41a4-4e06-83ae-dc74fb1cdd53, version 1.0
Description : Scheduler Service
Windows process : svchost.exe
Type : Local RPC service
Named pipe : OLE3EA15B9128BF46D6AD305659F174

Object UUID : 00000000-0000-0000-0000-000000000000
UUID : 0a74ef1c-41a4-4e06-83ae-dc74fb1cdd53, version 1.0
Description : Scheduler Service
Windows process : svchost.exe
Type : Local RPC service
Named pipe : senssvc

Object UUID : 00000000-0000-0000-0000-000000000000
UUID : 1ff70682-0a51-30e8-076d-740be8cee98b, version 1.0
Description : Scheduler Service
Windows process : svchost.exe
Type : Local RPC service
Named pipe : IUserProfile2

Object UUID : 00000000-0000-0000-0000-000000000000
UUID : 1ff70682-0a51-30e8-076d-740be8cee98b, version 1.0
Description : Scheduler Service
Windows process : svchost.exe
Type : Local RPC service
Named pipe : OLE3EA15B9128BF46D6AD305659F174

Object UUID : 00000000-0000-0000-0000-000000000000
UUID : 1ff70682-0a51-30e8-076d-740be8cee98b, version 1.0
Description : Scheduler Service
Windows process : svchost.exe
Type : Local RPC service
Named pipe : senssvc

Object UUID : 00000000-0000-0000-0000-000000000000
UUID : 378e52b0-c0a9-11cf-822d-00aa0051e40f, version 1.0
Description : Scheduler Service
Windows process : svchost.exe
Type : Local RPC service
Named pipe : IUserProfile2

Object UUID : 00000000-0000-0000-0000-000000000000
UUID : 378e52b0-c0a9-11cf-822d-00aa0051e40f, version 1.0
Description : Scheduler Service
Windows process : svchost.exe
Type : Local RPC service
Named pipe : OLE3EA15B9128BF46D6AD305659F174

Object UUID : 00000000-0000-0000-0000-000000000000
UUID : 378e52b0-c0a9-11cf-822d-00aa0051e40f, version 1.0
Description : Scheduler Service
Windows process : svchost.exe
Type : Local RPC service
Named pipe : senssvc

Object UUID : 00000000-0000-0000-0000-000000000000
UUID : 86d35949-83c9-4044-b424-db363231fd0c, version 1.0
Description : Unknown RPC service
Type : Local RPC service
Named pipe : IUserProfile2

Object UUID : 00000000-0000-0000-0000-000000000000
UUID : 86d35949-83c9-4044-b424-db363231fd0c, version 1.0
Description : Unknown RPC service
Type : Local RPC service
Named pipe : OLE3EA15B9128BF46D6AD305659F174

Object UUID : 00000000-0000-0000-0000-000000000000
UUID : 86d35949-83c9-4044-b424-db363231fd0c, version 1.0
Description : Unknown RPC service
Type : Local RPC service
Named pipe : senssvc

Object UUID : 00000000-0000-0000-0000-000000000000
UUID : a398e520-d59a-4bdd-aa7a-3c1e0303a511, version 1.0
Description : Unknown RPC service
Annotation : IKE/Authip API
Type : Local RPC service
Named pipe : IUserProfile2

Object UUID : 00000000-0000-0000-0000-000000000000
UUID : a398e520-d59a-4bdd-aa7a-3c1e0303a511, version 1.0
Description : Unknown RPC service
Annotation : IKE/Authip API
Type : Local RPC service
Named pipe : OLE3EA15B9128BF46D6AD305659F174

Object UUID : 00000000-0000-0000-0000-000000000000
UUID : a398e520-d59a-4bdd-aa7a-3c1e0303a511, version 1.0
Description : Unknown RPC service
Annotation : IKE/Authip API
Type : Local RPC service
Named pipe : senssvc

Object UUID : 00000000-0000-0000-0000-000000000000
UUID : 552d076a-cb29-4e44-8b6a-d15e59e2c0af, version 1.0
Description : Unknown RPC service
Annotation : IP Transition Configuration endpoint
Type : Local RPC service
Named pipe : IUserProfile2

Object UUID : 00000000-0000-0000-0000-000000000000
UUID : 552d076a-cb29-4e44-8b6a-d15e59e2c0af, version 1.0
Description : Unknown RPC service
Annotation : IP Transition Configuration endpoint
Type : Local RPC service
Named pipe : OLE3EA15B9128BF46D6AD305659F174

Object UUID : 00000000-0000-0000-0000-000000000000
UUID : 552d076a-cb29-4e44-8b6a-d15e59e2c0af, version 1.0
Description : Unknown RPC service
Annotation : IP Transition Configuration endpoint
Type : Local RPC service
Named pipe : senssvc

Object UUID : 00000000-0000-0000-0000-000000000000
UUID : 98716d03-89ac-44c7-bb8c-285824e51c4a, version 1.0
Description : Unknown RPC service
Annotation : XactSrv service
Type : Local RPC service
Named pipe : IUserProfile2

Object UUID : 00000000-0000-0000-0000-000000000000
UUID : 98716d03-89ac-44c7-bb8c-285824e51c4a, version 1.0
Description : Unknown RPC service
Annotation : XactSrv service
Type : Local RPC service
Named pipe : OLE3EA15B9128BF46D6AD305659F174

Object UUID : 00000000-0000-0000-0000-000000000000
UUID : 98716d03-89ac-44c7-bb8c-285824e51c4a, version 1.0
Description : Unknown RPC service
Annotation : XactSrv service
Type : Local RPC service
Named pipe : senssvc

Object UUID : 73736573-6f69-656e-6e76-000000000000
UUID : c9ac6db5-82b7-4e55-ae8a-e464ed7b4277, version 1.0
Description : Unknown RPC service
Annotation : Impl friendly name
Type : Local RPC service
Named pipe : IUserProfile2

Object UUID : 73736573-6f69-656e-6e76-000000000000
UUID : c9ac6db5-82b7-4e55-ae8a-e464ed7b4277, version 1.0
Description : Unknown RPC service
Annotation : Impl friendly name
Type : Local RPC service
Named pipe : OLE3EA15B9128BF46D6AD305659F174

Object UUID : 73736573-6f69-656e-6e76-000000000000
UUID : c9ac6db5-82b7-4e55-ae8a-e464ed7b4277, version 1.0
Description : Unknown RPC service
Annotation : Impl friendly name
Type : Local RPC service
Named pipe : senssvc

Object UUID : 00000000-0000-0000-0000-000000000000
UUID : 30b044a5-a225-43f0-b3a4-e060df91f9c1, version 1.0
Description : Unknown RPC service
Type : Local RPC service
Named pipe : IUserProfile2

Object UUID : 00000000-0000-0000-0000-000000000000
UUID : 30b044a5-a225-43f0-b3a4-e060df91f9c1, version 1.0
Description : Unknown RPC service
Type : Local RPC service
Named pipe : OLE3EA15B9128BF46D6AD305659F174

Object UUID : 00000000-0000-0000-0000-000000000000
UUID : 30b044a5-a225-43f0-b3a4-e060df91f9c1, version 1.0
Description : Unknown RPC service
Type : Local RPC service
Named pipe : senssvc

Object UUID : 00000000-0000-0000-0000-000000000000
UUID : f6beaff7-1e19-4fbb-9f8f-b89e2018337c, version 1.0
Description : Unknown RPC service
Annotation : Event log TCPIP
Type : Local RPC service
Named pipe : eventlog

Object UUID : 00000000-0000-0000-0000-000000000000
UUID : 30adc50c-5cbc-46ce-9a0e-91914789e23c, version 1.0
Description : Unknown RPC service
Annotation : NRP server endpoint
Type : Local RPC service
Named pipe : eventlog

Object UUID : 00000000-0000-0000-0000-000000000000
UUID : 3c4728c5-f0ab-448b-bda1-6ce01eb0a6d6, version 1.0
Description : Unknown RPC service
Annotation : DHCPv6 Client LRPC Endpoint
Type : Local RPC service
Named pipe : eventlog

Object UUID : 00000000-0000-0000-0000-000000000000
UUID : 3c4728c5-f0ab-448b-bda1-6ce01eb0a6d6, version 1.0
Description : Unknown RPC service
Annotation : DHCPv6 Client LRPC Endpoint
Type : Local RPC service
Named pipe : dhcpcsvc6

Object UUID : 00000000-0000-0000-0000-000000000000
UUID : 3c4728c5-f0ab-448b-bda1-6ce01eb0a6d5, version 1.0
Description : DHCP Client Service
Windows process : svchost.exe
Annotation : DHCP Client LRPC Endpoint
Type : Local RPC service
Named pipe : eventlog

","[]",0,"","2001-08-26","2012-01-31"
"nessus_sample_1.nessus","qa3app03","10.31.112.23","Microsoft Windows Server 2008 R2 Standard Service Pack 1",49152,"tcp","dce-rpc",0,10736,"DCE Services Enumeration","Windows","A DCE/RPC service is running on the remote host.","By sending a Lookup request to the portmapper (TCP 135 or epmapper PIPE) it was possible to enumerate the Distributed Computing Environment (DCE) services running on the remote port.
Using this information it is possible to connect and bind to each service by sending an RPC request to the remote port/pipe.","n/a","None","
The following DCERPC services are available on TCP port 49152 :

Object UUID : 765294ba-60bc-48b8-92e9-89fd77769d91
UUID : d95afe70-a6d5-4259-822e-2c84da1ddb0d, version 1.0
Description : Unknown RPC service
Type : Remote RPC service
TCP Port : 49152
IP : 10.31.112.23

","[]",0,"","2001-08-26","2012-01-31"
"nessus_sample_1.nessus","qa3app03","10.31.112.23","Microsoft Windows Server 2008 R2 Standard Service Pack 1",49153,"tcp","dce-rpc",0,10736,"DCE Services Enumeration","Windows","A DCE/RPC service is running on the remote host.","By sending a Lookup request to the portmapper (TCP 135 or epmapper PIPE) it was possible to enumerate the Distributed Computing Environment (DCE) services running on the remote port.
Using this information it is possible to connect and bind to each service by sending an RPC request to the remote port/pipe.","n/a","None","
The following DCERPC services are available on TCP port 49153 :

Object UUID : 00000000-0000-0000-0000-000000000000
UUID : 3c4728c5-f0ab-448b-bda1-6ce01eb0a6d5, version 1.0
Description : DHCP Client Service
Windows process : svchost.exe
Annotation : DHCP Client LRPC Endpoint
Type : Remote RPC service
TCP Port : 49153
IP : 10.31.112.23

Object UUID : 00000000-0000-0000-0000-000000000000
UUID : f6beaff7-1e19-4fbb-9f8f-b89e2018337c, version 1.0
Description : Unknown RPC service
Annotation : Event log TCPIP
Type : Remote RPC service
TCP Port : 49153
IP : 10.31.112.23

Object UUID : 00000000-0000-0000-0000-000000000000
UUID : 30adc50c-5cbc-46ce-9a0e-91914789e23c, version 1.0
Description : Unknown RPC service
Annotation : NRP server endpoint
Type : Remote RPC service
TCP Port : 49153
IP : 10.31.112.23

Object UUID : 00000000-0000-0000-0000-000000000000
UUID : 3c4728c5-f0ab-448b-bda1-6ce01eb0a6d6, version 1.0
Description : Unknown RPC service
Annotation : DHCPv6 Client LRPC Endpoint
Type : Remote RPC service
TCP Port : 49153
IP : 10.31.112.23

","[]",0,"","2001-08-26","2012-01-31"
"nessus_sample_1.nessus","qa3app03","10.31.112.23","Microsoft Windows Server 2008 R2 Standard Service Pack 1",49176,"tcp","dce-rpc",0,10736,"DCE Services Enumeration","Windows","A DCE/RPC service is running on the remote host.","By sending a Lookup request to the portmapper (TCP 135 or epmapper PIPE) it was possible to enumerate the Distributed Computing Environment (DCE) services running on the remote port.
Using this information it is possible to connect and bind to each service by sending an RPC request to the remote port/pipe.","n/a","None","
The following DCERPC services are available on TCP port 49176 :

Object UUID : 00000000-0000-0000-0000-000000000000
UUID : 12345778-1234-abcd-ef00-0123456789ac, version 1.0
Description : Security Account Manager
Windows process : lsass.exe
Type : Remote RPC service
TCP Port : 49176
IP : 10.31.112.23

","[]",0,"","2001-08-26","2012-01-31"
"nessus_sample_1.nessus","qa3app03","10.31.112.23","Microsoft Windows Server 2008 R2 Standard Service Pack 1",49253,"tcp","dce-rpc",0,10736,"DCE Services Enumeration","Windows","A DCE/RPC service is running on the remote host.","By sending a Lookup request to the portmapper (TCP 135 or epmapper PIPE) it was possible to enumerate the Distributed Computing Environment (DCE) services running on the remote port.
Using this information it is possible to connect and bind to each service by sending an RPC request to the remote port/pipe.","n/a","None","
The following DCERPC services are available on TCP port 49253 :

Object UUID : 00000000-0000-0000-0000-000000000000
UUID : 6b5bdd1e-528c-422c-af8c-a4079be4fe48, version 1.0
Description : Unknown RPC service
Annotation : Remote Fw APIs
Type : Remote RPC service
TCP Port : 49253
IP : 10.31.112.23

Object UUID : 00000000-0000-0000-0000-000000000000
UUID : 12345678-1234-abcd-ef00-0123456789ab, version 1.0
Description : IPsec Services (Windows XP & 2003)
Windows process : lsass.exe
Annotation : IPSec Policy agent endpoint
Type : Remote RPC service
TCP Port : 49253
IP : 10.31.112.23

","[]",0,"","2001-08-26","2012-01-31"
"nessus_sample_1.nessus","qa3app03","10.31.112.23","Microsoft Windows Server 2008 R2 Standard Service Pack 1",49154,"tcp","dce-rpc",0,10736,"DCE Services Enumeration","Windows","A DCE/RPC service is running on the remote host.","By sending a Lookup request to the portmapper (TCP 135 or epmapper PIPE) it was possible to enumerate the Distributed Computing Environment (DCE) services running on the remote port.
Using this information it is possible to connect and bind to each service by sending an RPC request to the remote port/pipe.","n/a","None","
The following DCERPC services are available on TCP port 49154 :

Object UUID : 00000000-0000-0000-0000-000000000000
UUID : 86d35949-83c9-4044-b424-db363231fd0c, version 1.0
Description : Unknown RPC service
Type : Remote RPC service
TCP Port : 49154
IP : 10.31.112.23

Object UUID : 00000000-0000-0000-0000-000000000000
UUID : a398e520-d59a-4bdd-aa7a-3c1e0303a511, version 1.0
Description : Unknown RPC service
Annotation : IKE/Authip API
Type : Remote RPC service
TCP Port : 49154
IP : 10.31.112.23

Object UUID : 00000000-0000-0000-0000-000000000000
UUID : 552d076a-cb29-4e44-8b6a-d15e59e2c0af, version 1.0
Description : Unknown RPC service
Annotation : IP Transition Configuration endpoint
Type : Remote RPC service
TCP Port : 49154
IP : 10.31.112.23

Object UUID : 00000000-0000-0000-0000-000000000000
UUID : 98716d03-89ac-44c7-bb8c-285824e51c4a, version 1.0
Description : Unknown RPC service
Annotation : XactSrv service
Type : Remote RPC service
TCP Port : 49154
IP : 10.31.112.23

Object UUID : 73736573-6f69-656e-6e76-000000000000
UUID : c9ac6db5-82b7-4e55-ae8a-e464ed7b4277, version 1.0
Description : Unknown RPC service
Annotation : Impl friendly name
Type : Remote RPC service
TCP Port : 49154
IP : 10.31.112.23

Object UUID : 00000000-0000-0000-0000-000000000000
UUID : 30b044a5-a225-43f0-b3a4-e060df91f9c1, version 1.0
Description : Unknown RPC service
Type : Remote RPC service
TCP Port : 49154
IP : 10.31.112.23

","[]",0,"","2001-08-26","2012-01-31"
"nessus_sample_1.nessus","qa3app03","10.31.112.23","Microsoft Windows Server 2008 R2 Standard Service Pack 1",49252,"tcp","dce-rpc",0,10736,"DCE Services Enumeration","Windows","A DCE/RPC service is running on the remote host.","By sending a Lookup request to the portmapper (TCP 135 or epmapper PIPE) it was possible to enumerate the Distributed Computing Environment (DCE) services running on the remote port.
Using this information it is possible to connect and bind to each service by sending an RPC request to the remote port/pipe.","n/a","None","
The following DCERPC services are available on TCP port 49252 :

Object UUID : 00000000-0000-0000-0000-000000000000
UUID : 367abb81-9844-35f1-ad32-98f038001003, version 2.0
Description : Unknown RPC service
Type : Remote RPC service
TCP Port : 49252
IP : 10.31.112.23

","[]",0,"","2001-08-26","2012-01-31"
"nessus_sample_1.nessus","qa3app03","10.31.112.23","Microsoft Windows Server 2008 R2 Standard Service Pack 1",445,"tcp","cifs",0,10736,"DCE Services Enumeration","Windows","A DCE/RPC service is running on the remote host.","By sending a Lookup request to the portmapper (TCP 135 or epmapper PIPE) it was possible to enumerate the Distributed Computing Environment (DCE) services running on the remote port.
Using this information it is possible to connect and bind to each service by sending an RPC request to the remote port/pipe.","n/a","None","
The following DCERPC services are available remotely :

Object UUID : 765294ba-60bc-48b8-92e9-89fd77769d91
UUID : d95afe70-a6d5-4259-822e-2c84da1ddb0d, version 1.0
Description : Unknown RPC service
Type : Remote RPC service
Named pipe : \PIPE\InitShutdown
Netbios name : \\QA3APP03

Object UUID : b08669ee-8cb5-43a5-a017-84fe00000000
UUID : 76f226c3-ec14-4325-8a99-6a46348418af, version 1.0
Description : Unknown RPC service
Type : Remote RPC service
Named pipe : \PIPE\InitShutdown
Netbios name : \\QA3APP03

Object UUID : 00000000-0000-0000-0000-000000000000
UUID : 12345778-1234-abcd-ef00-0123456789ac, version 1.0
Description : Security Account Manager
Windows process : lsass.exe
Type : Remote RPC service
Named pipe : \pipe\lsass
Netbios name : \\QA3APP03

Object UUID : 00000000-0000-0000-0000-000000000000
UUID : 12345778-1234-abcd-ef00-0123456789ac, version 1.0
Description : Security Account Manager
Windows process : lsass.exe
Type : Remote RPC service
Named pipe : \PIPE\protected_storage
Netbios name : \\QA3APP03

Object UUID : 00000000-0000-0000-0000-000000000000
UUID : 3473dd4d-2e88-4006-9cba-22570909dd10, version 5.0
Description : Unknown RPC service
Annotation : WinHttp Auto-Proxy Service
Type : Remote RPC service
Named pipe : \PIPE\W32TIME_ALT
Netbios name : \\QA3APP03

Object UUID : 00000000-0000-0000-0000-000000000000
UUID : 1ff70682-0a51-30e8-076d-740be8cee98b, version 1.0
Description : Scheduler Service
Windows process : svchost.exe
Type : Remote RPC service
Named pipe : \PIPE\atsvc
Netbios name : \\QA3APP03

Object UUID : 00000000-0000-0000-0000-000000000000
UUID : 378e52b0-c0a9-11cf-822d-00aa0051e40f, version 1.0
Description : Scheduler Service
Windows process : svchost.exe
Type : Remote RPC service
Named pipe : \PIPE\atsvc
Netbios name : \\QA3APP03

Object UUID : 00000000-0000-0000-0000-000000000000
UUID : 86d35949-83c9-4044-b424-db363231fd0c, version 1.0
Description : Unknown RPC service
Type : Remote RPC service
Named pipe : \PIPE\atsvc
Netbios name : \\QA3APP03

Object UUID : 00000000-0000-0000-0000-000000000000
UUID : a398e520-d59a-4bdd-aa7a-3c1e0303a511, version 1.0
Description : Unknown RPC service
Annotation : IKE/Authip API
Type : Remote RPC service
Named pipe : \PIPE\atsvc
Netbios name : \\QA3APP03

Object UUID : 00000000-0000-0000-0000-000000000000
UUID : 552d076a-cb29-4e44-8b6a-d15e59e2c0af, version 1.0
Description : Unknown RPC service
Annotation : IP Transition Configuration endpoint
Type : Remote RPC service
Named pipe : \PIPE\atsvc
Netbios name : \\QA3APP03

Object UUID : 00000000-0000-0000-0000-000000000000
UUID : 98716d03-89ac-44c7-bb8c-285824e51c4a, version 1.0
Description : Unknown RPC service
Annotation : XactSrv service
Type : Remote RPC service
Named pipe : \PIPE\atsvc
Netbios name : \\QA3APP03

Object UUID : 73736573-6f69-656e-6e76-000000000000
UUID : c9ac6db5-82b7-4e55-ae8a-e464ed7b4277, version 1.0
Description : Unknown RPC service
Annotation : Impl friendly name
Type : Remote RPC service
Named pipe : \PIPE\atsvc
Netbios name : \\QA3APP03

Object UUID : 73736573-6f69-656e-6e76-000000000000
UUID : c9ac6db5-82b7-4e55-ae8a-e464ed7b4277, version 1.0
Description : Unknown RPC service
Annotation : Impl friendly name
Type : Remote RPC service
Named pipe : \PIPE\srvsvc
Netbios name : \\QA3APP03

Object UUID : 00000000-0000-0000-0000-000000000000
UUID : 30b044a5-a225-43f0-b3a4-e060df91f9c1, version 1.0
Description : Unknown RPC service
Type : Remote RPC service
Named pipe : \PIPE\atsvc
Netbios name : \\QA3APP03

Object UUID : 00000000-0000-0000-0000-000000000000
UUID : 30b044a5-a225-43f0-b3a4-e060df91f9c1, version 1.0
Description : Unknown RPC service
Type : Remote RPC service
Named pipe : \PIPE\srvsvc
Netbios name : \\QA3APP03

Object UUID : 00000000-0000-0000-0000-000000000000
UUID : f6beaff7-1e19-4fbb-9f8f-b89e2018337c, version 1.0
Description : Unknown RPC service
Annotation : Event log TCPIP
Type : Remote RPC service
Named pipe : \pipe\eventlog
Netbios name : \\QA3APP03

Object UUID : 00000000-0000-0000-0000-000000000000
UUID : 30adc50c-5cbc-46ce-9a0e-91914789e23c, version 1.0
Description : Unknown RPC service
Annotation : NRP server endpoint
Type : Remote RPC service
Named pipe : \pipe\eventlog
Netbios name : \\QA3APP03

Object UUID : 00000000-0000-0000-0000-000000000000
UUID : 3c4728c5-f0ab-448b-bda1-6ce01eb0a6d6, version 1.0
Description : Unknown RPC service
Annotation : DHCPv6 Client LRPC Endpoint
Type : Remote RPC service
Named pipe : \pipe\eventlog
Netbios name : \\QA3APP03

Object UUID : 00000000-0000-0000-0000-000000000000
UUID : 3c4728c5-f0ab-448b-bda1-6ce01eb0a6d5, version 1.0
Description : DHCP Client Service
Windows process : svchost.exe
Annotation : DHCP Client LRPC Endpoint
Type : Remote RPC service
Named pipe : \pipe\eventlog
Netbios name : \\QA3APP03

","[]",0,"","2001-08-26","2012-01-31"
"nessus_sample_1.nessus","qa3app03","10.31.112.23","Microsoft Windows Server 2008 R2 Standard Service Pack 1",135,"tcp","epmap",0,10736,"DCE Services Enumeration","Windows","A DCE/RPC service is running on the remote host.","By sending a Lookup request to the portmapper (TCP 135 or epmapper PIPE) it was possible to enumerate the Distributed Computing Environment (DCE) services running on the remote port.
Using this information it is possible to connect and bind to each service by sending an RPC request to the remote port/pipe.","n/a","None","
The following DCERPC services are available locally :

Object UUID : 765294ba-60bc-48b8-92e9-89fd77769d91
UUID : d95afe70-a6d5-4259-822e-2c84da1ddb0d, version 1.0
Description : Unknown RPC service
Type : Local RPC service
Named pipe : WindowsShutdown

Object UUID : 765294ba-60bc-48b8-92e9-89fd77769d91
UUID : d95afe70-a6d5-4259-822e-2c84da1ddb0d, version 1.0
Description : Unknown RPC service
Type : Local RPC service
Named pipe : WMsgKRpc07E140

Object UUID : b08669ee-8cb5-43a5-a017-84fe00000000
UUID : 76f226c3-ec14-4325-8a99-6a46348418af, version 1.0
Description : Unknown RPC service
Type : Local RPC service
Named pipe : WindowsShutdown

Object UUID : b08669ee-8cb5-43a5-a017-84fe00000000
UUID : 76f226c3-ec14-4325-8a99-6a46348418af, version 1.0
Description : Unknown RPC service
Type : Local RPC service
Named pipe : WMsgKRpc07E140

Object UUID : 00000000-0000-0000-0000-000000000000
UUID : 3c4728c5-f0ab-448b-bda1-6ce01eb0a6d5, version 1.0
Description : DHCP Client Service
Windows process : svchost.exe
Annotation : DHCP Client LRPC Endpoint
Type : Local RPC service
Named pipe : dhcpcsvc

Object UUID : 00000000-0000-0000-0000-000000000000
UUID : 3c4728c5-f0ab-448b-bda1-6ce01eb0a6d5, version 1.0
Description : DHCP Client Service
Windows process : svchost.exe
Annotation : DHCP Client LRPC Endpoint
Type : Local RPC service
Named pipe : dhcpcsvc6

Object UUID : 3bdb59a0-d736-4d44-9074-c1ee00000001
UUID : 24019106-a203-4642-b88d-82dae9158929, version 1.0
Description : Unknown RPC service
Type : Local RPC service
Named pipe : LRPC-f5843715c61bfe6885

Object UUID : b08669ee-8cb5-43a5-a017-84fe00000001
UUID : 76f226c3-ec14-4325-8a99-6a46348418af, version 1.0
Description : Unknown RPC service
Type : Local RPC service
Named pipe : WMsgKRpc03A09F1

Object UUID : 6d726574-7273-0076-0000-000000000000
UUID : c9ac6db5-82b7-4e55-ae8a-e464ed7b4277, version 1.0
Description : Unknown RPC service
Annotation : Impl friendly name
Type : Local RPC service
Named pipe : LRPC-9cf1e6df3ddaf18254

Object UUID : fe206cf5-5acb-4c5a-a53e-6a625d74a3a5
UUID : 906b0ce0-c70b-1067-b317-00dd010662da, version 1.0
Description : Distributed Transaction Coordinator
Windows process : msdtc.exe
Type : Local RPC service
Named pipe : LRPC-515d4e943a973fcbf5

Object UUID : fdc94e04-ca57-4224-8b4a-dcea460b37d8
UUID : 906b0ce0-c70b-1067-b317-00dd010662da, version 1.0
Description : Distributed Transaction Coordinator
Windows process : msdtc.exe
Type : Local RPC service
Named pipe : LRPC-515d4e943a973fcbf5

Object UUID : b1f7e4b6-4c1d-4653-8af6-75d7dc766eb7
UUID : 906b0ce0-c70b-1067-b317-00dd010662da, version 1.0
Description : Distributed Transaction Coordinator
Windows process : msdtc.exe
Type : Local RPC service
Named pipe : LRPC-515d4e943a973fcbf5

Object UUID : ea2539b6-cda6-4025-a420-0c083ea8f530
UUID : 906b0ce0-c70b-1067-b317-00dd010662da, version 1.0
Description : Distributed Transaction Coordinator
Windows process : msdtc.exe
Type : Local RPC service
Named pipe : LRPC-515d4e943a973fcbf5

Object UUID : cc76c593-c771-405f-95f2-831ac11d10b0
UUID : 906b0ce0-c70b-1067-b317-00dd010662da, version 1.0
Description : Distributed Transaction Coordinator
Windows process : msdtc.exe
Type : Local RPC service
Named pipe : OLE04094ECF1AFA4F71BE44598CE050

Object UUID : cc76c593-c771-405f-95f2-831ac11d10b0
UUID : 906b0ce0-c70b-1067-b317-00dd010662da, version 1.0
Description : Distributed Transaction Coordinator
Windows process : msdtc.exe
Type : Local RPC service
Named pipe : LRPC-5bae080da7fcf1b0cf

Object UUID : 00000000-0000-0000-0000-000000000000
UUID : 12345678-1234-abcd-ef00-0123456789ab, version 1.0
Description : IPsec Services (Windows XP & 2003)
Windows process : lsass.exe
Annotation : IPSec Policy agent endpoint
Type : Local RPC service
Named pipe : LRPC-594a677f38810976f7

Object UUID : 00000000-0000-0000-0000-000000000000
UUID : 12345778-1234-abcd-ef00-0123456789ac, version 1.0
Description : Security Account Manager
Windows process : lsass.exe
Type : Local RPC service
Named pipe : LRPC-61fb4d37067ba3aeb7

Object UUID : 00000000-0000-0000-0000-000000000000
UUID : 12345778-1234-abcd-ef00-0123456789ac, version 1.0
Description : Security Account Manager
Windows process : lsass.exe
Type : Local RPC service
Named pipe : audit

Object UUID : 00000000-0000-0000-0000-000000000000
UUID : 12345778-1234-abcd-ef00-0123456789ac, version 1.0
Description : Security Account Manager
Windows process : lsass.exe
Type : Local RPC service
Named pipe : securityevent

Object UUID : 00000000-0000-0000-0000-000000000000
UUID : 12345778-1234-abcd-ef00-0123456789ac, version 1.0
Description : Security Account Manager
Windows process : lsass.exe
Type : Local RPC service
Named pipe : LSARPC_ENDPOINT

Object UUID : 00000000-0000-0000-0000-000000000000
UUID : 12345778-1234-abcd-ef00-0123456789ac, version 1.0
Description : Security Account Manager
Windows process : lsass.exe
Type : Local RPC service
Named pipe : lsapolicylookup

Object UUID : 00000000-0000-0000-0000-000000000000
UUID : 12345778-1234-abcd-ef00-0123456789ac, version 1.0
Description : Security Account Manager
Windows process : lsass.exe
Type : Local RPC service
Named pipe : lsasspirpc

Object UUID : 00000000-0000-0000-0000-000000000000
UUID : 12345778-1234-abcd-ef00-0123456789ac, version 1.0
Description : Security Account Manager
Windows process : lsass.exe
Type : Local RPC service
Named pipe : protected_storage

Object UUID : 00000000-0000-0000-0000-000000000000
UUID : 12345778-1234-abcd-ef00-0123456789ac, version 1.0
Description : Security Account Manager
Windows process : lsass.exe
Type : Local RPC service
Named pipe : dsrole

Object UUID : 00000000-0000-0000-0000-000000000000
UUID : 12345778-1234-abcd-ef00-0123456789ac, version 1.0
Description : Security Account Manager
Windows process : lsass.exe
Type : Local RPC service
Named pipe : samss lpc

Object UUID : 00000000-0000-0000-0000-000000000000
UUID : 0b6edbfa-4a24-4fc6-8a23-942b1eca65d1, version 1.0
Description : Unknown RPC service
Annotation : Spooler function endpoint
Type : Local RPC service
Named pipe : spoolss

Object UUID : 00000000-0000-0000-0000-000000000000
UUID : ae33069b-a2a8-46ee-a235-ddfd339be281, version 1.0
Description : Unknown RPC service
Annotation : Spooler base remote object endpoint
Type : Local RPC service
Named pipe : spoolss

Object UUID : 00000000-0000-0000-0000-000000000000
UUID : 4a452661-8290-4b36-8fbe-7f4093a94978, version 1.0
Description : Unknown RPC service
Annotation : Spooler function endpoint
Type : Local RPC service
Named pipe : spoolss

Object UUID : 00000000-0000-0000-0000-000000000000
UUID : dd490425-5325-4565-b774-7e27d6c09c24, version 1.0
Description : Unknown RPC service
Annotation : Base Firewall Engine API
Type : Local RPC service
Named pipe : LRPC-f3d7a5a2e640916b7e

Object UUID : 00000000-0000-0000-0000-000000000000
UUID : 7f9d11bf-7fb9-436b-a812-b2d50c5d4c03, version 1.0
Description : Unknown RPC service
Annotation : Fw APIs
Type : Local RPC service
Named pipe : LRPC-f3d7a5a2e640916b7e

Object UUID : 00000000-0000-0000-0000-000000000000
UUID : 2fb92682-6599-42dc-ae13-bd2ca89bd11c, version 1.0
Description : Unknown RPC service
Annotation : Fw APIs
Type : Local RPC service
Named pipe : LRPC-f3d7a5a2e640916b7e

Object UUID : 00000000-0000-0000-0000-000000000000
UUID : 7ea70bcf-48af-4f6a-8968-6a440754d5fa, version 1.0
Description : Unknown RPC service
Annotation : NSI server endpoint
Type : Local RPC service
Named pipe : OLE03CEBF0FFEF44A66AF8A0D4450E5

Object UUID : 00000000-0000-0000-0000-000000000000
UUID : 7ea70bcf-48af-4f6a-8968-6a440754d5fa, version 1.0
Description : Unknown RPC service
Annotation : NSI server endpoint
Type : Local RPC service
Named pipe : LRPC-20e134a2fe92fb8f3d

Object UUID : 00000000-0000-0000-0000-000000000000
UUID : 3473dd4d-2e88-4006-9cba-22570909dd10, version 5.0
Description : Unknown RPC service
Annotation : WinHttp Auto-Proxy Service
Type : Local RPC service
Named pipe : OLE03CEBF0FFEF44A66AF8A0D4450E5

Object UUID : 00000000-0000-0000-0000-000000000000
UUID : 3473dd4d-2e88-4006-9cba-22570909dd10, version 5.0
Description : Unknown RPC service
Annotation : WinHttp Auto-Proxy Service
Type : Local RPC service
Named pipe : LRPC-20e134a2fe92fb8f3d

Object UUID : 00000000-0000-0000-0000-000000000000
UUID : 3473dd4d-2e88-4006-9cba-22570909dd10, version 5.0
Description : Unknown RPC service
Annotation : WinHttp Auto-Proxy Service
Type : Local RPC service
Named pipe : W32TIME_ALT

Object UUID : 666f7270-6c69-7365-0000-000000000000
UUID : c9ac6db5-82b7-4e55-ae8a-e464ed7b4277, version 1.0
Description : Unknown RPC service
Annotation : Impl friendly name
Type : Local RPC service
Named pipe : IUserProfile2

Object UUID : 6c637067-6569-746e-0000-000000000000
UUID : c9ac6db5-82b7-4e55-ae8a-e464ed7b4277, version 1.0
Description : Unknown RPC service
Annotation : Impl friendly name
Type : Local RPC service
Named pipe : IUserProfile2

Object UUID : 24d1f7c7-76af-4f28-9ccd-7f6cb6468601
UUID : 2eb08e3e-639f-4fba-97b1-14f878961076, version 1.0
Description : Unknown RPC service
Type : Local RPC service
Named pipe : IUserProfile2

Object UUID : 736e6573-0000-0000-0000-000000000000
UUID : c9ac6db5-82b7-4e55-ae8a-e464ed7b4277, version 1.0
Description : Unknown RPC service
Annotation : Impl friendly name
Type : Local RPC service
Named pipe : IUserProfile2

Object UUID : 736e6573-0000-0000-0000-000000000000
UUID : c9ac6db5-82b7-4e55-ae8a-e464ed7b4277, version 1.0
Description : Unknown RPC service
Annotation : Impl friendly name
Type : Local RPC service
Named pipe : OLE00F960A1A06D423DA757C39857DA

Object UUID : 736e6573-0000-0000-0000-000000000000
UUID : c9ac6db5-82b7-4e55-ae8a-e464ed7b4277, version 1.0
Description : Unknown RPC service
Annotation : Impl friendly name
Type : Local RPC service
Named pipe : senssvc

Object UUID : 00000000-0000-0000-0000-000000000000
UUID : 0a74ef1c-41a4-4e06-83ae-dc74fb1cdd53, version 1.0
Description : Scheduler Service
Windows process : svchost.exe
Type : Local RPC service
Named pipe : IUserProfile2

Object UUID : 00000000-0000-0000-0000-000000000000
UUID : 0a74ef1c-41a4-4e06-83ae-dc74fb1cdd53, version 1.0
Description : Scheduler Service
Windows process : svchost.exe
Type : Local RPC service
Named pipe : OLE00F960A1A06D423DA757C39857DA

Object UUID : 00000000-0000-0000-0000-000000000000
UUID : 0a74ef1c-41a4-4e06-83ae-dc74fb1cdd53, version 1.0
Description : Scheduler Service
Windows process : svchost.exe
Type : Local RPC service
Named pipe : senssvc

Object UUID : 00000000-0000-0000-0000-000000000000
UUID : 1ff70682-0a51-30e8-076d-740be8cee98b, version 1.0
Description : Scheduler Service
Windows process : svchost.exe
Type : Local RPC service
Named pipe : IUserProfile2

Object UUID : 00000000-0000-0000-0000-000000000000
UUID : 1ff70682-0a51-30e8-076d-740be8cee98b, version 1.0
Description : Scheduler Service
Windows process : svchost.exe
Type : Local RPC service
Named pipe : OLE00F960A1A06D423DA757C39857DA

Object UUID : 00000000-0000-0000-0000-000000000000
UUID : 1ff70682-0a51-30e8-076d-740be8cee98b, version 1.0
Description : Scheduler Service
Windows process : svchost.exe
Type : Local RPC service
Named pipe : senssvc

Object UUID : 00000000-0000-0000-0000-000000000000
UUID : 378e52b0-c0a9-11cf-822d-00aa0051e40f, version 1.0
Description : Scheduler Service
Windows process : svchost.exe
Type : Local RPC service
Named pipe : IUserProfile2

Object UUID : 00000000-0000-0000-0000-000000000000
UUID : 378e52b0-c0a9-11cf-822d-00aa0051e40f, version 1.0
Description : Scheduler Service
Windows process : svchost.exe
Type : Local RPC service
Named pipe : OLE00F960A1A06D423DA757C39857DA

Object UUID : 00000000-0000-0000-0000-000000000000
UUID : 378e52b0-c0a9-11cf-822d-00aa0051e40f, version 1.0
Description : Scheduler Service
Windows process : svchost.exe
Type : Local RPC service
Named pipe : senssvc

Object UUID : 00000000-0000-0000-0000-000000000000
UUID : 86d35949-83c9-4044-b424-db363231fd0c, version 1.0
Description : Unknown RPC service
Type : Local RPC service
Named pipe : IUserProfile2

Object UUID : 00000000-0000-0000-0000-000000000000
UUID : 86d35949-83c9-4044-b424-db363231fd0c, version 1.0
Description : Unknown RPC service
Type : Local RPC service
Named pipe : OLE00F960A1A06D423DA757C39857DA

Object UUID : 00000000-0000-0000-0000-000000000000
UUID : 86d35949-83c9-4044-b424-db363231fd0c, version 1.0
Description : Unknown RPC service
Type : Local RPC service
Named pipe : senssvc

Object UUID : 00000000-0000-0000-0000-000000000000
UUID : a398e520-d59a-4bdd-aa7a-3c1e0303a511, version 1.0
Description : Unknown RPC service
Annotation : IKE/Authip API
Type : Local RPC service
Named pipe : IUserProfile2

Object UUID : 00000000-0000-0000-0000-000000000000
UUID : a398e520-d59a-4bdd-aa7a-3c1e0303a511, version 1.0
Description : Unknown RPC service
Annotation : IKE/Authip API
Type : Local RPC service
Named pipe : OLE00F960A1A06D423DA757C39857DA

Object UUID : 00000000-0000-0000-0000-000000000000
UUID : a398e520-d59a-4bdd-aa7a-3c1e0303a511, version 1.0
Description : Unknown RPC service
Annotation : IKE/Authip API
Type : Local RPC service
Named pipe : senssvc

Object UUID : 00000000-0000-0000-0000-000000000000
UUID : 552d076a-cb29-4e44-8b6a-d15e59e2c0af, version 1.0
Description : Unknown RPC service
Annotation : IP Transition Configuration endpoint
Type : Local RPC service
Named pipe : IUserProfile2

Object UUID : 00000000-0000-0000-0000-000000000000
UUID : 552d076a-cb29-4e44-8b6a-d15e59e2c0af, version 1.0
Description : Unknown RPC service
Annotation : IP Transition Configuration endpoint
Type : Local RPC service
Named pipe : OLE00F960A1A06D423DA757C39857DA

Object UUID : 00000000-0000-0000-0000-000000000000
UUID : 552d076a-cb29-4e44-8b6a-d15e59e2c0af, version 1.0
Description : Unknown RPC service
Annotation : IP Transition Configuration endpoint
Type : Local RPC service
Named pipe : senssvc

Object UUID : 00000000-0000-0000-0000-000000000000
UUID : 98716d03-89ac-44c7-bb8c-285824e51c4a, version 1.0
Description : Unknown RPC service
Annotation : XactSrv service
Type : Local RPC service
Named pipe : IUserProfile2

Object UUID : 00000000-0000-0000-0000-000000000000
UUID : 98716d03-89ac-44c7-bb8c-285824e51c4a, version 1.0
Description : Unknown RPC service
Annotation : XactSrv service
Type : Local RPC service
Named pipe : OLE00F960A1A06D423DA757C39857DA

Object UUID : 00000000-0000-0000-0000-000000000000
UUID : 98716d03-89ac-44c7-bb8c-285824e51c4a, version 1.0
Description : Unknown RPC service
Annotation : XactSrv service
Type : Local RPC service
Named pipe : senssvc

Object UUID : 73736573-6f69-656e-6e76-000000000000
UUID : c9ac6db5-82b7-4e55-ae8a-e464ed7b4277, version 1.0
Description : Unknown RPC service
Annotation : Impl friendly name
Type : Local RPC service
Named pipe : IUserProfile2

Object UUID : 73736573-6f69-656e-6e76-000000000000
UUID : c9ac6db5-82b7-4e55-ae8a-e464ed7b4277, version 1.0
Description : Unknown RPC service
Annotation : Impl friendly name
Type : Local RPC service
Named pipe : OLE00F960A1A06D423DA757C39857DA

Object UUID : 73736573-6f69-656e-6e76-000000000000
UUID : c9ac6db5-82b7-4e55-ae8a-e464ed7b4277, version 1.0
Description : Unknown RPC service
Annotation : Impl friendly name
Type : Local RPC service
Named pipe : senssvc

Object UUID : 00000000-0000-0000-0000-000000000000
UUID : 30b044a5-a225-43f0-b3a4-e060df91f9c1, version 1.0
Description : Unknown RPC service
Type : Local RPC service
Named pipe : IUserProfile2

Object UUID : 00000000-0000-0000-0000-000000000000
UUID : 30b044a5-a225-43f0-b3a4-e060df91f9c1, version 1.0
Description : Unknown RPC service
Type : Local RPC service
Named pipe : OLE00F960A1A06D423DA757C39857DA

Object UUID : 00000000-0000-0000-0000-000000000000
UUID : 30b044a5-a225-43f0-b3a4-e060df91f9c1, version 1.0
Description : Unknown RPC service
Type : Local RPC service
Named pipe : senssvc

Object UUID : 00000000-0000-0000-0000-000000000000
UUID : f6beaff7-1e19-4fbb-9f8f-b89e2018337c, version 1.0
Description : Unknown RPC service
Annotation : Event log TCPIP
Type : Local RPC service
Named pipe : eventlog

Object UUID : 00000000-0000-0000-0000-000000000000
UUID : 30adc50c-5cbc-46ce-9a0e-91914789e23c, version 1.0
Description : Unknown RPC service
Annotation : NRP server endpoint
Type : Local RPC service
Named pipe : eventlog

Object UUID : 00000000-0000-0000-0000-000000000000
UUID : 3c4728c5-f0ab-448b-bda1-6ce01eb0a6d6, version 1.0
Description : Unknown RPC service
Annotation : DHCPv6 Client LRPC Endpoint
Type : Local RPC service
Named pipe : eventlog

Object UUID : 00000000-0000-0000-0000-000000000000
UUID : 3c4728c5-f0ab-448b-bda1-6ce01eb0a6d6, version 1.0
Description : Unknown RPC service
Annotation : DHCPv6 Client LRPC Endpoint
Type : Local RPC service
Named pipe : dhcpcsvc6

Object UUID : 00000000-0000-0000-0000-000000000000
UUID : 3c4728c5-f0ab-448b-bda1-6ce01eb0a6d5, version 1.0
Description : DHCP Client Service
Windows process : svchost.exe
Annotation : DHCP Client LRPC Endpoint
Type : Local RPC service
Named pipe : eventlog

","[]",0,"","2001-08-26","2012-01-31"
"nessus_sample_1.nessus","qa3app04","10.31.112.24","Microsoft Windows Server 2008 R2 Standard Service Pack 1",49152,"tcp","dce-rpc",0,10736,"DCE Services Enumeration","Windows","A DCE/RPC service is running on the remote host.","By sending a Lookup request to the portmapper (TCP 135 or epmapper PIPE) it was possible to enumerate the Distributed Computing Environment (DCE) services running on the remote port.
Using this information it is possible to connect and bind to each service by sending an RPC request to the remote port/pipe.","n/a","None","
The following DCERPC services are available on TCP port 49152 :

Object UUID : 765294ba-60bc-48b8-92e9-89fd77769d91
UUID : d95afe70-a6d5-4259-822e-2c84da1ddb0d, version 1.0
Description : Unknown RPC service
Type : Remote RPC service
TCP Port : 49152
IP : 10.31.112.24

","[]",0,"","2001-08-26","2012-01-31"
"nessus_sample_1.nessus","qa3app04","10.31.112.24","Microsoft Windows Server 2008 R2 Standard Service Pack 1",49153,"tcp","dce-rpc",0,10736,"DCE Services Enumeration","Windows","A DCE/RPC service is running on the remote host.","By sending a Lookup request to the portmapper (TCP 135 or epmapper PIPE) it was possible to enumerate the Distributed Computing Environment (DCE) services running on the remote port.
Using this information it is possible to connect and bind to each service by sending an RPC request to the remote port/pipe.","n/a","None","
The following DCERPC services are available on TCP port 49153 :

Object UUID : 00000000-0000-0000-0000-000000000000
UUID : 3c4728c5-f0ab-448b-bda1-6ce01eb0a6d5, version 1.0
Description : DHCP Client Service
Windows process : svchost.exe
Annotation : DHCP Client LRPC Endpoint
Type : Remote RPC service
TCP Port : 49153
IP : 10.31.112.24

Object UUID : 00000000-0000-0000-0000-000000000000
UUID : f6beaff7-1e19-4fbb-9f8f-b89e2018337c, version 1.0
Description : Unknown RPC service
Annotation : Event log TCPIP
Type : Remote RPC service
TCP Port : 49153
IP : 10.31.112.24

Object UUID : 00000000-0000-0000-0000-000000000000
UUID : 30adc50c-5cbc-46ce-9a0e-91914789e23c, version 1.0
Description : Unknown RPC service
Annotation : NRP server endpoint
Type : Remote RPC service
TCP Port : 49153
IP : 10.31.112.24

Object UUID : 00000000-0000-0000-0000-000000000000
UUID : 3c4728c5-f0ab-448b-bda1-6ce01eb0a6d6, version 1.0
Description : Unknown RPC service
Annotation : DHCPv6 Client LRPC Endpoint
Type : Remote RPC service
TCP Port : 49153
IP : 10.31.112.24

","[]",0,"","2001-08-26","2012-01-31"
"nessus_sample_1.nessus","qa3app04","10.31.112.24","Microsoft Windows Server 2008 R2 Standard Service Pack 1",49251,"tcp","dce-rpc",0,10736,"DCE Services Enumeration","Windows","A DCE/RPC service is running on the remote host.","By sending a Lookup request to the portmapper (TCP 135 or epmapper PIPE) it was possible to enumerate the Distributed Computing Environment (DCE) services running on the remote port.
Using this information it is possible to connect and bind to each service by sending an RPC request to the remote port/pipe.","n/a","None","
The following DCERPC services are available on TCP port 49251 :

Object UUID : 00000000-0000-0000-0000-000000000000
UUID : 367abb81-9844-35f1-ad32-98f038001003, version 2.0
Description : Unknown RPC service
Type : Remote RPC service
TCP Port : 49251
IP : 10.31.112.24

","[]",0,"","2001-08-26","2012-01-31"
"nessus_sample_1.nessus","qa3app04","10.31.112.24","Microsoft Windows Server 2008 R2 Standard Service Pack 1",49176,"tcp","dce-rpc",0,10736,"DCE Services Enumeration","Windows","A DCE/RPC service is running on the remote host.","By sending a Lookup request to the portmapper (TCP 135 or epmapper PIPE) it was possible to enumerate the Distributed Computing Environment (DCE) services running on the remote port.
Using this information it is possible to connect and bind to each service by sending an RPC request to the remote port/pipe.","n/a","None","
The following DCERPC services are available on TCP port 49176 :

Object UUID : 00000000-0000-0000-0000-000000000000
UUID : 12345778-1234-abcd-ef00-0123456789ac, version 1.0
Description : Security Account Manager
Windows process : lsass.exe
Type : Remote RPC service
TCP Port : 49176
IP : 10.31.112.24

","[]",0,"","2001-08-26","2012-01-31"
"nessus_sample_1.nessus","qa3app04","10.31.112.24","Microsoft Windows Server 2008 R2 Standard Service Pack 1",49154,"tcp","dce-rpc",0,10736,"DCE Services Enumeration","Windows","A DCE/RPC service is running on the remote host.","By sending a Lookup request to the portmapper (TCP 135 or epmapper PIPE) it was possible to enumerate the Distributed Computing Environment (DCE) services running on the remote port.
Using this information it is possible to connect and bind to each service by sending an RPC request to the remote port/pipe.","n/a","None","
The following DCERPC services are available on TCP port 49154 :

Object UUID : 00000000-0000-0000-0000-000000000000
UUID : 86d35949-83c9-4044-b424-db363231fd0c, version 1.0
Description : Unknown RPC service
Type : Remote RPC service
TCP Port : 49154
IP : 10.31.112.24

Object UUID : 00000000-0000-0000-0000-000000000000
UUID : a398e520-d59a-4bdd-aa7a-3c1e0303a511, version 1.0
Description : Unknown RPC service
Annotation : IKE/Authip API
Type : Remote RPC service
TCP Port : 49154
IP : 10.31.112.24

Object UUID : 00000000-0000-0000-0000-000000000000
UUID : 552d076a-cb29-4e44-8b6a-d15e59e2c0af, version 1.0
Description : Unknown RPC service
Annotation : IP Transition Configuration endpoint
Type : Remote RPC service
TCP Port : 49154
IP : 10.31.112.24

Object UUID : 00000000-0000-0000-0000-000000000000
UUID : 98716d03-89ac-44c7-bb8c-285824e51c4a, version 1.0
Description : Unknown RPC service
Annotation : XactSrv service
Type : Remote RPC service
TCP Port : 49154
IP : 10.31.112.24

Object UUID : 73736573-6f69-656e-6e76-000000000000
UUID : c9ac6db5-82b7-4e55-ae8a-e464ed7b4277, version 1.0
Description : Unknown RPC service
Annotation : Impl friendly name
Type : Remote RPC service
TCP Port : 49154
IP : 10.31.112.24

Object UUID : 00000000-0000-0000-0000-000000000000
UUID : 30b044a5-a225-43f0-b3a4-e060df91f9c1, version 1.0
Description : Unknown RPC service
Type : Remote RPC service
TCP Port : 49154
IP : 10.31.112.24

","[]",0,"","2001-08-26","2012-01-31"
"nessus_sample_1.nessus","qa3app04","10.31.112.24","Microsoft Windows Server 2008 R2 Standard Service Pack 1",49252,"tcp","dce-rpc",0,10736,"DCE Services Enumeration","Windows","A DCE/RPC service is running on the remote host.","By sending a Lookup request to the portmapper (TCP 135 or epmapper PIPE) it was possible to enumerate the Distributed Computing Environment (DCE) services running on the remote port.
Using this information it is possible to connect and bind to each service by sending an RPC request to the remote port/pipe.","n/a","None","
The following DCERPC services are available on TCP port 49252 :

Object UUID : 00000000-0000-0000-0000-000000000000
UUID : 6b5bdd1e-528c-422c-af8c-a4079be4fe48, version 1.0
Description : Unknown RPC service
Annotation : Remote Fw APIs
Type : Remote RPC service
TCP Port : 49252
IP : 10.31.112.24

Object UUID : 00000000-0000-0000-0000-000000000000
UUID : 12345678-1234-abcd-ef00-0123456789ab, version 1.0
Description : IPsec Services (Windows XP & 2003)
Windows process : lsass.exe
Annotation : IPSec Policy agent endpoint
Type : Remote RPC service
TCP Port : 49252
IP : 10.31.112.24

","[]",0,"","2001-08-26","2012-01-31"
"nessus_sample_1.nessus","qa3app04","10.31.112.24","Microsoft Windows Server 2008 R2 Standard Service Pack 1",445,"tcp","cifs",0,10736,"DCE Services Enumeration","Windows","A DCE/RPC service is running on the remote host.","By sending a Lookup request to the portmapper (TCP 135 or epmapper PIPE) it was possible to enumerate the Distributed Computing Environment (DCE) services running on the remote port.
Using this information it is possible to connect and bind to each service by sending an RPC request to the remote port/pipe.","n/a","None","
The following DCERPC services are available remotely :

Object UUID : 765294ba-60bc-48b8-92e9-89fd77769d91
UUID : d95afe70-a6d5-4259-822e-2c84da1ddb0d, version 1.0
Description : Unknown RPC service
Type : Remote RPC service
Named pipe : \PIPE\InitShutdown
Netbios name : \\QA3APP04

Object UUID : b08669ee-8cb5-43a5-a017-84fe00000000
UUID : 76f226c3-ec14-4325-8a99-6a46348418af, version 1.0
Description : Unknown RPC service
Type : Remote RPC service
Named pipe : \PIPE\InitShutdown
Netbios name : \\QA3APP04

Object UUID : 00000000-0000-0000-0000-000000000000
UUID : 12345778-1234-abcd-ef00-0123456789ac, version 1.0
Description : Security Account Manager
Windows process : lsass.exe
Type : Remote RPC service
Named pipe : \pipe\lsass
Netbios name : \\QA3APP04

Object UUID : 00000000-0000-0000-0000-000000000000
UUID : 12345778-1234-abcd-ef00-0123456789ac, version 1.0
Description : Security Account Manager
Windows process : lsass.exe
Type : Remote RPC service
Named pipe : \PIPE\protected_storage
Netbios name : \\QA3APP04

Object UUID : 00000000-0000-0000-0000-000000000000
UUID : 3473dd4d-2e88-4006-9cba-22570909dd10, version 5.0
Description : Unknown RPC service
Annotation : WinHttp Auto-Proxy Service
Type : Remote RPC service
Named pipe : \PIPE\W32TIME_ALT
Netbios name : \\QA3APP04

Object UUID : 00000000-0000-0000-0000-000000000000
UUID : 1ff70682-0a51-30e8-076d-740be8cee98b, version 1.0
Description : Scheduler Service
Windows process : svchost.exe
Type : Remote RPC service
Named pipe : \PIPE\atsvc
Netbios name : \\QA3APP04

Object UUID : 00000000-0000-0000-0000-000000000000
UUID : 378e52b0-c0a9-11cf-822d-00aa0051e40f, version 1.0
Description : Scheduler Service
Windows process : svchost.exe
Type : Remote RPC service
Named pipe : \PIPE\atsvc
Netbios name : \\QA3APP04

Object UUID : 00000000-0000-0000-0000-000000000000
UUID : 86d35949-83c9-4044-b424-db363231fd0c, version 1.0
Description : Unknown RPC service
Type : Remote RPC service
Named pipe : \PIPE\atsvc
Netbios name : \\QA3APP04

Object UUID : 00000000-0000-0000-0000-000000000000
UUID : a398e520-d59a-4bdd-aa7a-3c1e0303a511, version 1.0
Description : Unknown RPC service
Annotation : IKE/Authip API
Type : Remote RPC service
Named pipe : \PIPE\atsvc
Netbios name : \\QA3APP04

Object UUID : 00000000-0000-0000-0000-000000000000
UUID : 552d076a-cb29-4e44-8b6a-d15e59e2c0af, version 1.0
Description : Unknown RPC service
Annotation : IP Transition Configuration endpoint
Type : Remote RPC service
Named pipe : \PIPE\atsvc
Netbios name : \\QA3APP04

Object UUID : 00000000-0000-0000-0000-000000000000
UUID : 98716d03-89ac-44c7-bb8c-285824e51c4a, version 1.0
Description : Unknown RPC service
Annotation : XactSrv service
Type : Remote RPC service
Named pipe : \PIPE\atsvc
Netbios name : \\QA3APP04

Object UUID : 73736573-6f69-656e-6e76-000000000000
UUID : c9ac6db5-82b7-4e55-ae8a-e464ed7b4277, version 1.0
Description : Unknown RPC service
Annotation : Impl friendly name
Type : Remote RPC service
Named pipe : \PIPE\atsvc
Netbios name : \\QA3APP04

Object UUID : 73736573-6f69-656e-6e76-000000000000
UUID : c9ac6db5-82b7-4e55-ae8a-e464ed7b4277, version 1.0
Description : Unknown RPC service
Annotation : Impl friendly name
Type : Remote RPC service
Named pipe : \PIPE\srvsvc
Netbios name : \\QA3APP04

Object UUID : 00000000-0000-0000-0000-000000000000
UUID : 30b044a5-a225-43f0-b3a4-e060df91f9c1, version 1.0
Description : Unknown RPC service
Type : Remote RPC service
Named pipe : \PIPE\atsvc
Netbios name : \\QA3APP04

Object UUID : 00000000-0000-0000-0000-000000000000
UUID : 30b044a5-a225-43f0-b3a4-e060df91f9c1, version 1.0
Description : Unknown RPC service
Type : Remote RPC service
Named pipe : \PIPE\srvsvc
Netbios name : \\QA3APP04

Object UUID : 00000000-0000-0000-0000-000000000000
UUID : f6beaff7-1e19-4fbb-9f8f-b89e2018337c, version 1.0
Description : Unknown RPC service
Annotation : Event log TCPIP
Type : Remote RPC service
Named pipe : \pipe\eventlog
Netbios name : \\QA3APP04

Object UUID : 00000000-0000-0000-0000-000000000000
UUID : 30adc50c-5cbc-46ce-9a0e-91914789e23c, version 1.0
Description : Unknown RPC service
Annotation : NRP server endpoint
Type : Remote RPC service
Named pipe : \pipe\eventlog
Netbios name : \\QA3APP04

Object UUID : 00000000-0000-0000-0000-000000000000
UUID : 3c4728c5-f0ab-448b-bda1-6ce01eb0a6d6, version 1.0
Description : Unknown RPC service
Annotation : DHCPv6 Client LRPC Endpoint
Type : Remote RPC service
Named pipe : \pipe\eventlog
Netbios name : \\QA3APP04

Object UUID : 00000000-0000-0000-0000-000000000000
UUID : 3c4728c5-f0ab-448b-bda1-6ce01eb0a6d5, version 1.0
Description : DHCP Client Service
Windows process : svchost.exe
Annotation : DHCP Client LRPC Endpoint
Type : Remote RPC service
Named pipe : \pipe\eventlog
Netbios name : \\QA3APP04

","[]",0,"","2001-08-26","2012-01-31"
"nessus_sample_1.nessus","qa3app04","10.31.112.24","Microsoft Windows Server 2008 R2 Standard Service Pack 1",135,"tcp","epmap",0,10736,"DCE Services Enumeration","Windows","A DCE/RPC service is running on the remote host.","By sending a Lookup request to the portmapper (TCP 135 or epmapper PIPE) it was possible to enumerate the Distributed Computing Environment (DCE) services running on the remote port.
Using this information it is possible to connect and bind to each service by sending an RPC request to the remote port/pipe.","n/a","None","
The following DCERPC services are available locally :

Object UUID : 765294ba-60bc-48b8-92e9-89fd77769d91
UUID : d95afe70-a6d5-4259-822e-2c84da1ddb0d, version 1.0
Description : Unknown RPC service
Type : Local RPC service
Named pipe : WindowsShutdown

Object UUID : 765294ba-60bc-48b8-92e9-89fd77769d91
UUID : d95afe70-a6d5-4259-822e-2c84da1ddb0d, version 1.0
Description : Unknown RPC service
Type : Local RPC service
Named pipe : WMsgKRpc07E1B0

Object UUID : b08669ee-8cb5-43a5-a017-84fe00000000
UUID : 76f226c3-ec14-4325-8a99-6a46348418af, version 1.0
Description : Unknown RPC service
Type : Local RPC service
Named pipe : WindowsShutdown

Object UUID : b08669ee-8cb5-43a5-a017-84fe00000000
UUID : 76f226c3-ec14-4325-8a99-6a46348418af, version 1.0
Description : Unknown RPC service
Type : Local RPC service
Named pipe : WMsgKRpc07E1B0

Object UUID : 00000000-0000-0000-0000-000000000000
UUID : 3c4728c5-f0ab-448b-bda1-6ce01eb0a6d5, version 1.0
Description : DHCP Client Service
Windows process : svchost.exe
Annotation : DHCP Client LRPC Endpoint
Type : Local RPC service
Named pipe : dhcpcsvc

Object UUID : 00000000-0000-0000-0000-000000000000
UUID : 3c4728c5-f0ab-448b-bda1-6ce01eb0a6d5, version 1.0
Description : DHCP Client Service
Windows process : svchost.exe
Annotation : DHCP Client LRPC Endpoint
Type : Local RPC service
Named pipe : dhcpcsvc6

Object UUID : 3bdb59a0-d736-4d44-9074-c1ee00000001
UUID : 24019106-a203-4642-b88d-82dae9158929, version 1.0
Description : Unknown RPC service
Type : Local RPC service
Named pipe : LRPC-279a2989e923d6d6b2

Object UUID : b08669ee-8cb5-43a5-a017-84fe00000001
UUID : 76f226c3-ec14-4325-8a99-6a46348418af, version 1.0
Description : Unknown RPC service
Type : Local RPC service
Named pipe : WMsgKRpc039F511

Object UUID : 6d726574-7273-0076-0000-000000000000
UUID : c9ac6db5-82b7-4e55-ae8a-e464ed7b4277, version 1.0
Description : Unknown RPC service
Annotation : Impl friendly name
Type : Local RPC service
Named pipe : LRPC-e743087b6dcef271ff

Object UUID : c2ba80f5-cc46-40f2-a836-149986a7c331
UUID : 906b0ce0-c70b-1067-b317-00dd010662da, version 1.0
Description : Distributed Transaction Coordinator
Windows process : msdtc.exe
Type : Local RPC service
Named pipe : LRPC-88236b6322af838146

Object UUID : e8b88615-7e9d-4cce-8da6-b40bbe9f43cc
UUID : 906b0ce0-c70b-1067-b317-00dd010662da, version 1.0
Description : Distributed Transaction Coordinator
Windows process : msdtc.exe
Type : Local RPC service
Named pipe : LRPC-88236b6322af838146

Object UUID : 990fbead-10f8-4c42-becd-5a0d40b8b6d9
UUID : 906b0ce0-c70b-1067-b317-00dd010662da, version 1.0
Description : Distributed Transaction Coordinator
Windows process : msdtc.exe
Type : Local RPC service
Named pipe : LRPC-88236b6322af838146

Object UUID : c5e205a9-a5b2-4620-8bb1-d3ca9242ef89
UUID : 906b0ce0-c70b-1067-b317-00dd010662da, version 1.0
Description : Distributed Transaction Coordinator
Windows process : msdtc.exe
Type : Local RPC service
Named pipe : LRPC-88236b6322af838146

Object UUID : a580ecc1-3261-474e-818c-4ec4e026c10b
UUID : 906b0ce0-c70b-1067-b317-00dd010662da, version 1.0
Description : Distributed Transaction Coordinator
Windows process : msdtc.exe
Type : Local RPC service
Named pipe : OLEC433878C150A46A6AC1D0FF421AC

Object UUID : a580ecc1-3261-474e-818c-4ec4e026c10b
UUID : 906b0ce0-c70b-1067-b317-00dd010662da, version 1.0
Description : Distributed Transaction Coordinator
Windows process : msdtc.exe
Type : Local RPC service
Named pipe : LRPC-94e2c58f8e74dea10e

Object UUID : 00000000-0000-0000-0000-000000000000
UUID : 12345678-1234-abcd-ef00-0123456789ab, version 1.0
Description : IPsec Services (Windows XP & 2003)
Windows process : lsass.exe
Annotation : IPSec Policy agent endpoint
Type : Local RPC service
Named pipe : LRPC-7ba47c373c7ef2d170

Object UUID : 00000000-0000-0000-0000-000000000000
UUID : 12345778-1234-abcd-ef00-0123456789ac, version 1.0
Description : Security Account Manager
Windows process : lsass.exe
Type : Local RPC service
Named pipe : LRPC-e194f41645a608a045

Object UUID : 00000000-0000-0000-0000-000000000000
UUID : 12345778-1234-abcd-ef00-0123456789ac, version 1.0
Description : Security Account Manager
Windows process : lsass.exe
Type : Local RPC service
Named pipe : audit

Object UUID : 00000000-0000-0000-0000-000000000000
UUID : 12345778-1234-abcd-ef00-0123456789ac, version 1.0
Description : Security Account Manager
Windows process : lsass.exe
Type : Local RPC service
Named pipe : securityevent

Object UUID : 00000000-0000-0000-0000-000000000000
UUID : 12345778-1234-abcd-ef00-0123456789ac, version 1.0
Description : Security Account Manager
Windows process : lsass.exe
Type : Local RPC service
Named pipe : LSARPC_ENDPOINT

Object UUID : 00000000-0000-0000-0000-000000000000
UUID : 12345778-1234-abcd-ef00-0123456789ac, version 1.0
Description : Security Account Manager
Windows process : lsass.exe
Type : Local RPC service
Named pipe : lsapolicylookup

Object UUID : 00000000-0000-0000-0000-000000000000
UUID : 12345778-1234-abcd-ef00-0123456789ac, version 1.0
Description : Security Account Manager
Windows process : lsass.exe
Type : Local RPC service
Named pipe : lsasspirpc

Object UUID : 00000000-0000-0000-0000-000000000000
UUID : 12345778-1234-abcd-ef00-0123456789ac, version 1.0
Description : Security Account Manager
Windows process : lsass.exe
Type : Local RPC service
Named pipe : protected_storage

Object UUID : 00000000-0000-0000-0000-000000000000
UUID : 12345778-1234-abcd-ef00-0123456789ac, version 1.0
Description : Security Account Manager
Windows process : lsass.exe
Type : Local RPC service
Named pipe : dsrole

Object UUID : 00000000-0000-0000-0000-000000000000
UUID : 12345778-1234-abcd-ef00-0123456789ac, version 1.0
Description : Security Account Manager
Windows process : lsass.exe
Type : Local RPC service
Named pipe : samss lpc

Object UUID : 00000000-0000-0000-0000-000000000000
UUID : 0b6edbfa-4a24-4fc6-8a23-942b1eca65d1, version 1.0
Description : Unknown RPC service
Annotation : Spooler function endpoint
Type : Local RPC service
Named pipe : spoolss

Object UUID : 00000000-0000-0000-0000-000000000000
UUID : ae33069b-a2a8-46ee-a235-ddfd339be281, version 1.0
Description : Unknown RPC service
Annotation : Spooler base remote object endpoint
Type : Local RPC service
Named pipe : spoolss

Object UUID : 00000000-0000-0000-0000-000000000000
UUID : 4a452661-8290-4b36-8fbe-7f4093a94978, version 1.0
Description : Unknown RPC service
Annotation : Spooler function endpoint
Type : Local RPC service
Named pipe : spoolss

Object UUID : 00000000-0000-0000-0000-000000000000
UUID : dd490425-5325-4565-b774-7e27d6c09c24, version 1.0
Description : Unknown RPC service
Annotation : Base Firewall Engine API
Type : Local RPC service
Named pipe : LRPC-5956bfc729832c03c1

Object UUID : 00000000-0000-0000-0000-000000000000
UUID : 7f9d11bf-7fb9-436b-a812-b2d50c5d4c03, version 1.0
Description : Unknown RPC service
Annotation : Fw APIs
Type : Local RPC service
Named pipe : LRPC-5956bfc729832c03c1

Object UUID : 00000000-0000-0000-0000-000000000000
UUID : 2fb92682-6599-42dc-ae13-bd2ca89bd11c, version 1.0
Description : Unknown RPC service
Annotation : Fw APIs
Type : Local RPC service
Named pipe : LRPC-5956bfc729832c03c1

Object UUID : 00000000-0000-0000-0000-000000000000
UUID : 7ea70bcf-48af-4f6a-8968-6a440754d5fa, version 1.0
Description : Unknown RPC service
Annotation : NSI server endpoint
Type : Local RPC service
Named pipe : OLE5577953DDB34401FB8D6623FEA4F

Object UUID : 00000000-0000-0000-0000-000000000000
UUID : 7ea70bcf-48af-4f6a-8968-6a440754d5fa, version 1.0
Description : Unknown RPC service
Annotation : NSI server endpoint
Type : Local RPC service
Named pipe : LRPC-3a87e48bcf0a548d47

Object UUID : 00000000-0000-0000-0000-000000000000
UUID : 3473dd4d-2e88-4006-9cba-22570909dd10, version 5.0
Description : Unknown RPC service
Annotation : WinHttp Auto-Proxy Service
Type : Local RPC service
Named pipe : OLE5577953DDB34401FB8D6623FEA4F

Object UUID : 00000000-0000-0000-0000-000000000000
UUID : 3473dd4d-2e88-4006-9cba-22570909dd10, version 5.0
Description : Unknown RPC service
Annotation : WinHttp Auto-Proxy Service
Type : Local RPC service
Named pipe : LRPC-3a87e48bcf0a548d47

Object UUID : 00000000-0000-0000-0000-000000000000
UUID : 3473dd4d-2e88-4006-9cba-22570909dd10, version 5.0
Description : Unknown RPC service
Annotation : WinHttp Auto-Proxy Service
Type : Local RPC service
Named pipe : W32TIME_ALT

Object UUID : 666f7270-6c69-7365-0000-000000000000
UUID : c9ac6db5-82b7-4e55-ae8a-e464ed7b4277, version 1.0
Description : Unknown RPC service
Annotation : Impl friendly name
Type : Local RPC service
Named pipe : IUserProfile2

Object UUID : 6c637067-6569-746e-0000-000000000000
UUID : c9ac6db5-82b7-4e55-ae8a-e464ed7b4277, version 1.0
Description : Unknown RPC service
Annotation : Impl friendly name
Type : Local RPC service
Named pipe : IUserProfile2

Object UUID : 24d1f7c7-76af-4f28-9ccd-7f6cb6468601
UUID : 2eb08e3e-639f-4fba-97b1-14f878961076, version 1.0
Description : Unknown RPC service
Type : Local RPC service
Named pipe : IUserProfile2

Object UUID : 736e6573-0000-0000-0000-000000000000
UUID : c9ac6db5-82b7-4e55-ae8a-e464ed7b4277, version 1.0
Description : Unknown RPC service
Annotation : Impl friendly name
Type : Local RPC service
Named pipe : IUserProfile2

Object UUID : 736e6573-0000-0000-0000-000000000000
UUID : c9ac6db5-82b7-4e55-ae8a-e464ed7b4277, version 1.0
Description : Unknown RPC service
Annotation : Impl friendly name
Type : Local RPC service
Named pipe : OLEA2596E1D0415477D85D5A5442347

Object UUID : 736e6573-0000-0000-0000-000000000000
UUID : c9ac6db5-82b7-4e55-ae8a-e464ed7b4277, version 1.0
Description : Unknown RPC service
Annotation : Impl friendly name
Type : Local RPC service
Named pipe : senssvc

Object UUID : 00000000-0000-0000-0000-000000000000
UUID : 0a74ef1c-41a4-4e06-83ae-dc74fb1cdd53, version 1.0
Description : Scheduler Service
Windows process : svchost.exe
Type : Local RPC service
Named pipe : IUserProfile2

Object UUID : 00000000-0000-0000-0000-000000000000
UUID : 0a74ef1c-41a4-4e06-83ae-dc74fb1cdd53, version 1.0
Description : Scheduler Service
Windows process : svchost.exe
Type : Local RPC service
Named pipe : OLEA2596E1D0415477D85D5A5442347

Object UUID : 00000000-0000-0000-0000-000000000000
UUID : 0a74ef1c-41a4-4e06-83ae-dc74fb1cdd53, version 1.0
Description : Scheduler Service
Windows process : svchost.exe
Type : Local RPC service
Named pipe : senssvc

Object UUID : 00000000-0000-0000-0000-000000000000
UUID : 1ff70682-0a51-30e8-076d-740be8cee98b, version 1.0
Description : Scheduler Service
Windows process : svchost.exe
Type : Local RPC service
Named pipe : IUserProfile2

Object UUID : 00000000-0000-0000-0000-000000000000
UUID : 1ff70682-0a51-30e8-076d-740be8cee98b, version 1.0
Description : Scheduler Service
Windows process : svchost.exe
Type : Local RPC service
Named pipe : OLEA2596E1D0415477D85D5A5442347

Object UUID : 00000000-0000-0000-0000-000000000000
UUID : 1ff70682-0a51-30e8-076d-740be8cee98b, version 1.0
Description : Scheduler Service
Windows process : svchost.exe
Type : Local RPC service
Named pipe : senssvc

Object UUID : 00000000-0000-0000-0000-000000000000
UUID : 378e52b0-c0a9-11cf-822d-00aa0051e40f, version 1.0
Description : Scheduler Service
Windows process : svchost.exe
Type : Local RPC service
Named pipe : IUserProfile2

Object UUID : 00000000-0000-0000-0000-000000000000
UUID : 378e52b0-c0a9-11cf-822d-00aa0051e40f, version 1.0
Description : Scheduler Service
Windows process : svchost.exe
Type : Local RPC service
Named pipe : OLEA2596E1D0415477D85D5A5442347

Object UUID : 00000000-0000-0000-0000-000000000000
UUID : 378e52b0-c0a9-11cf-822d-00aa0051e40f, version 1.0
Description : Scheduler Service
Windows process : svchost.exe
Type : Local RPC service
Named pipe : senssvc

Object UUID : 00000000-0000-0000-0000-000000000000
UUID : 86d35949-83c9-4044-b424-db363231fd0c, version 1.0
Description : Unknown RPC service
Type : Local RPC service
Named pipe : IUserProfile2

Object UUID : 00000000-0000-0000-0000-000000000000
UUID : 86d35949-83c9-4044-b424-db363231fd0c, version 1.0
Description : Unknown RPC service
Type : Local RPC service
Named pipe : OLEA2596E1D0415477D85D5A5442347

Object UUID : 00000000-0000-0000-0000-000000000000
UUID : 86d35949-83c9-4044-b424-db363231fd0c, version 1.0
Description : Unknown RPC service
Type : Local RPC service
Named pipe : senssvc

Object UUID : 00000000-0000-0000-0000-000000000000
UUID : a398e520-d59a-4bdd-aa7a-3c1e0303a511, version 1.0
Description : Unknown RPC service
Annotation : IKE/Authip API
Type : Local RPC service
Named pipe : IUserProfile2

Object UUID : 00000000-0000-0000-0000-000000000000
UUID : a398e520-d59a-4bdd-aa7a-3c1e0303a511, version 1.0
Description : Unknown RPC service
Annotation : IKE/Authip API
Type : Local RPC service
Named pipe : OLEA2596E1D0415477D85D5A5442347

Object UUID : 00000000-0000-0000-0000-000000000000
UUID : a398e520-d59a-4bdd-aa7a-3c1e0303a511, version 1.0
Description : Unknown RPC service
Annotation : IKE/Authip API
Type : Local RPC service
Named pipe : senssvc

Object UUID : 00000000-0000-0000-0000-000000000000
UUID : 552d076a-cb29-4e44-8b6a-d15e59e2c0af, version 1.0
Description : Unknown RPC service
Annotation : IP Transition Configuration endpoint
Type : Local RPC service
Named pipe : IUserProfile2

Object UUID : 00000000-0000-0000-0000-000000000000
UUID : 552d076a-cb29-4e44-8b6a-d15e59e2c0af, version 1.0
Description : Unknown RPC service
Annotation : IP Transition Configuration endpoint
Type : Local RPC service
Named pipe : OLEA2596E1D0415477D85D5A5442347

Object UUID : 00000000-0000-0000-0000-000000000000
UUID : 552d076a-cb29-4e44-8b6a-d15e59e2c0af, version 1.0
Description : Unknown RPC service
Annotation : IP Transition Configuration endpoint
Type : Local RPC service
Named pipe : senssvc

Object UUID : 00000000-0000-0000-0000-000000000000
UUID : 98716d03-89ac-44c7-bb8c-285824e51c4a, version 1.0
Description : Unknown RPC service
Annotation : XactSrv service
Type : Local RPC service
Named pipe : IUserProfile2

Object UUID : 00000000-0000-0000-0000-000000000000
UUID : 98716d03-89ac-44c7-bb8c-285824e51c4a, version 1.0
Description : Unknown RPC service
Annotation : XactSrv service
Type : Local RPC service
Named pipe : OLEA2596E1D0415477D85D5A5442347

Object UUID : 00000000-0000-0000-0000-000000000000
UUID : 98716d03-89ac-44c7-bb8c-285824e51c4a, version 1.0
Description : Unknown RPC service
Annotation : XactSrv service
Type : Local RPC service
Named pipe : senssvc

Object UUID : 73736573-6f69-656e-6e76-000000000000
UUID : c9ac6db5-82b7-4e55-ae8a-e464ed7b4277, version 1.0
Description : Unknown RPC service
Annotation : Impl friendly name
Type : Local RPC service
Named pipe : IUserProfile2

Object UUID : 73736573-6f69-656e-6e76-000000000000
UUID : c9ac6db5-82b7-4e55-ae8a-e464ed7b4277, version 1.0
Description : Unknown RPC service
Annotation : Impl friendly name
Type : Local RPC service
Named pipe : OLEA2596E1D0415477D85D5A5442347

Object UUID : 73736573-6f69-656e-6e76-000000000000
UUID : c9ac6db5-82b7-4e55-ae8a-e464ed7b4277, version 1.0
Description : Unknown RPC service
Annotation : Impl friendly name
Type : Local RPC service
Named pipe : senssvc

Object UUID : 00000000-0000-0000-0000-000000000000
UUID : 30b044a5-a225-43f0-b3a4-e060df91f9c1, version 1.0
Description : Unknown RPC service
Type : Local RPC service
Named pipe : IUserProfile2

Object UUID : 00000000-0000-0000-0000-000000000000
UUID : 30b044a5-a225-43f0-b3a4-e060df91f9c1, version 1.0
Description : Unknown RPC service
Type : Local RPC service
Named pipe : OLEA2596E1D0415477D85D5A5442347

Object UUID : 00000000-0000-0000-0000-000000000000
UUID : 30b044a5-a225-43f0-b3a4-e060df91f9c1, version 1.0
Description : Unknown RPC service
Type : Local RPC service
Named pipe : senssvc

Object UUID : 00000000-0000-0000-0000-000000000000
UUID : f6beaff7-1e19-4fbb-9f8f-b89e2018337c, version 1.0
Description : Unknown RPC service
Annotation : Event log TCPIP
Type : Local RPC service
Named pipe : eventlog

Object UUID : 00000000-0000-0000-0000-000000000000
UUID : 30adc50c-5cbc-46ce-9a0e-91914789e23c, version 1.0
Description : Unknown RPC service
Annotation : NRP server endpoint
Type : Local RPC service
Named pipe : eventlog

Object UUID : 00000000-0000-0000-0000-000000000000
UUID : 3c4728c5-f0ab-448b-bda1-6ce01eb0a6d6, version 1.0
Description : Unknown RPC service
Annotation : DHCPv6 Client LRPC Endpoint
Type : Local RPC service
Named pipe : eventlog

Object UUID : 00000000-0000-0000-0000-000000000000
UUID : 3c4728c5-f0ab-448b-bda1-6ce01eb0a6d6, version 1.0
Description : Unknown RPC service
Annotation : DHCPv6 Client LRPC Endpoint
Type : Local RPC service
Named pipe : dhcpcsvc6

Object UUID : 00000000-0000-0000-0000-000000000000
UUID : 3c4728c5-f0ab-448b-bda1-6ce01eb0a6d5, version 1.0
Description : DHCP Client Service
Windows process : svchost.exe
Annotation : DHCP Client LRPC Endpoint
Type : Local RPC service
Named pipe : eventlog

","[]",0,"","2001-08-26","2012-01-31"
"nessus_sample_1.nessus","qa3app05","10.31.112.25","Microsoft Windows Server 2008 R2 Standard Service Pack 1",49152,"tcp","dce-rpc",0,10736,"DCE Services Enumeration","Windows","A DCE/RPC service is running on the remote host.","By sending a Lookup request to the portmapper (TCP 135 or epmapper PIPE) it was possible to enumerate the Distributed Computing Environment (DCE) services running on the remote port.
Using this information it is possible to connect and bind to each service by sending an RPC request to the remote port/pipe.","n/a","None","
The following DCERPC services are available on TCP port 49152 :

Object UUID : 765294ba-60bc-48b8-92e9-89fd77769d91
UUID : d95afe70-a6d5-4259-822e-2c84da1ddb0d, version 1.0
Description : Unknown RPC service
Type : Remote RPC service
TCP Port : 49152
IP : 10.31.112.25

","[]",0,"","2001-08-26","2012-01-31"
"nessus_sample_1.nessus","qa3app05","10.31.112.25","Microsoft Windows Server 2008 R2 Standard Service Pack 1",49153,"tcp","dce-rpc",0,10736,"DCE Services Enumeration","Windows","A DCE/RPC service is running on the remote host.","By sending a Lookup request to the portmapper (TCP 135 or epmapper PIPE) it was possible to enumerate the Distributed Computing Environment (DCE) services running on the remote port.
Using this information it is possible to connect and bind to each service by sending an RPC request to the remote port/pipe.","n/a","None","
The following DCERPC services are available on TCP port 49153 :

Object UUID : 00000000-0000-0000-0000-000000000000
UUID : 3c4728c5-f0ab-448b-bda1-6ce01eb0a6d5, version 1.0
Description : DHCP Client Service
Windows process : svchost.exe
Annotation : DHCP Client LRPC Endpoint
Type : Remote RPC service
TCP Port : 49153
IP : 10.31.112.25

Object UUID : 00000000-0000-0000-0000-000000000000
UUID : f6beaff7-1e19-4fbb-9f8f-b89e2018337c, version 1.0
Description : Unknown RPC service
Annotation : Event log TCPIP
Type : Remote RPC service
TCP Port : 49153
IP : 10.31.112.25

Object UUID : 00000000-0000-0000-0000-000000000000
UUID : 30adc50c-5cbc-46ce-9a0e-91914789e23c, version 1.0
Description : Unknown RPC service
Annotation : NRP server endpoint
Type : Remote RPC service
TCP Port : 49153
IP : 10.31.112.25

Object UUID : 00000000-0000-0000-0000-000000000000
UUID : 3c4728c5-f0ab-448b-bda1-6ce01eb0a6d6, version 1.0
Description : Unknown RPC service
Annotation : DHCPv6 Client LRPC Endpoint
Type : Remote RPC service
TCP Port : 49153
IP : 10.31.112.25

","[]",0,"","2001-08-26","2012-01-31"
"nessus_sample_1.nessus","qa3app05","10.31.112.25","Microsoft Windows Server 2008 R2 Standard Service Pack 1",49177,"tcp","dce-rpc",0,10736,"DCE Services Enumeration","Windows","A DCE/RPC service is running on the remote host.","By sending a Lookup request to the portmapper (TCP 135 or epmapper PIPE) it was possible to enumerate the Distributed Computing Environment (DCE) services running on the remote port.
Using this information it is possible to connect and bind to each service by sending an RPC request to the remote port/pipe.","n/a","None","
The following DCERPC services are available on TCP port 49177 :

Object UUID : 00000000-0000-0000-0000-000000000000
UUID : 12345778-1234-abcd-ef00-0123456789ac, version 1.0
Description : Security Account Manager
Windows process : lsass.exe
Type : Remote RPC service
TCP Port : 49177
IP : 10.31.112.25

","[]",0,"","2001-08-26","2012-01-31"
"nessus_sample_1.nessus","qa3app05","10.31.112.25","Microsoft Windows Server 2008 R2 Standard Service Pack 1",49253,"tcp","dce-rpc",0,10736,"DCE Services Enumeration","Windows","A DCE/RPC service is running on the remote host.","By sending a Lookup request to the portmapper (TCP 135 or epmapper PIPE) it was possible to enumerate the Distributed Computing Environment (DCE) services running on the remote port.
Using this information it is possible to connect and bind to each service by sending an RPC request to the remote port/pipe.","n/a","None","
The following DCERPC services are available on TCP port 49253 :

Object UUID : 00000000-0000-0000-0000-000000000000
UUID : 6b5bdd1e-528c-422c-af8c-a4079be4fe48, version 1.0
Description : Unknown RPC service
Annotation : Remote Fw APIs
Type : Remote RPC service
TCP Port : 49253
IP : 10.31.112.25

Object UUID : 00000000-0000-0000-0000-000000000000
UUID : 12345678-1234-abcd-ef00-0123456789ab, version 1.0
Description : IPsec Services (Windows XP & 2003)
Windows process : lsass.exe
Annotation : IPSec Policy agent endpoint
Type : Remote RPC service
TCP Port : 49253
IP : 10.31.112.25

","[]",0,"","2001-08-26","2012-01-31"
"nessus_sample_1.nessus","qa3app05","10.31.112.25","Microsoft Windows Server 2008 R2 Standard Service Pack 1",49154,"tcp","dce-rpc",0,10736,"DCE Services Enumeration","Windows","A DCE/RPC service is running on the remote host.","By sending a Lookup request to the portmapper (TCP 135 or epmapper PIPE) it was possible to enumerate the Distributed Computing Environment (DCE) services running on the remote port.
Using this information it is possible to connect and bind to each service by sending an RPC request to the remote port/pipe.","n/a","None","
The following DCERPC services are available on TCP port 49154 :

Object UUID : 00000000-0000-0000-0000-000000000000
UUID : 86d35949-83c9-4044-b424-db363231fd0c, version 1.0
Description : Unknown RPC service
Type : Remote RPC service
TCP Port : 49154
IP : 10.31.112.25

Object UUID : 00000000-0000-0000-0000-000000000000
UUID : a398e520-d59a-4bdd-aa7a-3c1e0303a511, version 1.0
Description : Unknown RPC service
Annotation : IKE/Authip API
Type : Remote RPC service
TCP Port : 49154
IP : 10.31.112.25

Object UUID : 00000000-0000-0000-0000-000000000000
UUID : 552d076a-cb29-4e44-8b6a-d15e59e2c0af, version 1.0
Description : Unknown RPC service
Annotation : IP Transition Configuration endpoint
Type : Remote RPC service
TCP Port : 49154
IP : 10.31.112.25

Object UUID : 00000000-0000-0000-0000-000000000000
UUID : 98716d03-89ac-44c7-bb8c-285824e51c4a, version 1.0
Description : Unknown RPC service
Annotation : XactSrv service
Type : Remote RPC service
TCP Port : 49154
IP : 10.31.112.25

Object UUID : 73736573-6f69-656e-6e76-000000000000
UUID : c9ac6db5-82b7-4e55-ae8a-e464ed7b4277, version 1.0
Description : Unknown RPC service
Annotation : Impl friendly name
Type : Remote RPC service
TCP Port : 49154
IP : 10.31.112.25

Object UUID : 00000000-0000-0000-0000-000000000000
UUID : 30b044a5-a225-43f0-b3a4-e060df91f9c1, version 1.0
Description : Unknown RPC service
Type : Remote RPC service
TCP Port : 49154
IP : 10.31.112.25

","[]",0,"","2001-08-26","2012-01-31"
"nessus_sample_1.nessus","qa3app05","10.31.112.25","Microsoft Windows Server 2008 R2 Standard Service Pack 1",49252,"tcp","dce-rpc",0,10736,"DCE Services Enumeration","Windows","A DCE/RPC service is running on the remote host.","By sending a Lookup request to the portmapper (TCP 135 or epmapper PIPE) it was possible to enumerate the Distributed Computing Environment (DCE) services running on the remote port.
Using this information it is possible to connect and bind to each service by sending an RPC request to the remote port/pipe.","n/a","None","
The following DCERPC services are available on TCP port 49252 :

Object UUID : 00000000-0000-0000-0000-000000000000
UUID : 367abb81-9844-35f1-ad32-98f038001003, version 2.0
Description : Unknown RPC service
Type : Remote RPC service
TCP Port : 49252
IP : 10.31.112.25

","[]",0,"","2001-08-26","2012-01-31"
"nessus_sample_1.nessus","qa3app05","10.31.112.25","Microsoft Windows Server 2008 R2 Standard Service Pack 1",445,"tcp","cifs",0,10736,"DCE Services Enumeration","Windows","A DCE/RPC service is running on the remote host.","By sending a Lookup request to the portmapper (TCP 135 or epmapper PIPE) it was possible to enumerate the Distributed Computing Environment (DCE) services running on the remote port.
Using this information it is possible to connect and bind to each service by sending an RPC request to the remote port/pipe.","n/a","None","
The following DCERPC services are available remotely :

Object UUID : b08669ee-8cb5-43a5-a017-84fe00000000
UUID : 76f226c3-ec14-4325-8a99-6a46348418af, version 1.0
Description : Unknown RPC service
Type : Remote RPC service
Named pipe : \PIPE\InitShutdown
Netbios name : \\QA3APP05

Object UUID : 765294ba-60bc-48b8-92e9-89fd77769d91
UUID : d95afe70-a6d5-4259-822e-2c84da1ddb0d, version 1.0
Description : Unknown RPC service
Type : Remote RPC service
Named pipe : \PIPE\InitShutdown
Netbios name : \\QA3APP05

Object UUID : 00000000-0000-0000-0000-000000000000
UUID : 12345778-1234-abcd-ef00-0123456789ac, version 1.0
Description : Security Account Manager
Windows process : lsass.exe
Type : Remote RPC service
Named pipe : \pipe\lsass
Netbios name : \\QA3APP05

Object UUID : 00000000-0000-0000-0000-000000000000
UUID : 12345778-1234-abcd-ef00-0123456789ac, version 1.0
Description : Security Account Manager
Windows process : lsass.exe
Type : Remote RPC service
Named pipe : \PIPE\protected_storage
Netbios name : \\QA3APP05

Object UUID : 00000000-0000-0000-0000-000000000000
UUID : 3473dd4d-2e88-4006-9cba-22570909dd10, version 5.0
Description : Unknown RPC service
Annotation : WinHttp Auto-Proxy Service
Type : Remote RPC service
Named pipe : \PIPE\W32TIME_ALT
Netbios name : \\QA3APP05

Object UUID : 00000000-0000-0000-0000-000000000000
UUID : 1ff70682-0a51-30e8-076d-740be8cee98b, version 1.0
Description : Scheduler Service
Windows process : svchost.exe
Type : Remote RPC service
Named pipe : \PIPE\atsvc
Netbios name : \\QA3APP05

Object UUID : 00000000-0000-0000-0000-000000000000
UUID : 378e52b0-c0a9-11cf-822d-00aa0051e40f, version 1.0
Description : Scheduler Service
Windows process : svchost.exe
Type : Remote RPC service
Named pipe : \PIPE\atsvc
Netbios name : \\QA3APP05

Object UUID : 00000000-0000-0000-0000-000000000000
UUID : 86d35949-83c9-4044-b424-db363231fd0c, version 1.0
Description : Unknown RPC service
Type : Remote RPC service
Named pipe : \PIPE\atsvc
Netbios name : \\QA3APP05

Object UUID : 00000000-0000-0000-0000-000000000000
UUID : a398e520-d59a-4bdd-aa7a-3c1e0303a511, version 1.0
Description : Unknown RPC service
Annotation : IKE/Authip API
Type : Remote RPC service
Named pipe : \PIPE\atsvc
Netbios name : \\QA3APP05

Object UUID : 00000000-0000-0000-0000-000000000000
UUID : 552d076a-cb29-4e44-8b6a-d15e59e2c0af, version 1.0
Description : Unknown RPC service
Annotation : IP Transition Configuration endpoint
Type : Remote RPC service
Named pipe : \PIPE\atsvc
Netbios name : \\QA3APP05

Object UUID : 00000000-0000-0000-0000-000000000000
UUID : 98716d03-89ac-44c7-bb8c-285824e51c4a, version 1.0
Description : Unknown RPC service
Annotation : XactSrv service
Type : Remote RPC service
Named pipe : \PIPE\atsvc
Netbios name : \\QA3APP05

Object UUID : 73736573-6f69-656e-6e76-000000000000
UUID : c9ac6db5-82b7-4e55-ae8a-e464ed7b4277, version 1.0
Description : Unknown RPC service
Annotation : Impl friendly name
Type : Remote RPC service
Named pipe : \PIPE\atsvc
Netbios name : \\QA3APP05

Object UUID : 73736573-6f69-656e-6e76-000000000000
UUID : c9ac6db5-82b7-4e55-ae8a-e464ed7b4277, version 1.0
Description : Unknown RPC service
Annotation : Impl friendly name
Type : Remote RPC service
Named pipe : \PIPE\srvsvc
Netbios name : \\QA3APP05

Object UUID : 00000000-0000-0000-0000-000000000000
UUID : 30b044a5-a225-43f0-b3a4-e060df91f9c1, version 1.0
Description : Unknown RPC service
Type : Remote RPC service
Named pipe : \PIPE\atsvc
Netbios name : \\QA3APP05

Object UUID : 00000000-0000-0000-0000-000000000000
UUID : 30b044a5-a225-43f0-b3a4-e060df91f9c1, version 1.0
Description : Unknown RPC service
Type : Remote RPC service
Named pipe : \PIPE\srvsvc
Netbios name : \\QA3APP05

Object UUID : 00000000-0000-0000-0000-000000000000
UUID : f6beaff7-1e19-4fbb-9f8f-b89e2018337c, version 1.0
Description : Unknown RPC service
Annotation : Event log TCPIP
Type : Remote RPC service
Named pipe : \pipe\eventlog
Netbios name : \\QA3APP05

Object UUID : 00000000-0000-0000-0000-000000000000
UUID : 30adc50c-5cbc-46ce-9a0e-91914789e23c, version 1.0
Description : Unknown RPC service
Annotation : NRP server endpoint
Type : Remote RPC service
Named pipe : \pipe\eventlog
Netbios name : \\QA3APP05

Object UUID : 00000000-0000-0000-0000-000000000000
UUID : 3c4728c5-f0ab-448b-bda1-6ce01eb0a6d6, version 1.0
Description : Unknown RPC service
Annotation : DHCPv6 Client LRPC Endpoint
Type : Remote RPC service
Named pipe : \pipe\eventlog
Netbios name : \\QA3APP05

Object UUID : 00000000-0000-0000-0000-000000000000
UUID : 3c4728c5-f0ab-448b-bda1-6ce01eb0a6d5, version 1.0
Description : DHCP Client Service
Windows process : svchost.exe
Annotation : DHCP Client LRPC Endpoint
Type : Remote RPC service
Named pipe : \pipe\eventlog
Netbios name : \\QA3APP05

","[]",0,"","2001-08-26","2012-01-31"
"nessus_sample_1.nessus","qa3app05","10.31.112.25","Microsoft Windows Server 2008 R2 Standard Service Pack 1",135,"tcp","epmap",0,10736,"DCE Services Enumeration","Windows","A DCE/RPC service is running on the remote host.","By sending a Lookup request to the portmapper (TCP 135 or epmapper PIPE) it was possible to enumerate the Distributed Computing Environment (DCE) services running on the remote port.
Using this information it is possible to connect and bind to each service by sending an RPC request to the remote port/pipe.","n/a","None","
The following DCERPC services are available locally :

Object UUID : b08669ee-8cb5-43a5-a017-84fe00000000
UUID : 76f226c3-ec14-4325-8a99-6a46348418af, version 1.0
Description : Unknown RPC service
Type : Local RPC service
Named pipe : WindowsShutdown

Object UUID : b08669ee-8cb5-43a5-a017-84fe00000000
UUID : 76f226c3-ec14-4325-8a99-6a46348418af, version 1.0
Description : Unknown RPC service
Type : Local RPC service
Named pipe : WMsgKRpc07E590

Object UUID : 765294ba-60bc-48b8-92e9-89fd77769d91
UUID : d95afe70-a6d5-4259-822e-2c84da1ddb0d, version 1.0
Description : Unknown RPC service
Type : Local RPC service
Named pipe : WindowsShutdown

Object UUID : 765294ba-60bc-48b8-92e9-89fd77769d91
UUID : d95afe70-a6d5-4259-822e-2c84da1ddb0d, version 1.0
Description : Unknown RPC service
Type : Local RPC service
Named pipe : WMsgKRpc07E590

Object UUID : 00000000-0000-0000-0000-000000000000
UUID : 3c4728c5-f0ab-448b-bda1-6ce01eb0a6d5, version 1.0
Description : DHCP Client Service
Windows process : svchost.exe
Annotation : DHCP Client LRPC Endpoint
Type : Local RPC service
Named pipe : dhcpcsvc

Object UUID : 00000000-0000-0000-0000-000000000000
UUID : 3c4728c5-f0ab-448b-bda1-6ce01eb0a6d5, version 1.0
Description : DHCP Client Service
Windows process : svchost.exe
Annotation : DHCP Client LRPC Endpoint
Type : Local RPC service
Named pipe : dhcpcsvc6

Object UUID : 3bdb59a0-d736-4d44-9074-c1ee00000001
UUID : 24019106-a203-4642-b88d-82dae9158929, version 1.0
Description : Unknown RPC service
Type : Local RPC service
Named pipe : LRPC-d5210e0f8ffb777d67

Object UUID : b08669ee-8cb5-43a5-a017-84fe00000001
UUID : 76f226c3-ec14-4325-8a99-6a46348418af, version 1.0
Description : Unknown RPC service
Type : Local RPC service
Named pipe : WMsgKRpc039FD11

Object UUID : 6d726574-7273-0076-0000-000000000000
UUID : c9ac6db5-82b7-4e55-ae8a-e464ed7b4277, version 1.0
Description : Unknown RPC service
Annotation : Impl friendly name
Type : Local RPC service
Named pipe : LRPC-43ca78e049117df8f6

Object UUID : da42840e-c2f7-48e3-9fd4-4de954d9f72b
UUID : 906b0ce0-c70b-1067-b317-00dd010662da, version 1.0
Description : Distributed Transaction Coordinator
Windows process : msdtc.exe
Type : Local RPC service
Named pipe : LRPC-0846d5cf3aff833584

Object UUID : 14d80fb7-fead-4b0c-97e4-d397ae3f4936
UUID : 906b0ce0-c70b-1067-b317-00dd010662da, version 1.0
Description : Distributed Transaction Coordinator
Windows process : msdtc.exe
Type : Local RPC service
Named pipe : LRPC-0846d5cf3aff833584

Object UUID : 88111ddb-6c28-4200-b94c-f837c4ec221b
UUID : 906b0ce0-c70b-1067-b317-00dd010662da, version 1.0
Description : Distributed Transaction Coordinator
Windows process : msdtc.exe
Type : Local RPC service
Named pipe : LRPC-0846d5cf3aff833584

Object UUID : 7beda36f-0d2d-4cc1-a152-a8fbe46c8be3
UUID : 906b0ce0-c70b-1067-b317-00dd010662da, version 1.0
Description : Distributed Transaction Coordinator
Windows process : msdtc.exe
Type : Local RPC service
Named pipe : LRPC-0846d5cf3aff833584

Object UUID : 9bb2cebb-bff4-4acd-b3c7-e704575409e4
UUID : 906b0ce0-c70b-1067-b317-00dd010662da, version 1.0
Description : Distributed Transaction Coordinator
Windows process : msdtc.exe
Type : Local RPC service
Named pipe : OLEDB87537A595D41E2BD88E959322B

Object UUID : 9bb2cebb-bff4-4acd-b3c7-e704575409e4
UUID : 906b0ce0-c70b-1067-b317-00dd010662da, version 1.0
Description : Distributed Transaction Coordinator
Windows process : msdtc.exe
Type : Local RPC service
Named pipe : LRPC-cf7ed06c947e27e770

Object UUID : 00000000-0000-0000-0000-000000000000
UUID : 12345678-1234-abcd-ef00-0123456789ab, version 1.0
Description : IPsec Services (Windows XP & 2003)
Windows process : lsass.exe
Annotation : IPSec Policy agent endpoint
Type : Local RPC service
Named pipe : LRPC-063604fc87b9857973

Object UUID : 00000000-0000-0000-0000-000000000000
UUID : 12345778-1234-abcd-ef00-0123456789ac, version 1.0
Description : Security Account Manager
Windows process : lsass.exe
Type : Local RPC service
Named pipe : LRPC-2ec552cc1cc2bb434b

Object UUID : 00000000-0000-0000-0000-000000000000
UUID : 12345778-1234-abcd-ef00-0123456789ac, version 1.0
Description : Security Account Manager
Windows process : lsass.exe
Type : Local RPC service
Named pipe : audit

Object UUID : 00000000-0000-0000-0000-000000000000
UUID : 12345778-1234-abcd-ef00-0123456789ac, version 1.0
Description : Security Account Manager
Windows process : lsass.exe
Type : Local RPC service
Named pipe : securityevent

Object UUID : 00000000-0000-0000-0000-000000000000
UUID : 12345778-1234-abcd-ef00-0123456789ac, version 1.0
Description : Security Account Manager
Windows process : lsass.exe
Type : Local RPC service
Named pipe : LSARPC_ENDPOINT

Object UUID : 00000000-0000-0000-0000-000000000000
UUID : 12345778-1234-abcd-ef00-0123456789ac, version 1.0
Description : Security Account Manager
Windows process : lsass.exe
Type : Local RPC service
Named pipe : lsapolicylookup

Object UUID : 00000000-0000-0000-0000-000000000000
UUID : 12345778-1234-abcd-ef00-0123456789ac, version 1.0
Description : Security Account Manager
Windows process : lsass.exe
Type : Local RPC service
Named pipe : lsasspirpc

Object UUID : 00000000-0000-0000-0000-000000000000
UUID : 12345778-1234-abcd-ef00-0123456789ac, version 1.0
Description : Security Account Manager
Windows process : lsass.exe
Type : Local RPC service
Named pipe : protected_storage

Object UUID : 00000000-0000-0000-0000-000000000000
UUID : 12345778-1234-abcd-ef00-0123456789ac, version 1.0
Description : Security Account Manager
Windows process : lsass.exe
Type : Local RPC service
Named pipe : dsrole

Object UUID : 00000000-0000-0000-0000-000000000000
UUID : 12345778-1234-abcd-ef00-0123456789ac, version 1.0
Description : Security Account Manager
Windows process : lsass.exe
Type : Local RPC service
Named pipe : samss lpc

Object UUID : 00000000-0000-0000-0000-000000000000
UUID : 0b6edbfa-4a24-4fc6-8a23-942b1eca65d1, version 1.0
Description : Unknown RPC service
Annotation : Spooler function endpoint
Type : Local RPC service
Named pipe : spoolss

Object UUID : 00000000-0000-0000-0000-000000000000
UUID : ae33069b-a2a8-46ee-a235-ddfd339be281, version 1.0
Description : Unknown RPC service
Annotation : Spooler base remote object endpoint
Type : Local RPC service
Named pipe : spoolss

Object UUID : 00000000-0000-0000-0000-000000000000
UUID : 4a452661-8290-4b36-8fbe-7f4093a94978, version 1.0
Description : Unknown RPC service
Annotation : Spooler function endpoint
Type : Local RPC service
Named pipe : spoolss

Object UUID : 00000000-0000-0000-0000-000000000000
UUID : dd490425-5325-4565-b774-7e27d6c09c24, version 1.0
Description : Unknown RPC service
Annotation : Base Firewall Engine API
Type : Local RPC service
Named pipe : LRPC-f1e11ce8cb2220d0f7

Object UUID : 00000000-0000-0000-0000-000000000000
UUID : 7f9d11bf-7fb9-436b-a812-b2d50c5d4c03, version 1.0
Description : Unknown RPC service
Annotation : Fw APIs
Type : Local RPC service
Named pipe : LRPC-f1e11ce8cb2220d0f7

Object UUID : 00000000-0000-0000-0000-000000000000
UUID : 2fb92682-6599-42dc-ae13-bd2ca89bd11c, version 1.0
Description : Unknown RPC service
Annotation : Fw APIs
Type : Local RPC service
Named pipe : LRPC-f1e11ce8cb2220d0f7

Object UUID : 00000000-0000-0000-0000-000000000000
UUID : 7ea70bcf-48af-4f6a-8968-6a440754d5fa, version 1.0
Description : Unknown RPC service
Annotation : NSI server endpoint
Type : Local RPC service
Named pipe : OLEB2A4B02EFF0846EC9A8DA5F5845B

Object UUID : 00000000-0000-0000-0000-000000000000
UUID : 7ea70bcf-48af-4f6a-8968-6a440754d5fa, version 1.0
Description : Unknown RPC service
Annotation : NSI server endpoint
Type : Local RPC service
Named pipe : LRPC-f4c959c796bb4fc843

Object UUID : 00000000-0000-0000-0000-000000000000
UUID : 3473dd4d-2e88-4006-9cba-22570909dd10, version 5.0
Description : Unknown RPC service
Annotation : WinHttp Auto-Proxy Service
Type : Local RPC service
Named pipe : OLEB2A4B02EFF0846EC9A8DA5F5845B

Object UUID : 00000000-0000-0000-0000-000000000000
UUID : 3473dd4d-2e88-4006-9cba-22570909dd10, version 5.0
Description : Unknown RPC service
Annotation : WinHttp Auto-Proxy Service
Type : Local RPC service
Named pipe : LRPC-f4c959c796bb4fc843

Object UUID : 00000000-0000-0000-0000-000000000000
UUID : 3473dd4d-2e88-4006-9cba-22570909dd10, version 5.0
Description : Unknown RPC service
Annotation : WinHttp Auto-Proxy Service
Type : Local RPC service
Named pipe : W32TIME_ALT

Object UUID : 666f7270-6c69-7365-0000-000000000000
UUID : c9ac6db5-82b7-4e55-ae8a-e464ed7b4277, version 1.0
Description : Unknown RPC service
Annotation : Impl friendly name
Type : Local RPC service
Named pipe : IUserProfile2

Object UUID : 6c637067-6569-746e-0000-000000000000
UUID : c9ac6db5-82b7-4e55-ae8a-e464ed7b4277, version 1.0
Description : Unknown RPC service
Annotation : Impl friendly name
Type : Local RPC service
Named pipe : IUserProfile2

Object UUID : 24d1f7c7-76af-4f28-9ccd-7f6cb6468601
UUID : 2eb08e3e-639f-4fba-97b1-14f878961076, version 1.0
Description : Unknown RPC service
Type : Local RPC service
Named pipe : IUserProfile2

Object UUID : 736e6573-0000-0000-0000-000000000000
UUID : c9ac6db5-82b7-4e55-ae8a-e464ed7b4277, version 1.0
Description : Unknown RPC service
Annotation : Impl friendly name
Type : Local RPC service
Named pipe : IUserProfile2

Object UUID : 736e6573-0000-0000-0000-000000000000
UUID : c9ac6db5-82b7-4e55-ae8a-e464ed7b4277, version 1.0
Description : Unknown RPC service
Annotation : Impl friendly name
Type : Local RPC service
Named pipe : OLE41F9F8DAB7334AC892C1F3BDC2BD

Object UUID : 736e6573-0000-0000-0000-000000000000
UUID : c9ac6db5-82b7-4e55-ae8a-e464ed7b4277, version 1.0
Description : Unknown RPC service
Annotation : Impl friendly name
Type : Local RPC service
Named pipe : senssvc

Object UUID : 00000000-0000-0000-0000-000000000000
UUID : 0a74ef1c-41a4-4e06-83ae-dc74fb1cdd53, version 1.0
Description : Scheduler Service
Windows process : svchost.exe
Type : Local RPC service
Named pipe : IUserProfile2

Object UUID : 00000000-0000-0000-0000-000000000000
UUID : 0a74ef1c-41a4-4e06-83ae-dc74fb1cdd53, version 1.0
Description : Scheduler Service
Windows process : svchost.exe
Type : Local RPC service
Named pipe : OLE41F9F8DAB7334AC892C1F3BDC2BD

Object UUID : 00000000-0000-0000-0000-000000000000
UUID : 0a74ef1c-41a4-4e06-83ae-dc74fb1cdd53, version 1.0
Description : Scheduler Service
Windows process : svchost.exe
Type : Local RPC service
Named pipe : senssvc

Object UUID : 00000000-0000-0000-0000-000000000000
UUID : 1ff70682-0a51-30e8-076d-740be8cee98b, version 1.0
Description : Scheduler Service
Windows process : svchost.exe
Type : Local RPC service
Named pipe : IUserProfile2

Object UUID : 00000000-0000-0000-0000-000000000000
UUID : 1ff70682-0a51-30e8-076d-740be8cee98b, version 1.0
Description : Scheduler Service
Windows process : svchost.exe
Type : Local RPC service
Named pipe : OLE41F9F8DAB7334AC892C1F3BDC2BD

Object UUID : 00000000-0000-0000-0000-000000000000
UUID : 1ff70682-0a51-30e8-076d-740be8cee98b, version 1.0
Description : Scheduler Service
Windows process : svchost.exe
Type : Local RPC service
Named pipe : senssvc

Object UUID : 00000000-0000-0000-0000-000000000000
UUID : 378e52b0-c0a9-11cf-822d-00aa0051e40f, version 1.0
Description : Scheduler Service
Windows process : svchost.exe
Type : Local RPC service
Named pipe : IUserProfile2

Object UUID : 00000000-0000-0000-0000-000000000000
UUID : 378e52b0-c0a9-11cf-822d-00aa0051e40f, version 1.0
Description : Scheduler Service
Windows process : svchost.exe
Type : Local RPC service
Named pipe : OLE41F9F8DAB7334AC892C1F3BDC2BD

Object UUID : 00000000-0000-0000-0000-000000000000
UUID : 378e52b0-c0a9-11cf-822d-00aa0051e40f, version 1.0
Description : Scheduler Service
Windows process : svchost.exe
Type : Local RPC service
Named pipe : senssvc

Object UUID : 00000000-0000-0000-0000-000000000000
UUID : 86d35949-83c9-4044-b424-db363231fd0c, version 1.0
Description : Unknown RPC service
Type : Local RPC service
Named pipe : IUserProfile2

Object UUID : 00000000-0000-0000-0000-000000000000
UUID : 86d35949-83c9-4044-b424-db363231fd0c, version 1.0
Description : Unknown RPC service
Type : Local RPC service
Named pipe : OLE41F9F8DAB7334AC892C1F3BDC2BD

Object UUID : 00000000-0000-0000-0000-000000000000
UUID : 86d35949-83c9-4044-b424-db363231fd0c, version 1.0
Description : Unknown RPC service
Type : Local RPC service
Named pipe : senssvc

Object UUID : 00000000-0000-0000-0000-000000000000
UUID : a398e520-d59a-4bdd-aa7a-3c1e0303a511, version 1.0
Description : Unknown RPC service
Annotation : IKE/Authip API
Type : Local RPC service
Named pipe : IUserProfile2

Object UUID : 00000000-0000-0000-0000-000000000000
UUID : a398e520-d59a-4bdd-aa7a-3c1e0303a511, version 1.0
Description : Unknown RPC service
Annotation : IKE/Authip API
Type : Local RPC service
Named pipe : OLE41F9F8DAB7334AC892C1F3BDC2BD

Object UUID : 00000000-0000-0000-0000-000000000000
UUID : a398e520-d59a-4bdd-aa7a-3c1e0303a511, version 1.0
Description : Unknown RPC service
Annotation : IKE/Authip API
Type : Local RPC service
Named pipe : senssvc

Object UUID : 00000000-0000-0000-0000-000000000000
UUID : 552d076a-cb29-4e44-8b6a-d15e59e2c0af, version 1.0
Description : Unknown RPC service
Annotation : IP Transition Configuration endpoint
Type : Local RPC service
Named pipe : IUserProfile2

Object UUID : 00000000-0000-0000-0000-000000000000
UUID : 552d076a-cb29-4e44-8b6a-d15e59e2c0af, version 1.0
Description : Unknown RPC service
Annotation : IP Transition Configuration endpoint
Type : Local RPC service
Named pipe : OLE41F9F8DAB7334AC892C1F3BDC2BD

Object UUID : 00000000-0000-0000-0000-000000000000
UUID : 552d076a-cb29-4e44-8b6a-d15e59e2c0af, version 1.0
Description : Unknown RPC service
Annotation : IP Transition Configuration endpoint
Type : Local RPC service
Named pipe : senssvc

Object UUID : 00000000-0000-0000-0000-000000000000
UUID : 98716d03-89ac-44c7-bb8c-285824e51c4a, version 1.0
Description : Unknown RPC service
Annotation : XactSrv service
Type : Local RPC service
Named pipe : IUserProfile2

Object UUID : 00000000-0000-0000-0000-000000000000
UUID : 98716d03-89ac-44c7-bb8c-285824e51c4a, version 1.0
Description : Unknown RPC service
Annotation : XactSrv service
Type : Local RPC service
Named pipe : OLE41F9F8DAB7334AC892C1F3BDC2BD

Object UUID : 00000000-0000-0000-0000-000000000000
UUID : 98716d03-89ac-44c7-bb8c-285824e51c4a, version 1.0
Description : Unknown RPC service
Annotation : XactSrv service
Type : Local RPC service
Named pipe : senssvc

Object UUID : 73736573-6f69-656e-6e76-000000000000
UUID : c9ac6db5-82b7-4e55-ae8a-e464ed7b4277, version 1.0
Description : Unknown RPC service
Annotation : Impl friendly name
Type : Local RPC service
Named pipe : IUserProfile2

Object UUID : 73736573-6f69-656e-6e76-000000000000
UUID : c9ac6db5-82b7-4e55-ae8a-e464ed7b4277, version 1.0
Description : Unknown RPC service
Annotation : Impl friendly name
Type : Local RPC service
Named pipe : OLE41F9F8DAB7334AC892C1F3BDC2BD

Object UUID : 73736573-6f69-656e-6e76-000000000000
UUID : c9ac6db5-82b7-4e55-ae8a-e464ed7b4277, version 1.0
Description : Unknown RPC service
Annotation : Impl friendly name
Type : Local RPC service
Named pipe : senssvc

Object UUID : 00000000-0000-0000-0000-000000000000
UUID : 30b044a5-a225-43f0-b3a4-e060df91f9c1, version 1.0
Description : Unknown RPC service
Type : Local RPC service
Named pipe : IUserProfile2

Object UUID : 00000000-0000-0000-0000-000000000000
UUID : 30b044a5-a225-43f0-b3a4-e060df91f9c1, version 1.0
Description : Unknown RPC service
Type : Local RPC service
Named pipe : OLE41F9F8DAB7334AC892C1F3BDC2BD

Object UUID : 00000000-0000-0000-0000-000000000000
UUID : 30b044a5-a225-43f0-b3a4-e060df91f9c1, version 1.0
Description : Unknown RPC service
Type : Local RPC service
Named pipe : senssvc

Object UUID : 00000000-0000-0000-0000-000000000000
UUID : f6beaff7-1e19-4fbb-9f8f-b89e2018337c, version 1.0
Description : Unknown RPC service
Annotation : Event log TCPIP
Type : Local RPC service
Named pipe : eventlog

Object UUID : 00000000-0000-0000-0000-000000000000
UUID : 30adc50c-5cbc-46ce-9a0e-91914789e23c, version 1.0
Description : Unknown RPC service
Annotation : NRP server endpoint
Type : Local RPC service
Named pipe : eventlog

Object UUID : 00000000-0000-0000-0000-000000000000
UUID : 3c4728c5-f0ab-448b-bda1-6ce01eb0a6d6, version 1.0
Description : Unknown RPC service
Annotation : DHCPv6 Client LRPC Endpoint
Type : Local RPC service
Named pipe : eventlog

Object UUID : 00000000-0000-0000-0000-000000000000
UUID : 3c4728c5-f0ab-448b-bda1-6ce01eb0a6d6, version 1.0
Description : Unknown RPC service
Annotation : DHCPv6 Client LRPC Endpoint
Type : Local RPC service
Named pipe : dhcpcsvc6

Object UUID : 00000000-0000-0000-0000-000000000000
UUID : 3c4728c5-f0ab-448b-bda1-6ce01eb0a6d5, version 1.0
Description : DHCP Client Service
Windows process : svchost.exe
Annotation : DHCP Client LRPC Endpoint
Type : Local RPC service
Named pipe : eventlog

","[]",0,"","2001-08-26","2012-01-31"
"nessus_sample_1.nessus","qa3app06","10.31.112.26","Microsoft Windows Server 2008 R2 Standard Service Pack 1",49152,"tcp","dce-rpc",0,10736,"DCE Services Enumeration","Windows","A DCE/RPC service is running on the remote host.","By sending a Lookup request to the portmapper (TCP 135 or epmapper PIPE) it was possible to enumerate the Distributed Computing Environment (DCE) services running on the remote port.
Using this information it is possible to connect and bind to each service by sending an RPC request to the remote port/pipe.","n/a","None","
The following DCERPC services are available on TCP port 49152 :

Object UUID : 765294ba-60bc-48b8-92e9-89fd77769d91
UUID : d95afe70-a6d5-4259-822e-2c84da1ddb0d, version 1.0
Description : Unknown RPC service
Type : Remote RPC service
TCP Port : 49152
IP : 10.31.112.26

","[]",0,"","2001-08-26","2012-01-31"
"nessus_sample_1.nessus","qa3app06","10.31.112.26","Microsoft Windows Server 2008 R2 Standard Service Pack 1",49153,"tcp","dce-rpc",0,10736,"DCE Services Enumeration","Windows","A DCE/RPC service is running on the remote host.","By sending a Lookup request to the portmapper (TCP 135 or epmapper PIPE) it was possible to enumerate the Distributed Computing Environment (DCE) services running on the remote port.
Using this information it is possible to connect and bind to each service by sending an RPC request to the remote port/pipe.","n/a","None","
The following DCERPC services are available on TCP port 49153 :

Object UUID : 00000000-0000-0000-0000-000000000000
UUID : 3c4728c5-f0ab-448b-bda1-6ce01eb0a6d5, version 1.0
Description : DHCP Client Service
Windows process : svchost.exe
Annotation : DHCP Client LRPC Endpoint
Type : Remote RPC service
TCP Port : 49153
IP : 10.31.112.26

Object UUID : 00000000-0000-0000-0000-000000000000
UUID : f6beaff7-1e19-4fbb-9f8f-b89e2018337c, version 1.0
Description : Unknown RPC service
Annotation : Event log TCPIP
Type : Remote RPC service
TCP Port : 49153
IP : 10.31.112.26

Object UUID : 00000000-0000-0000-0000-000000000000
UUID : 30adc50c-5cbc-46ce-9a0e-91914789e23c, version 1.0
Description : Unknown RPC service
Annotation : NRP server endpoint
Type : Remote RPC service
TCP Port : 49153
IP : 10.31.112.26

Object UUID : 00000000-0000-0000-0000-000000000000
UUID : 3c4728c5-f0ab-448b-bda1-6ce01eb0a6d6, version 1.0
Description : Unknown RPC service
Annotation : DHCPv6 Client LRPC Endpoint
Type : Remote RPC service
TCP Port : 49153
IP : 10.31.112.26

","[]",0,"","2001-08-26","2012-01-31"
"nessus_sample_1.nessus","qa3app06","10.31.112.26","Microsoft Windows Server 2008 R2 Standard Service Pack 1",49177,"tcp","dce-rpc",0,10736,"DCE Services Enumeration","Windows","A DCE/RPC service is running on the remote host.","By sending a Lookup request to the portmapper (TCP 135 or epmapper PIPE) it was possible to enumerate the Distributed Computing Environment (DCE) services running on the remote port.
Using this information it is possible to connect and bind to each service by sending an RPC request to the remote port/pipe.","n/a","None","
The following DCERPC services are available on TCP port 49177 :

Object UUID : 00000000-0000-0000-0000-000000000000
UUID : 12345778-1234-abcd-ef00-0123456789ac, version 1.0
Description : Security Account Manager
Windows process : lsass.exe
Type : Remote RPC service
TCP Port : 49177
IP : 10.31.112.26

","[]",0,"","2001-08-26","2012-01-31"
"nessus_sample_1.nessus","qa3app06","10.31.112.26","Microsoft Windows Server 2008 R2 Standard Service Pack 1",49254,"tcp","dce-rpc",0,10736,"DCE Services Enumeration","Windows","A DCE/RPC service is running on the remote host.","By sending a Lookup request to the portmapper (TCP 135 or epmapper PIPE) it was possible to enumerate the Distributed Computing Environment (DCE) services running on the remote port.
Using this information it is possible to connect and bind to each service by sending an RPC request to the remote port/pipe.","n/a","None","
The following DCERPC services are available on TCP port 49254 :

Object UUID : 00000000-0000-0000-0000-000000000000
UUID : 6b5bdd1e-528c-422c-af8c-a4079be4fe48, version 1.0
Description : Unknown RPC service
Annotation : Remote Fw APIs
Type : Remote RPC service
TCP Port : 49254
IP : 10.31.112.26

Object UUID : 00000000-0000-0000-0000-000000000000
UUID : 12345678-1234-abcd-ef00-0123456789ab, version 1.0
Description : IPsec Services (Windows XP & 2003)
Windows process : lsass.exe
Annotation : IPSec Policy agent endpoint
Type : Remote RPC service
TCP Port : 49254
IP : 10.31.112.26

","[]",0,"","2001-08-26","2012-01-31"
"nessus_sample_1.nessus","qa3app06","10.31.112.26","Microsoft Windows Server 2008 R2 Standard Service Pack 1",49253,"tcp","dce-rpc",0,10736,"DCE Services Enumeration","Windows","A DCE/RPC service is running on the remote host.","By sending a Lookup request to the portmapper (TCP 135 or epmapper PIPE) it was possible to enumerate the Distributed Computing Environment (DCE) services running on the remote port.
Using this information it is possible to connect and bind to each service by sending an RPC request to the remote port/pipe.","n/a","None","
The following DCERPC services are available on TCP port 49253 :

Object UUID : 00000000-0000-0000-0000-000000000000
UUID : 367abb81-9844-35f1-ad32-98f038001003, version 2.0
Description : Unknown RPC service
Type : Remote RPC service
TCP Port : 49253
IP : 10.31.112.26

","[]",0,"","2001-08-26","2012-01-31"
"nessus_sample_1.nessus","qa3app06","10.31.112.26","Microsoft Windows Server 2008 R2 Standard Service Pack 1",49154,"tcp","dce-rpc",0,10736,"DCE Services Enumeration","Windows","A DCE/RPC service is running on the remote host.","By sending a Lookup request to the portmapper (TCP 135 or epmapper PIPE) it was possible to enumerate the Distributed Computing Environment (DCE) services running on the remote port.
Using this information it is possible to connect and bind to each service by sending an RPC request to the remote port/pipe.","n/a","None","
The following DCERPC services are available on TCP port 49154 :

Object UUID : 00000000-0000-0000-0000-000000000000
UUID : 86d35949-83c9-4044-b424-db363231fd0c, version 1.0
Description : Unknown RPC service
Type : Remote RPC service
TCP Port : 49154
IP : 10.31.112.26

Object UUID : 00000000-0000-0000-0000-000000000000
UUID : a398e520-d59a-4bdd-aa7a-3c1e0303a511, version 1.0
Description : Unknown RPC service
Annotation : IKE/Authip API
Type : Remote RPC service
TCP Port : 49154
IP : 10.31.112.26

Object UUID : 00000000-0000-0000-0000-000000000000
UUID : 552d076a-cb29-4e44-8b6a-d15e59e2c0af, version 1.0
Description : Unknown RPC service
Annotation : IP Transition Configuration endpoint
Type : Remote RPC service
TCP Port : 49154
IP : 10.31.112.26

Object UUID : 00000000-0000-0000-0000-000000000000
UUID : 98716d03-89ac-44c7-bb8c-285824e51c4a, version 1.0
Description : Unknown RPC service
Annotation : XactSrv service
Type : Remote RPC service
TCP Port : 49154
IP : 10.31.112.26

Object UUID : 73736573-6f69-656e-6e76-000000000000
UUID : c9ac6db5-82b7-4e55-ae8a-e464ed7b4277, version 1.0
Description : Unknown RPC service
Annotation : Impl friendly name
Type : Remote RPC service
TCP Port : 49154
IP : 10.31.112.26

Object UUID : 00000000-0000-0000-0000-000000000000
UUID : 30b044a5-a225-43f0-b3a4-e060df91f9c1, version 1.0
Description : Unknown RPC service
Type : Remote RPC service
TCP Port : 49154
IP : 10.31.112.26

","[]",0,"","2001-08-26","2012-01-31"
"nessus_sample_1.nessus","qa3app06","10.31.112.26","Microsoft Windows Server 2008 R2 Standard Service Pack 1",445,"tcp","cifs",0,10736,"DCE Services Enumeration","Windows","A DCE/RPC service is running on the remote host.","By sending a Lookup request to the portmapper (TCP 135 or epmapper PIPE) it was possible to enumerate the Distributed Computing Environment (DCE) services running on the remote port.
Using this information it is possible to connect and bind to each service by sending an RPC request to the remote port/pipe.","n/a","None","
The following DCERPC services are available remotely :

Object UUID : b08669ee-8cb5-43a5-a017-84fe00000000
UUID : 76f226c3-ec14-4325-8a99-6a46348418af, version 1.0
Description : Unknown RPC service
Type : Remote RPC service
Named pipe : \PIPE\InitShutdown
Netbios name : \\QA3APP06

Object UUID : 765294ba-60bc-48b8-92e9-89fd77769d91
UUID : d95afe70-a6d5-4259-822e-2c84da1ddb0d, version 1.0
Description : Unknown RPC service
Type : Remote RPC service
Named pipe : \PIPE\InitShutdown
Netbios name : \\QA3APP06

Object UUID : 00000000-0000-0000-0000-000000000000
UUID : 12345778-1234-abcd-ef00-0123456789ac, version 1.0
Description : Security Account Manager
Windows process : lsass.exe
Type : Remote RPC service
Named pipe : \pipe\lsass
Netbios name : \\QA3APP06

Object UUID : 00000000-0000-0000-0000-000000000000
UUID : 12345778-1234-abcd-ef00-0123456789ac, version 1.0
Description : Security Account Manager
Windows process : lsass.exe
Type : Remote RPC service
Named pipe : \PIPE\protected_storage
Netbios name : \\QA3APP06

Object UUID : 00000000-0000-0000-0000-000000000000
UUID : 3473dd4d-2e88-4006-9cba-22570909dd10, version 5.0
Description : Unknown RPC service
Annotation : WinHttp Auto-Proxy Service
Type : Remote RPC service
Named pipe : \PIPE\W32TIME_ALT
Netbios name : \\QA3APP06

Object UUID : 00000000-0000-0000-0000-000000000000
UUID : 1ff70682-0a51-30e8-076d-740be8cee98b, version 1.0
Description : Scheduler Service
Windows process : svchost.exe
Type : Remote RPC service
Named pipe : \PIPE\atsvc
Netbios name : \\QA3APP06

Object UUID : 00000000-0000-0000-0000-000000000000
UUID : 378e52b0-c0a9-11cf-822d-00aa0051e40f, version 1.0
Description : Scheduler Service
Windows process : svchost.exe
Type : Remote RPC service
Named pipe : \PIPE\atsvc
Netbios name : \\QA3APP06

Object UUID : 00000000-0000-0000-0000-000000000000
UUID : 86d35949-83c9-4044-b424-db363231fd0c, version 1.0
Description : Unknown RPC service
Type : Remote RPC service
Named pipe : \PIPE\atsvc
Netbios name : \\QA3APP06

Object UUID : 00000000-0000-0000-0000-000000000000
UUID : a398e520-d59a-4bdd-aa7a-3c1e0303a511, version 1.0
Description : Unknown RPC service
Annotation : IKE/Authip API
Type : Remote RPC service
Named pipe : \PIPE\atsvc
Netbios name : \\QA3APP06

Object UUID : 00000000-0000-0000-0000-000000000000
UUID : 552d076a-cb29-4e44-8b6a-d15e59e2c0af, version 1.0
Description : Unknown RPC service
Annotation : IP Transition Configuration endpoint
Type : Remote RPC service
Named pipe : \PIPE\atsvc
Netbios name : \\QA3APP06

Object UUID : 00000000-0000-0000-0000-000000000000
UUID : 98716d03-89ac-44c7-bb8c-285824e51c4a, version 1.0
Description : Unknown RPC service
Annotation : XactSrv service
Type : Remote RPC service
Named pipe : \PIPE\atsvc
Netbios name : \\QA3APP06

Object UUID : 73736573-6f69-656e-6e76-000000000000
UUID : c9ac6db5-82b7-4e55-ae8a-e464ed7b4277, version 1.0
Description : Unknown RPC service
Annotation : Impl friendly name
Type : Remote RPC service
Named pipe : \PIPE\atsvc
Netbios name : \\QA3APP06

Object UUID : 73736573-6f69-656e-6e76-000000000000
UUID : c9ac6db5-82b7-4e55-ae8a-e464ed7b4277, version 1.0
Description : Unknown RPC service
Annotation : Impl friendly name
Type : Remote RPC service
Named pipe : \PIPE\srvsvc
Netbios name : \\QA3APP06

Object UUID : 00000000-0000-0000-0000-000000000000
UUID : 30b044a5-a225-43f0-b3a4-e060df91f9c1, version 1.0
Description : Unknown RPC service
Type : Remote RPC service
Named pipe : \PIPE\atsvc
Netbios name : \\QA3APP06

Object UUID : 00000000-0000-0000-0000-000000000000
UUID : 30b044a5-a225-43f0-b3a4-e060df91f9c1, version 1.0
Description : Unknown RPC service
Type : Remote RPC service
Named pipe : \PIPE\srvsvc
Netbios name : \\QA3APP06

Object UUID : 00000000-0000-0000-0000-000000000000
UUID : f6beaff7-1e19-4fbb-9f8f-b89e2018337c, version 1.0
Description : Unknown RPC service
Annotation : Event log TCPIP
Type : Remote RPC service
Named pipe : \pipe\eventlog
Netbios name : \\QA3APP06

Object UUID : 00000000-0000-0000-0000-000000000000
UUID : 30adc50c-5cbc-46ce-9a0e-91914789e23c, version 1.0
Description : Unknown RPC service
Annotation : NRP server endpoint
Type : Remote RPC service
Named pipe : \pipe\eventlog
Netbios name : \\QA3APP06

Object UUID : 00000000-0000-0000-0000-000000000000
UUID : 3c4728c5-f0ab-448b-bda1-6ce01eb0a6d6, version 1.0
Description : Unknown RPC service
Annotation : DHCPv6 Client LRPC Endpoint
Type : Remote RPC service
Named pipe : \pipe\eventlog
Netbios name : \\QA3APP06

Object UUID : 00000000-0000-0000-0000-000000000000
UUID : 3c4728c5-f0ab-448b-bda1-6ce01eb0a6d5, version 1.0
Description : DHCP Client Service
Windows process : svchost.exe
Annotation : DHCP Client LRPC Endpoint
Type : Remote RPC service
Named pipe : \pipe\eventlog
Netbios name : \\QA3APP06

","[]",0,"","2001-08-26","2012-01-31"
"nessus_sample_1.nessus","qa3app06","10.31.112.26","Microsoft Windows Server 2008 R2 Standard Service Pack 1",135,"tcp","epmap",0,10736,"DCE Services Enumeration","Windows","A DCE/RPC service is running on the remote host.","By sending a Lookup request to the portmapper (TCP 135 or epmapper PIPE) it was possible to enumerate the Distributed Computing Environment (DCE) services running on the remote port.
Using this information it is possible to connect and bind to each service by sending an RPC request to the remote port/pipe.","n/a","None","
The following DCERPC services are available locally :

Object UUID : b08669ee-8cb5-43a5-a017-84fe00000000
UUID : 76f226c3-ec14-4325-8a99-6a46348418af, version 1.0
Description : Unknown RPC service
Type : Local RPC service
Named pipe : WindowsShutdown

Object UUID : b08669ee-8cb5-43a5-a017-84fe00000000
UUID : 76f226c3-ec14-4325-8a99-6a46348418af, version 1.0
Description : Unknown RPC service
Type : Local RPC service
Named pipe : WMsgKRpc07E360

Object UUID : 765294ba-60bc-48b8-92e9-89fd77769d91
UUID : d95afe70-a6d5-4259-822e-2c84da1ddb0d, version 1.0
Description : Unknown RPC service
Type : Local RPC service
Named pipe : WindowsShutdown

Object UUID : 765294ba-60bc-48b8-92e9-89fd77769d91
UUID : d95afe70-a6d5-4259-822e-2c84da1ddb0d, version 1.0
Description : Unknown RPC service
Type : Local RPC service
Named pipe : WMsgKRpc07E360

Object UUID : 00000000-0000-0000-0000-000000000000
UUID : 3c4728c5-f0ab-448b-bda1-6ce01eb0a6d5, version 1.0
Description : DHCP Client Service
Windows process : svchost.exe
Annotation : DHCP Client LRPC Endpoint
Type : Local RPC service
Named pipe : dhcpcsvc

Object UUID : 00000000-0000-0000-0000-000000000000
UUID : 3c4728c5-f0ab-448b-bda1-6ce01eb0a6d5, version 1.0
Description : DHCP Client Service
Windows process : svchost.exe
Annotation : DHCP Client LRPC Endpoint
Type : Local RPC service
Named pipe : dhcpcsvc6

Object UUID : 3bdb59a0-d736-4d44-9074-c1ee00000001
UUID : 24019106-a203-4642-b88d-82dae9158929, version 1.0
Description : Unknown RPC service
Type : Local RPC service
Named pipe : LRPC-61346372017f991bb6

Object UUID : b08669ee-8cb5-43a5-a017-84fe00000001
UUID : 76f226c3-ec14-4325-8a99-6a46348418af, version 1.0
Description : Unknown RPC service
Type : Local RPC service
Named pipe : WMsgKRpc03A03B1

Object UUID : 6d726574-7273-0076-0000-000000000000
UUID : c9ac6db5-82b7-4e55-ae8a-e464ed7b4277, version 1.0
Description : Unknown RPC service
Annotation : Impl friendly name
Type : Local RPC service
Named pipe : LRPC-5080a2754414a9c511

Object UUID : 4c8eb3ac-8634-45bf-8c32-c89c6fdf0cd0
UUID : 906b0ce0-c70b-1067-b317-00dd010662da, version 1.0
Description : Distributed Transaction Coordinator
Windows process : msdtc.exe
Type : Local RPC service
Named pipe : LRPC-10989fbb1b6e326921

Object UUID : 87ea16e1-0063-40d3-9067-e335854bb163
UUID : 906b0ce0-c70b-1067-b317-00dd010662da, version 1.0
Description : Distributed Transaction Coordinator
Windows process : msdtc.exe
Type : Local RPC service
Named pipe : LRPC-10989fbb1b6e326921

Object UUID : 4b95fe8a-3132-4a8a-8db5-f4e8058fc724
UUID : 906b0ce0-c70b-1067-b317-00dd010662da, version 1.0
Description : Distributed Transaction Coordinator
Windows process : msdtc.exe
Type : Local RPC service
Named pipe : LRPC-10989fbb1b6e326921

Object UUID : 7a988cee-4a47-49e0-a258-315eb8c71f8d
UUID : 906b0ce0-c70b-1067-b317-00dd010662da, version 1.0
Description : Distributed Transaction Coordinator
Windows process : msdtc.exe
Type : Local RPC service
Named pipe : LRPC-10989fbb1b6e326921

Object UUID : 5b53d1a7-4fbc-407e-9b35-78ae789b601d
UUID : 906b0ce0-c70b-1067-b317-00dd010662da, version 1.0
Description : Distributed Transaction Coordinator
Windows process : msdtc.exe
Type : Local RPC service
Named pipe : OLE8EB665BB6237475DA7D71A4E4964

Object UUID : 5b53d1a7-4fbc-407e-9b35-78ae789b601d
UUID : 906b0ce0-c70b-1067-b317-00dd010662da, version 1.0
Description : Distributed Transaction Coordinator
Windows process : msdtc.exe
Type : Local RPC service
Named pipe : LRPC-c06f80c64d03bab8d0

Object UUID : 00000000-0000-0000-0000-000000000000
UUID : 12345678-1234-abcd-ef00-0123456789ab, version 1.0
Description : IPsec Services (Windows XP & 2003)
Windows process : lsass.exe
Annotation : IPSec Policy agent endpoint
Type : Local RPC service
Named pipe : LRPC-f40726f44c3e1b664b

Object UUID : 00000000-0000-0000-0000-000000000000
UUID : 12345778-1234-abcd-ef00-0123456789ac, version 1.0
Description : Security Account Manager
Windows process : lsass.exe
Type : Local RPC service
Named pipe : LRPC-5c2e82686803aba3f0

Object UUID : 00000000-0000-0000-0000-000000000000
UUID : 12345778-1234-abcd-ef00-0123456789ac, version 1.0
Description : Security Account Manager
Windows process : lsass.exe
Type : Local RPC service
Named pipe : audit

Object UUID : 00000000-0000-0000-0000-000000000000
UUID : 12345778-1234-abcd-ef00-0123456789ac, version 1.0
Description : Security Account Manager
Windows process : lsass.exe
Type : Local RPC service
Named pipe : securityevent

Object UUID : 00000000-0000-0000-0000-000000000000
UUID : 12345778-1234-abcd-ef00-0123456789ac, version 1.0
Description : Security Account Manager
Windows process : lsass.exe
Type : Local RPC service
Named pipe : LSARPC_ENDPOINT

Object UUID : 00000000-0000-0000-0000-000000000000
UUID : 12345778-1234-abcd-ef00-0123456789ac, version 1.0
Description : Security Account Manager
Windows process : lsass.exe
Type : Local RPC service
Named pipe : lsapolicylookup

Object UUID : 00000000-0000-0000-0000-000000000000
UUID : 12345778-1234-abcd-ef00-0123456789ac, version 1.0
Description : Security Account Manager
Windows process : lsass.exe
Type : Local RPC service
Named pipe : lsasspirpc

Object UUID : 00000000-0000-0000-0000-000000000000
UUID : 12345778-1234-abcd-ef00-0123456789ac, version 1.0
Description : Security Account Manager
Windows process : lsass.exe
Type : Local RPC service
Named pipe : protected_storage

Object UUID : 00000000-0000-0000-0000-000000000000
UUID : 12345778-1234-abcd-ef00-0123456789ac, version 1.0
Description : Security Account Manager
Windows process : lsass.exe
Type : Local RPC service
Named pipe : dsrole

Object UUID : 00000000-0000-0000-0000-000000000000
UUID : 12345778-1234-abcd-ef00-0123456789ac, version 1.0
Description : Security Account Manager
Windows process : lsass.exe
Type : Local RPC service
Named pipe : samss lpc

Object UUID : 00000000-0000-0000-0000-000000000000
UUID : 0b6edbfa-4a24-4fc6-8a23-942b1eca65d1, version 1.0
Description : Unknown RPC service
Annotation : Spooler function endpoint
Type : Local RPC service
Named pipe : spoolss

Object UUID : 00000000-0000-0000-0000-000000000000
UUID : ae33069b-a2a8-46ee-a235-ddfd339be281, version 1.0
Description : Unknown RPC service
Annotation : Spooler base remote object endpoint
Type : Local RPC service
Named pipe : spoolss

Object UUID : 00000000-0000-0000-0000-000000000000
UUID : 4a452661-8290-4b36-8fbe-7f4093a94978, version 1.0
Description : Unknown RPC service
Annotation : Spooler function endpoint
Type : Local RPC service
Named pipe : spoolss

Object UUID : 00000000-0000-0000-0000-000000000000
UUID : dd490425-5325-4565-b774-7e27d6c09c24, version 1.0
Description : Unknown RPC service
Annotation : Base Firewall Engine API
Type : Local RPC service
Named pipe : LRPC-ec8effc92f8dde825d

Object UUID : 00000000-0000-0000-0000-000000000000
UUID : 7f9d11bf-7fb9-436b-a812-b2d50c5d4c03, version 1.0
Description : Unknown RPC service
Annotation : Fw APIs
Type : Local RPC service
Named pipe : LRPC-ec8effc92f8dde825d

Object UUID : 00000000-0000-0000-0000-000000000000
UUID : 2fb92682-6599-42dc-ae13-bd2ca89bd11c, version 1.0
Description : Unknown RPC service
Annotation : Fw APIs
Type : Local RPC service
Named pipe : LRPC-ec8effc92f8dde825d

Object UUID : 00000000-0000-0000-0000-000000000000
UUID : 7ea70bcf-48af-4f6a-8968-6a440754d5fa, version 1.0
Description : Unknown RPC service
Annotation : NSI server endpoint
Type : Local RPC service
Named pipe : OLEBECB3352473D4115814A43F736EE

Object UUID : 00000000-0000-0000-0000-000000000000
UUID : 7ea70bcf-48af-4f6a-8968-6a440754d5fa, version 1.0
Description : Unknown RPC service
Annotation : NSI server endpoint
Type : Local RPC service
Named pipe : LRPC-41f9a524c2b8e6c2bb

Object UUID : 00000000-0000-0000-0000-000000000000
UUID : 3473dd4d-2e88-4006-9cba-22570909dd10, version 5.0
Description : Unknown RPC service
Annotation : WinHttp Auto-Proxy Service
Type : Local RPC service
Named pipe : OLEBECB3352473D4115814A43F736EE

Object UUID : 00000000-0000-0000-0000-000000000000
UUID : 3473dd4d-2e88-4006-9cba-22570909dd10, version 5.0
Description : Unknown RPC service
Annotation : WinHttp Auto-Proxy Service
Type : Local RPC service
Named pipe : LRPC-41f9a524c2b8e6c2bb

Object UUID : 00000000-0000-0000-0000-000000000000
UUID : 3473dd4d-2e88-4006-9cba-22570909dd10, version 5.0
Description : Unknown RPC service
Annotation : WinHttp Auto-Proxy Service
Type : Local RPC service
Named pipe : W32TIME_ALT

Object UUID : 666f7270-6c69-7365-0000-000000000000
UUID : c9ac6db5-82b7-4e55-ae8a-e464ed7b4277, version 1.0
Description : Unknown RPC service
Annotation : Impl friendly name
Type : Local RPC service
Named pipe : IUserProfile2

Object UUID : 6c637067-6569-746e-0000-000000000000
UUID : c9ac6db5-82b7-4e55-ae8a-e464ed7b4277, version 1.0
Description : Unknown RPC service
Annotation : Impl friendly name
Type : Local RPC service
Named pipe : IUserProfile2

Object UUID : 24d1f7c7-76af-4f28-9ccd-7f6cb6468601
UUID : 2eb08e3e-639f-4fba-97b1-14f878961076, version 1.0
Description : Unknown RPC service
Type : Local RPC service
Named pipe : IUserProfile2

Object UUID : 736e6573-0000-0000-0000-000000000000
UUID : c9ac6db5-82b7-4e55-ae8a-e464ed7b4277, version 1.0
Description : Unknown RPC service
Annotation : Impl friendly name
Type : Local RPC service
Named pipe : IUserProfile2

Object UUID : 736e6573-0000-0000-0000-000000000000
UUID : c9ac6db5-82b7-4e55-ae8a-e464ed7b4277, version 1.0
Description : Unknown RPC service
Annotation : Impl friendly name
Type : Local RPC service
Named pipe : OLE92E5521E40FA40F59BD9C9B08B00

Object UUID : 736e6573-0000-0000-0000-000000000000
UUID : c9ac6db5-82b7-4e55-ae8a-e464ed7b4277, version 1.0
Description : Unknown RPC service
Annotation : Impl friendly name
Type : Local RPC service
Named pipe : senssvc

Object UUID : 00000000-0000-0000-0000-000000000000
UUID : 0a74ef1c-41a4-4e06-83ae-dc74fb1cdd53, version 1.0
Description : Scheduler Service
Windows process : svchost.exe
Type : Local RPC service
Named pipe : IUserProfile2

Object UUID : 00000000-0000-0000-0000-000000000000
UUID : 0a74ef1c-41a4-4e06-83ae-dc74fb1cdd53, version 1.0
Description : Scheduler Service
Windows process : svchost.exe
Type : Local RPC service
Named pipe : OLE92E5521E40FA40F59BD9C9B08B00

Object UUID : 00000000-0000-0000-0000-000000000000
UUID : 0a74ef1c-41a4-4e06-83ae-dc74fb1cdd53, version 1.0
Description : Scheduler Service
Windows process : svchost.exe
Type : Local RPC service
Named pipe : senssvc

Object UUID : 00000000-0000-0000-0000-000000000000
UUID : 1ff70682-0a51-30e8-076d-740be8cee98b, version 1.0
Description : Scheduler Service
Windows process : svchost.exe
Type : Local RPC service
Named pipe : IUserProfile2

Object UUID : 00000000-0000-0000-0000-000000000000
UUID : 1ff70682-0a51-30e8-076d-740be8cee98b, version 1.0
Description : Scheduler Service
Windows process : svchost.exe
Type : Local RPC service
Named pipe : OLE92E5521E40FA40F59BD9C9B08B00

Object UUID : 00000000-0000-0000-0000-000000000000
UUID : 1ff70682-0a51-30e8-076d-740be8cee98b, version 1.0
Description : Scheduler Service
Windows process : svchost.exe
Type : Local RPC service
Named pipe : senssvc

Object UUID : 00000000-0000-0000-0000-000000000000
UUID : 378e52b0-c0a9-11cf-822d-00aa0051e40f, version 1.0
Description : Scheduler Service
Windows process : svchost.exe
Type : Local RPC service
Named pipe : IUserProfile2

Object UUID : 00000000-0000-0000-0000-000000000000
UUID : 378e52b0-c0a9-11cf-822d-00aa0051e40f, version 1.0
Description : Scheduler Service
Windows process : svchost.exe
Type : Local RPC service
Named pipe : OLE92E5521E40FA40F59BD9C9B08B00

Object UUID : 00000000-0000-0000-0000-000000000000
UUID : 378e52b0-c0a9-11cf-822d-00aa0051e40f, version 1.0
Description : Scheduler Service
Windows process : svchost.exe
Type : Local RPC service
Named pipe : senssvc

Object UUID : 00000000-0000-0000-0000-000000000000
UUID : 86d35949-83c9-4044-b424-db363231fd0c, version 1.0
Description : Unknown RPC service
Type : Local RPC service
Named pipe : IUserProfile2

Object UUID : 00000000-0000-0000-0000-000000000000
UUID : 86d35949-83c9-4044-b424-db363231fd0c, version 1.0
Description : Unknown RPC service
Type : Local RPC service
Named pipe : OLE92E5521E40FA40F59BD9C9B08B00

Object UUID : 00000000-0000-0000-0000-000000000000
UUID : 86d35949-83c9-4044-b424-db363231fd0c, version 1.0
Description : Unknown RPC service
Type : Local RPC service
Named pipe : senssvc

Object UUID : 00000000-0000-0000-0000-000000000000
UUID : a398e520-d59a-4bdd-aa7a-3c1e0303a511, version 1.0
Description : Unknown RPC service
Annotation : IKE/Authip API
Type : Local RPC service
Named pipe : IUserProfile2

Object UUID : 00000000-0000-0000-0000-000000000000
UUID : a398e520-d59a-4bdd-aa7a-3c1e0303a511, version 1.0
Description : Unknown RPC service
Annotation : IKE/Authip API
Type : Local RPC service
Named pipe : OLE92E5521E40FA40F59BD9C9B08B00

Object UUID : 00000000-0000-0000-0000-000000000000
UUID : a398e520-d59a-4bdd-aa7a-3c1e0303a511, version 1.0
Description : Unknown RPC service
Annotation : IKE/Authip API
Type : Local RPC service
Named pipe : senssvc

Object UUID : 00000000-0000-0000-0000-000000000000
UUID : 552d076a-cb29-4e44-8b6a-d15e59e2c0af, version 1.0
Description : Unknown RPC service
Annotation : IP Transition Configuration endpoint
Type : Local RPC service
Named pipe : IUserProfile2

Object UUID : 00000000-0000-0000-0000-000000000000
UUID : 552d076a-cb29-4e44-8b6a-d15e59e2c0af, version 1.0
Description : Unknown RPC service
Annotation : IP Transition Configuration endpoint
Type : Local RPC service
Named pipe : OLE92E5521E40FA40F59BD9C9B08B00

Object UUID : 00000000-0000-0000-0000-000000000000
UUID : 552d076a-cb29-4e44-8b6a-d15e59e2c0af, version 1.0
Description : Unknown RPC service
Annotation : IP Transition Configuration endpoint
Type : Local RPC service
Named pipe : senssvc

Object UUID : 00000000-0000-0000-0000-000000000000
UUID : 98716d03-89ac-44c7-bb8c-285824e51c4a, version 1.0
Description : Unknown RPC service
Annotation : XactSrv service
Type : Local RPC service
Named pipe : IUserProfile2

Object UUID : 00000000-0000-0000-0000-000000000000
UUID : 98716d03-89ac-44c7-bb8c-285824e51c4a, version 1.0
Description : Unknown RPC service
Annotation : XactSrv service
Type : Local RPC service
Named pipe : OLE92E5521E40FA40F59BD9C9B08B00

Object UUID : 00000000-0000-0000-0000-000000000000
UUID : 98716d03-89ac-44c7-bb8c-285824e51c4a, version 1.0
Description : Unknown RPC service
Annotation : XactSrv service
Type : Local RPC service
Named pipe : senssvc

Object UUID : 73736573-6f69-656e-6e76-000000000000
UUID : c9ac6db5-82b7-4e55-ae8a-e464ed7b4277, version 1.0
Description : Unknown RPC service
Annotation : Impl friendly name
Type : Local RPC service
Named pipe : IUserProfile2

Object UUID : 73736573-6f69-656e-6e76-000000000000
UUID : c9ac6db5-82b7-4e55-ae8a-e464ed7b4277, version 1.0
Description : Unknown RPC service
Annotation : Impl friendly name
Type : Local RPC service
Named pipe : OLE92E5521E40FA40F59BD9C9B08B00

Object UUID : 73736573-6f69-656e-6e76-000000000000
UUID : c9ac6db5-82b7-4e55-ae8a-e464ed7b4277, version 1.0
Description : Unknown RPC service
Annotation : Impl friendly name
Type : Local RPC service
Named pipe : senssvc

Object UUID : 00000000-0000-0000-0000-000000000000
UUID : 30b044a5-a225-43f0-b3a4-e060df91f9c1, version 1.0
Description : Unknown RPC service
Type : Local RPC service
Named pipe : IUserProfile2

Object UUID : 00000000-0000-0000-0000-000000000000
UUID : 30b044a5-a225-43f0-b3a4-e060df91f9c1, version 1.0
Description : Unknown RPC service
Type : Local RPC service
Named pipe : OLE92E5521E40FA40F59BD9C9B08B00

Object UUID : 00000000-0000-0000-0000-000000000000
UUID : 30b044a5-a225-43f0-b3a4-e060df91f9c1, version 1.0
Description : Unknown RPC service
Type : Local RPC service
Named pipe : senssvc

Object UUID : 00000000-0000-0000-0000-000000000000
UUID : f6beaff7-1e19-4fbb-9f8f-b89e2018337c, version 1.0
Description : Unknown RPC service
Annotation : Event log TCPIP
Type : Local RPC service
Named pipe : eventlog

Object UUID : 00000000-0000-0000-0000-000000000000
UUID : 30adc50c-5cbc-46ce-9a0e-91914789e23c, version 1.0
Description : Unknown RPC service
Annotation : NRP server endpoint
Type : Local RPC service
Named pipe : eventlog

Object UUID : 00000000-0000-0000-0000-000000000000
UUID : 3c4728c5-f0ab-448b-bda1-6ce01eb0a6d6, version 1.0
Description : Unknown RPC service
Annotation : DHCPv6 Client LRPC Endpoint
Type : Local RPC service
Named pipe : eventlog

Object UUID : 00000000-0000-0000-0000-000000000000
UUID : 3c4728c5-f0ab-448b-bda1-6ce01eb0a6d6, version 1.0
Description : Unknown RPC service
Annotation : DHCPv6 Client LRPC Endpoint
Type : Local RPC service
Named pipe : dhcpcsvc6

Object UUID : 00000000-0000-0000-0000-000000000000
UUID : 3c4728c5-f0ab-448b-bda1-6ce01eb0a6d5, version 1.0
Description : DHCP Client Service
Windows process : svchost.exe
Annotation : DHCP Client LRPC Endpoint
Type : Local RPC service
Named pipe : eventlog

","[]",0,"","2001-08-26","2012-01-31"
"nessus_sample_1.nessus","qa3app09","10.31.112.29","Microsoft Windows Server 2008 R2 Standard Service Pack 1",49152,"tcp","dce-rpc",0,10736,"DCE Services Enumeration","Windows","A DCE/RPC service is running on the remote host.","By sending a Lookup request to the portmapper (TCP 135 or epmapper PIPE) it was possible to enumerate the Distributed Computing Environment (DCE) services running on the remote port.
Using this information it is possible to connect and bind to each service by sending an RPC request to the remote port/pipe.","n/a","None","
The following DCERPC services are available on TCP port 49152 :

Object UUID : 765294ba-60bc-48b8-92e9-89fd77769d91
UUID : d95afe70-a6d5-4259-822e-2c84da1ddb0d, version 1.0
Description : Unknown RPC service
Type : Remote RPC service
TCP Port : 49152
IP : 10.31.112.29

","[]",0,"","2001-08-26","2012-01-31"
"nessus_sample_1.nessus","qa3app09","10.31.112.29","Microsoft Windows Server 2008 R2 Standard Service Pack 1",49153,"tcp","dce-rpc",0,10736,"DCE Services Enumeration","Windows","A DCE/RPC service is running on the remote host.","By sending a Lookup request to the portmapper (TCP 135 or epmapper PIPE) it was possible to enumerate the Distributed Computing Environment (DCE) services running on the remote port.
Using this information it is possible to connect and bind to each service by sending an RPC request to the remote port/pipe.","n/a","None","
The following DCERPC services are available on TCP port 49153 :

Object UUID : 00000000-0000-0000-0000-000000000000
UUID : 3c4728c5-f0ab-448b-bda1-6ce01eb0a6d5, version 1.0
Description : DHCP Client Service
Windows process : svchost.exe
Annotation : DHCP Client LRPC Endpoint
Type : Remote RPC service
TCP Port : 49153
IP : 10.31.112.29

Object UUID : 00000000-0000-0000-0000-000000000000
UUID : f6beaff7-1e19-4fbb-9f8f-b89e2018337c, version 1.0
Description : Unknown RPC service
Annotation : Event log TCPIP
Type : Remote RPC service
TCP Port : 49153
IP : 10.31.112.29

Object UUID : 00000000-0000-0000-0000-000000000000
UUID : 30adc50c-5cbc-46ce-9a0e-91914789e23c, version 1.0
Description : Unknown RPC service
Annotation : NRP server endpoint
Type : Remote RPC service
TCP Port : 49153
IP : 10.31.112.29

Object UUID : 00000000-0000-0000-0000-000000000000
UUID : 3c4728c5-f0ab-448b-bda1-6ce01eb0a6d6, version 1.0
Description : Unknown RPC service
Annotation : DHCPv6 Client LRPC Endpoint
Type : Remote RPC service
TCP Port : 49153
IP : 10.31.112.29

","[]",0,"","2001-08-26","2012-01-31"
"nessus_sample_1.nessus","qa3app09","10.31.112.29","Microsoft Windows Server 2008 R2 Standard Service Pack 1",49175,"tcp","dce-rpc",0,10736,"DCE Services Enumeration","Windows","A DCE/RPC service is running on the remote host.","By sending a Lookup request to the portmapper (TCP 135 or epmapper PIPE) it was possible to enumerate the Distributed Computing Environment (DCE) services running on the remote port.
Using this information it is possible to connect and bind to each service by sending an RPC request to the remote port/pipe.","n/a","None","
The following DCERPC services are available on TCP port 49175 :

Object UUID : 00000000-0000-0000-0000-000000000000
UUID : 6b5bdd1e-528c-422c-af8c-a4079be4fe48, version 1.0
Description : Unknown RPC service
Annotation : Remote Fw APIs
Type : Remote RPC service
TCP Port : 49175
IP : 10.31.112.29

Object UUID : 00000000-0000-0000-0000-000000000000
UUID : 12345678-1234-abcd-ef00-0123456789ab, version 1.0
Description : IPsec Services (Windows XP & 2003)
Windows process : lsass.exe
Annotation : IPSec Policy agent endpoint
Type : Remote RPC service
TCP Port : 49175
IP : 10.31.112.29

","[]",0,"","2001-08-26","2012-01-31"
"nessus_sample_1.nessus","qa3app09","10.31.112.29","Microsoft Windows Server 2008 R2 Standard Service Pack 1",49173,"tcp","dce-rpc",0,10736,"DCE Services Enumeration","Windows","A DCE/RPC service is running on the remote host.","By sending a Lookup request to the portmapper (TCP 135 or epmapper PIPE) it was possible to enumerate the Distributed Computing Environment (DCE) services running on the remote port.
Using this information it is possible to connect and bind to each service by sending an RPC request to the remote port/pipe.","n/a","None","
The following DCERPC services are available on TCP port 49173 :

Object UUID : 00000000-0000-0000-0000-000000000000
UUID : 12345778-1234-abcd-ef00-0123456789ac, version 1.0
Description : Security Account Manager
Windows process : lsass.exe
Type : Remote RPC service
TCP Port : 49173
IP : 10.31.112.29

","[]",0,"","2001-08-26","2012-01-31"
"nessus_sample_1.nessus","qa3app09","10.31.112.29","Microsoft Windows Server 2008 R2 Standard Service Pack 1",49154,"tcp","dce-rpc",0,10736,"DCE Services Enumeration","Windows","A DCE/RPC service is running on the remote host.","By sending a Lookup request to the portmapper (TCP 135 or epmapper PIPE) it was possible to enumerate the Distributed Computing Environment (DCE) services running on the remote port.
Using this information it is possible to connect and bind to each service by sending an RPC request to the remote port/pipe.","n/a","None","
The following DCERPC services are available on TCP port 49154 :

Object UUID : 00000000-0000-0000-0000-000000000000
UUID : 86d35949-83c9-4044-b424-db363231fd0c, version 1.0
Description : Unknown RPC service
Type : Remote RPC service
TCP Port : 49154
IP : 10.31.112.29

Object UUID : 00000000-0000-0000-0000-000000000000
UUID : a398e520-d59a-4bdd-aa7a-3c1e0303a511, version 1.0
Description : Unknown RPC service
Annotation : IKE/Authip API
Type : Remote RPC service
TCP Port : 49154
IP : 10.31.112.29

Object UUID : 00000000-0000-0000-0000-000000000000
UUID : 552d076a-cb29-4e44-8b6a-d15e59e2c0af, version 1.0
Description : Unknown RPC service
Annotation : IP Transition Configuration endpoint
Type : Remote RPC service
TCP Port : 49154
IP : 10.31.112.29

Object UUID : 00000000-0000-0000-0000-000000000000
UUID : 98716d03-89ac-44c7-bb8c-285824e51c4a, version 1.0
Description : Unknown RPC service
Annotation : XactSrv service
Type : Remote RPC service
TCP Port : 49154
IP : 10.31.112.29

Object UUID : 73736573-6f69-656e-6e76-000000000000
UUID : c9ac6db5-82b7-4e55-ae8a-e464ed7b4277, version 1.0
Description : Unknown RPC service
Annotation : Impl friendly name
Type : Remote RPC service
TCP Port : 49154
IP : 10.31.112.29

Object UUID : 00000000-0000-0000-0000-000000000000
UUID : 30b044a5-a225-43f0-b3a4-e060df91f9c1, version 1.0
Description : Unknown RPC service
Type : Remote RPC service
TCP Port : 49154
IP : 10.31.112.29

","[]",0,"","2001-08-26","2012-01-31"
"nessus_sample_1.nessus","qa3app09","10.31.112.29","Microsoft Windows Server 2008 R2 Standard Service Pack 1",49174,"tcp","dce-rpc",0,10736,"DCE Services Enumeration","Windows","A DCE/RPC service is running on the remote host.","By sending a Lookup request to the portmapper (TCP 135 or epmapper PIPE) it was possible to enumerate the Distributed Computing Environment (DCE) services running on the remote port.
Using this information it is possible to connect and bind to each service by sending an RPC request to the remote port/pipe.","n/a","None","
The following DCERPC services are available on TCP port 49174 :

Object UUID : 00000000-0000-0000-0000-000000000000
UUID : 367abb81-9844-35f1-ad32-98f038001003, version 2.0
Description : Unknown RPC service
Type : Remote RPC service
TCP Port : 49174
IP : 10.31.112.29

","[]",0,"","2001-08-26","2012-01-31"
"nessus_sample_1.nessus","qa3app09","10.31.112.29","Microsoft Windows Server 2008 R2 Standard Service Pack 1",445,"tcp","cifs",0,10736,"DCE Services Enumeration","Windows","A DCE/RPC service is running on the remote host.","By sending a Lookup request to the portmapper (TCP 135 or epmapper PIPE) it was possible to enumerate the Distributed Computing Environment (DCE) services running on the remote port.
Using this information it is possible to connect and bind to each service by sending an RPC request to the remote port/pipe.","n/a","None","
The following DCERPC services are available remotely :

Object UUID : 765294ba-60bc-48b8-92e9-89fd77769d91
UUID : d95afe70-a6d5-4259-822e-2c84da1ddb0d, version 1.0
Description : Unknown RPC service
Type : Remote RPC service
Named pipe : \PIPE\InitShutdown
Netbios name : \\QA3APP09

Object UUID : b08669ee-8cb5-43a5-a017-84fe00000000
UUID : 76f226c3-ec14-4325-8a99-6a46348418af, version 1.0
Description : Unknown RPC service
Type : Remote RPC service
Named pipe : \PIPE\InitShutdown
Netbios name : \\QA3APP09

Object UUID : 00000000-0000-0000-0000-000000000000
UUID : 12345778-1234-abcd-ef00-0123456789ac, version 1.0
Description : Security Account Manager
Windows process : lsass.exe
Type : Remote RPC service
Named pipe : \pipe\lsass
Netbios name : \\QA3APP09

Object UUID : 00000000-0000-0000-0000-000000000000
UUID : 12345778-1234-abcd-ef00-0123456789ac, version 1.0
Description : Security Account Manager
Windows process : lsass.exe
Type : Remote RPC service
Named pipe : \PIPE\protected_storage
Netbios name : \\QA3APP09

Object UUID : 00000000-0000-0000-0000-000000000000
UUID : 3473dd4d-2e88-4006-9cba-22570909dd10, version 5.0
Description : Unknown RPC service
Annotation : WinHttp Auto-Proxy Service
Type : Remote RPC service
Named pipe : \PIPE\W32TIME_ALT
Netbios name : \\QA3APP09

Object UUID : 00000000-0000-0000-0000-000000000000
UUID : 1ff70682-0a51-30e8-076d-740be8cee98b, version 1.0
Description : Scheduler Service
Windows process : svchost.exe
Type : Remote RPC service
Named pipe : \PIPE\atsvc
Netbios name : \\QA3APP09

Object UUID : 00000000-0000-0000-0000-000000000000
UUID : 378e52b0-c0a9-11cf-822d-00aa0051e40f, version 1.0
Description : Scheduler Service
Windows process : svchost.exe
Type : Remote RPC service
Named pipe : \PIPE\atsvc
Netbios name : \\QA3APP09

Object UUID : 00000000-0000-0000-0000-000000000000
UUID : 86d35949-83c9-4044-b424-db363231fd0c, version 1.0
Description : Unknown RPC service
Type : Remote RPC service
Named pipe : \PIPE\atsvc
Netbios name : \\QA3APP09

Object UUID : 00000000-0000-0000-0000-000000000000
UUID : a398e520-d59a-4bdd-aa7a-3c1e0303a511, version 1.0
Description : Unknown RPC service
Annotation : IKE/Authip API
Type : Remote RPC service
Named pipe : \PIPE\atsvc
Netbios name : \\QA3APP09

Object UUID : 00000000-0000-0000-0000-000000000000
UUID : 552d076a-cb29-4e44-8b6a-d15e59e2c0af, version 1.0
Description : Unknown RPC service
Annotation : IP Transition Configuration endpoint
Type : Remote RPC service
Named pipe : \PIPE\atsvc
Netbios name : \\QA3APP09

Object UUID : 00000000-0000-0000-0000-000000000000
UUID : 98716d03-89ac-44c7-bb8c-285824e51c4a, version 1.0
Description : Unknown RPC service
Annotation : XactSrv service
Type : Remote RPC service
Named pipe : \PIPE\atsvc
Netbios name : \\QA3APP09

Object UUID : 73736573-6f69-656e-6e76-000000000000
UUID : c9ac6db5-82b7-4e55-ae8a-e464ed7b4277, version 1.0
Description : Unknown RPC service
Annotation : Impl friendly name
Type : Remote RPC service
Named pipe : \PIPE\atsvc
Netbios name : \\QA3APP09

Object UUID : 73736573-6f69-656e-6e76-000000000000
UUID : c9ac6db5-82b7-4e55-ae8a-e464ed7b4277, version 1.0
Description : Unknown RPC service
Annotation : Impl friendly name
Type : Remote RPC service
Named pipe : \PIPE\srvsvc
Netbios name : \\QA3APP09

Object UUID : 00000000-0000-0000-0000-000000000000
UUID : 30b044a5-a225-43f0-b3a4-e060df91f9c1, version 1.0
Description : Unknown RPC service
Type : Remote RPC service
Named pipe : \PIPE\atsvc
Netbios name : \\QA3APP09

Object UUID : 00000000-0000-0000-0000-000000000000
UUID : 30b044a5-a225-43f0-b3a4-e060df91f9c1, version 1.0
Description : Unknown RPC service
Type : Remote RPC service
Named pipe : \PIPE\srvsvc
Netbios name : \\QA3APP09

Object UUID : 00000000-0000-0000-0000-000000000000
UUID : f6beaff7-1e19-4fbb-9f8f-b89e2018337c, version 1.0
Description : Unknown RPC service
Annotation : Event log TCPIP
Type : Remote RPC service
Named pipe : \pipe\eventlog
Netbios name : \\QA3APP09

Object UUID : 00000000-0000-0000-0000-000000000000
UUID : 30adc50c-5cbc-46ce-9a0e-91914789e23c, version 1.0
Description : Unknown RPC service
Annotation : NRP server endpoint
Type : Remote RPC service
Named pipe : \pipe\eventlog
Netbios name : \\QA3APP09

Object UUID : 00000000-0000-0000-0000-000000000000
UUID : 3c4728c5-f0ab-448b-bda1-6ce01eb0a6d6, version 1.0
Description : Unknown RPC service
Annotation : DHCPv6 Client LRPC Endpoint
Type : Remote RPC service
Named pipe : \pipe\eventlog
Netbios name : \\QA3APP09

Object UUID : 00000000-0000-0000-0000-000000000000
UUID : 3c4728c5-f0ab-448b-bda1-6ce01eb0a6d5, version 1.0
Description : DHCP Client Service
Windows process : svchost.exe
Annotation : DHCP Client LRPC Endpoint
Type : Remote RPC service
Named pipe : \pipe\eventlog
Netbios name : \\QA3APP09

","[]",0,"","2001-08-26","2012-01-31"
"nessus_sample_1.nessus","qa3app09","10.31.112.29","Microsoft Windows Server 2008 R2 Standard Service Pack 1",135,"tcp","epmap",0,10736,"DCE Services Enumeration","Windows","A DCE/RPC service is running on the remote host.","By sending a Lookup request to the portmapper (TCP 135 or epmapper PIPE) it was possible to enumerate the Distributed Computing Environment (DCE) services running on the remote port.
Using this information it is possible to connect and bind to each service by sending an RPC request to the remote port/pipe.","n/a","None","
The following DCERPC services are available locally :

Object UUID : 765294ba-60bc-48b8-92e9-89fd77769d91
UUID : d95afe70-a6d5-4259-822e-2c84da1ddb0d, version 1.0
Description : Unknown RPC service
Type : Local RPC service
Named pipe : WindowsShutdown

Object UUID : 765294ba-60bc-48b8-92e9-89fd77769d91
UUID : d95afe70-a6d5-4259-822e-2c84da1ddb0d, version 1.0
Description : Unknown RPC service
Type : Local RPC service
Named pipe : WMsgKRpc07E030

Object UUID : b08669ee-8cb5-43a5-a017-84fe00000000
UUID : 76f226c3-ec14-4325-8a99-6a46348418af, version 1.0
Description : Unknown RPC service
Type : Local RPC service
Named pipe : WindowsShutdown

Object UUID : b08669ee-8cb5-43a5-a017-84fe00000000
UUID : 76f226c3-ec14-4325-8a99-6a46348418af, version 1.0
Description : Unknown RPC service
Type : Local RPC service
Named pipe : WMsgKRpc07E030

Object UUID : 00000000-0000-0000-0000-000000000000
UUID : 3c4728c5-f0ab-448b-bda1-6ce01eb0a6d5, version 1.0
Description : DHCP Client Service
Windows process : svchost.exe
Annotation : DHCP Client LRPC Endpoint
Type : Local RPC service
Named pipe : dhcpcsvc

Object UUID : 00000000-0000-0000-0000-000000000000
UUID : 3c4728c5-f0ab-448b-bda1-6ce01eb0a6d5, version 1.0
Description : DHCP Client Service
Windows process : svchost.exe
Annotation : DHCP Client LRPC Endpoint
Type : Local RPC service
Named pipe : dhcpcsvc6

Object UUID : 3bdb59a0-d736-4d44-9074-c1ee00000001
UUID : 24019106-a203-4642-b88d-82dae9158929, version 1.0
Description : Unknown RPC service
Type : Local RPC service
Named pipe : LRPC-a3d204163ab8f1bd38

Object UUID : b08669ee-8cb5-43a5-a017-84fe00000001
UUID : 76f226c3-ec14-4325-8a99-6a46348418af, version 1.0
Description : Unknown RPC service
Type : Local RPC service
Named pipe : WMsgKRpc0387DC1

Object UUID : 6d726574-7273-0076-0000-000000000000
UUID : c9ac6db5-82b7-4e55-ae8a-e464ed7b4277, version 1.0
Description : Unknown RPC service
Annotation : Impl friendly name
Type : Local RPC service
Named pipe : LRPC-2289a2c9caf5de05a0

Object UUID : 26780f03-9349-4d59-85fc-0a2da9179ba0
UUID : 906b0ce0-c70b-1067-b317-00dd010662da, version 1.0
Description : Distributed Transaction Coordinator
Windows process : msdtc.exe
Type : Local RPC service
Named pipe : LRPC-f6f951764b738fd7db

Object UUID : d26f0f81-7ba7-4a13-919e-42526c6a9f92
UUID : 906b0ce0-c70b-1067-b317-00dd010662da, version 1.0
Description : Distributed Transaction Coordinator
Windows process : msdtc.exe
Type : Local RPC service
Named pipe : LRPC-f6f951764b738fd7db

Object UUID : f8483b70-d48f-4924-9439-42573bdc6227
UUID : 906b0ce0-c70b-1067-b317-00dd010662da, version 1.0
Description : Distributed Transaction Coordinator
Windows process : msdtc.exe
Type : Local RPC service
Named pipe : LRPC-f6f951764b738fd7db

Object UUID : 2b618ee1-3945-4779-8a54-8478a4f20e14
UUID : 906b0ce0-c70b-1067-b317-00dd010662da, version 1.0
Description : Distributed Transaction Coordinator
Windows process : msdtc.exe
Type : Local RPC service
Named pipe : LRPC-f6f951764b738fd7db

Object UUID : 531341f7-81cb-48da-ac5c-fb5d93bdf208
UUID : 906b0ce0-c70b-1067-b317-00dd010662da, version 1.0
Description : Distributed Transaction Coordinator
Windows process : msdtc.exe
Type : Local RPC service
Named pipe : OLED523FADBF00A433F9744BF0D726C

Object UUID : 531341f7-81cb-48da-ac5c-fb5d93bdf208
UUID : 906b0ce0-c70b-1067-b317-00dd010662da, version 1.0
Description : Distributed Transaction Coordinator
Windows process : msdtc.exe
Type : Local RPC service
Named pipe : LRPC-c20380b4232caf3c79

Object UUID : 00000000-0000-0000-0000-000000000000
UUID : 12345678-1234-abcd-ef00-0123456789ab, version 1.0
Description : IPsec Services (Windows XP & 2003)
Windows process : lsass.exe
Annotation : IPSec Policy agent endpoint
Type : Local RPC service
Named pipe : LRPC-25f66b059e7337a520

Object UUID : 00000000-0000-0000-0000-000000000000
UUID : 12345778-1234-abcd-ef00-0123456789ac, version 1.0
Description : Security Account Manager
Windows process : lsass.exe
Type : Local RPC service
Named pipe : LRPC-a1e7cd726e2a61e910

Object UUID : 00000000-0000-0000-0000-000000000000
UUID : 12345778-1234-abcd-ef00-0123456789ac, version 1.0
Description : Security Account Manager
Windows process : lsass.exe
Type : Local RPC service
Named pipe : audit

Object UUID : 00000000-0000-0000-0000-000000000000
UUID : 12345778-1234-abcd-ef00-0123456789ac, version 1.0
Description : Security Account Manager
Windows process : lsass.exe
Type : Local RPC service
Named pipe : securityevent

Object UUID : 00000000-0000-0000-0000-000000000000
UUID : 12345778-1234-abcd-ef00-0123456789ac, version 1.0
Description : Security Account Manager
Windows process : lsass.exe
Type : Local RPC service
Named pipe : LSARPC_ENDPOINT

Object UUID : 00000000-0000-0000-0000-000000000000
UUID : 12345778-1234-abcd-ef00-0123456789ac, version 1.0
Description : Security Account Manager
Windows process : lsass.exe
Type : Local RPC service
Named pipe : lsapolicylookup

Object UUID : 00000000-0000-0000-0000-000000000000
UUID : 12345778-1234-abcd-ef00-0123456789ac, version 1.0
Description : Security Account Manager
Windows process : lsass.exe
Type : Local RPC service
Named pipe : lsasspirpc

Object UUID : 00000000-0000-0000-0000-000000000000
UUID : 12345778-1234-abcd-ef00-0123456789ac, version 1.0
Description : Security Account Manager
Windows process : lsass.exe
Type : Local RPC service
Named pipe : protected_storage

Object UUID : 00000000-0000-0000-0000-000000000000
UUID : 12345778-1234-abcd-ef00-0123456789ac, version 1.0
Description : Security Account Manager
Windows process : lsass.exe
Type : Local RPC service
Named pipe : dsrole

Object UUID : 00000000-0000-0000-0000-000000000000
UUID : 12345778-1234-abcd-ef00-0123456789ac, version 1.0
Description : Security Account Manager
Windows process : lsass.exe
Type : Local RPC service
Named pipe : samss lpc

Object UUID : 00000000-0000-0000-0000-000000000000
UUID : 0b6edbfa-4a24-4fc6-8a23-942b1eca65d1, version 1.0
Description : Unknown RPC service
Annotation : Spooler function endpoint
Type : Local RPC service
Named pipe : spoolss

Object UUID : 00000000-0000-0000-0000-000000000000
UUID : ae33069b-a2a8-46ee-a235-ddfd339be281, version 1.0
Description : Unknown RPC service
Annotation : Spooler base remote object endpoint
Type : Local RPC service
Named pipe : spoolss

Object UUID : 00000000-0000-0000-0000-000000000000
UUID : 4a452661-8290-4b36-8fbe-7f4093a94978, version 1.0
Description : Unknown RPC service
Annotation : Spooler function endpoint
Type : Local RPC service
Named pipe : spoolss

Object UUID : 00000000-0000-0000-0000-000000000000
UUID : dd490425-5325-4565-b774-7e27d6c09c24, version 1.0
Description : Unknown RPC service
Annotation : Base Firewall Engine API
Type : Local RPC service
Named pipe : LRPC-5e16c501f1d608e7b9

Object UUID : 00000000-0000-0000-0000-000000000000
UUID : 7f9d11bf-7fb9-436b-a812-b2d50c5d4c03, version 1.0
Description : Unknown RPC service
Annotation : Fw APIs
Type : Local RPC service
Named pipe : LRPC-5e16c501f1d608e7b9

Object UUID : 00000000-0000-0000-0000-000000000000
UUID : 2fb92682-6599-42dc-ae13-bd2ca89bd11c, version 1.0
Description : Unknown RPC service
Annotation : Fw APIs
Type : Local RPC service
Named pipe : LRPC-5e16c501f1d608e7b9

Object UUID : 00000000-0000-0000-0000-000000000000
UUID : 7ea70bcf-48af-4f6a-8968-6a440754d5fa, version 1.0
Description : Unknown RPC service
Annotation : NSI server endpoint
Type : Local RPC service
Named pipe : OLE7C214445480D41C6AC1CEF30755B

Object UUID : 00000000-0000-0000-0000-000000000000
UUID : 7ea70bcf-48af-4f6a-8968-6a440754d5fa, version 1.0
Description : Unknown RPC service
Annotation : NSI server endpoint
Type : Local RPC service
Named pipe : LRPC-bcad8b95fdb771ef46

Object UUID : 00000000-0000-0000-0000-000000000000
UUID : 3473dd4d-2e88-4006-9cba-22570909dd10, version 5.0
Description : Unknown RPC service
Annotation : WinHttp Auto-Proxy Service
Type : Local RPC service
Named pipe : OLE7C214445480D41C6AC1CEF30755B

Object UUID : 00000000-0000-0000-0000-000000000000
UUID : 3473dd4d-2e88-4006-9cba-22570909dd10, version 5.0
Description : Unknown RPC service
Annotation : WinHttp Auto-Proxy Service
Type : Local RPC service
Named pipe : LRPC-bcad8b95fdb771ef46

Object UUID : 00000000-0000-0000-0000-000000000000
UUID : 3473dd4d-2e88-4006-9cba-22570909dd10, version 5.0
Description : Unknown RPC service
Annotation : WinHttp Auto-Proxy Service
Type : Local RPC service
Named pipe : W32TIME_ALT

Object UUID : 666f7270-6c69-7365-0000-000000000000
UUID : c9ac6db5-82b7-4e55-ae8a-e464ed7b4277, version 1.0
Description : Unknown RPC service
Annotation : Impl friendly name
Type : Local RPC service
Named pipe : IUserProfile2

Object UUID : 6c637067-6569-746e-0000-000000000000
UUID : c9ac6db5-82b7-4e55-ae8a-e464ed7b4277, version 1.0
Description : Unknown RPC service
Annotation : Impl friendly name
Type : Local RPC service
Named pipe : IUserProfile2

Object UUID : 24d1f7c7-76af-4f28-9ccd-7f6cb6468601
UUID : 2eb08e3e-639f-4fba-97b1-14f878961076, version 1.0
Description : Unknown RPC service
Type : Local RPC service
Named pipe : IUserProfile2

Object UUID : 736e6573-0000-0000-0000-000000000000
UUID : c9ac6db5-82b7-4e55-ae8a-e464ed7b4277, version 1.0
Description : Unknown RPC service
Annotation : Impl friendly name
Type : Local RPC service
Named pipe : IUserProfile2

Object UUID : 736e6573-0000-0000-0000-000000000000
UUID : c9ac6db5-82b7-4e55-ae8a-e464ed7b4277, version 1.0
Description : Unknown RPC service
Annotation : Impl friendly name
Type : Local RPC service
Named pipe : OLE0D7EC00E68984D2CAE3E8AB8D62C

Object UUID : 736e6573-0000-0000-0000-000000000000
UUID : c9ac6db5-82b7-4e55-ae8a-e464ed7b4277, version 1.0
Description : Unknown RPC service
Annotation : Impl friendly name
Type : Local RPC service
Named pipe : senssvc

Object UUID : 00000000-0000-0000-0000-000000000000
UUID : 0a74ef1c-41a4-4e06-83ae-dc74fb1cdd53, version 1.0
Description : Scheduler Service
Windows process : svchost.exe
Type : Local RPC service
Named pipe : IUserProfile2

Object UUID : 00000000-0000-0000-0000-000000000000
UUID : 0a74ef1c-41a4-4e06-83ae-dc74fb1cdd53, version 1.0
Description : Scheduler Service
Windows process : svchost.exe
Type : Local RPC service
Named pipe : OLE0D7EC00E68984D2CAE3E8AB8D62C

Object UUID : 00000000-0000-0000-0000-000000000000
UUID : 0a74ef1c-41a4-4e06-83ae-dc74fb1cdd53, version 1.0
Description : Scheduler Service
Windows process : svchost.exe
Type : Local RPC service
Named pipe : senssvc

Object UUID : 00000000-0000-0000-0000-000000000000
UUID : 1ff70682-0a51-30e8-076d-740be8cee98b, version 1.0
Description : Scheduler Service
Windows process : svchost.exe
Type : Local RPC service
Named pipe : IUserProfile2

Object UUID : 00000000-0000-0000-0000-000000000000
UUID : 1ff70682-0a51-30e8-076d-740be8cee98b, version 1.0
Description : Scheduler Service
Windows process : svchost.exe
Type : Local RPC service
Named pipe : OLE0D7EC00E68984D2CAE3E8AB8D62C

Object UUID : 00000000-0000-0000-0000-000000000000
UUID : 1ff70682-0a51-30e8-076d-740be8cee98b, version 1.0
Description : Scheduler Service
Windows process : svchost.exe
Type : Local RPC service
Named pipe : senssvc

Object UUID : 00000000-0000-0000-0000-000000000000
UUID : 378e52b0-c0a9-11cf-822d-00aa0051e40f, version 1.0
Description : Scheduler Service
Windows process : svchost.exe
Type : Local RPC service
Named pipe : IUserProfile2

Object UUID : 00000000-0000-0000-0000-000000000000
UUID : 378e52b0-c0a9-11cf-822d-00aa0051e40f, version 1.0
Description : Scheduler Service
Windows process : svchost.exe
Type : Local RPC service
Named pipe : OLE0D7EC00E68984D2CAE3E8AB8D62C

Object UUID : 00000000-0000-0000-0000-000000000000
UUID : 378e52b0-c0a9-11cf-822d-00aa0051e40f, version 1.0
Description : Scheduler Service
Windows process : svchost.exe
Type : Local RPC service
Named pipe : senssvc

Object UUID : 00000000-0000-0000-0000-000000000000
UUID : 86d35949-83c9-4044-b424-db363231fd0c, version 1.0
Description : Unknown RPC service
Type : Local RPC service
Named pipe : IUserProfile2

Object UUID : 00000000-0000-0000-0000-000000000000
UUID : 86d35949-83c9-4044-b424-db363231fd0c, version 1.0
Description : Unknown RPC service
Type : Local RPC service
Named pipe : OLE0D7EC00E68984D2CAE3E8AB8D62C

Object UUID : 00000000-0000-0000-0000-000000000000
UUID : 86d35949-83c9-4044-b424-db363231fd0c, version 1.0
Description : Unknown RPC service
Type : Local RPC service
Named pipe : senssvc

Object UUID : 00000000-0000-0000-0000-000000000000
UUID : a398e520-d59a-4bdd-aa7a-3c1e0303a511, version 1.0
Description : Unknown RPC service
Annotation : IKE/Authip API
Type : Local RPC service
Named pipe : IUserProfile2

Object UUID : 00000000-0000-0000-0000-000000000000
UUID : a398e520-d59a-4bdd-aa7a-3c1e0303a511, version 1.0
Description : Unknown RPC service
Annotation : IKE/Authip API
Type : Local RPC service
Named pipe : OLE0D7EC00E68984D2CAE3E8AB8D62C

Object UUID : 00000000-0000-0000-0000-000000000000
UUID : a398e520-d59a-4bdd-aa7a-3c1e0303a511, version 1.0
Description : Unknown RPC service
Annotation : IKE/Authip API
Type : Local RPC service
Named pipe : senssvc

Object UUID : 00000000-0000-0000-0000-000000000000
UUID : 552d076a-cb29-4e44-8b6a-d15e59e2c0af, version 1.0
Description : Unknown RPC service
Annotation : IP Transition Configuration endpoint
Type : Local RPC service
Named pipe : IUserProfile2

Object UUID : 00000000-0000-0000-0000-000000000000
UUID : 552d076a-cb29-4e44-8b6a-d15e59e2c0af, version 1.0
Description : Unknown RPC service
Annotation : IP Transition Configuration endpoint
Type : Local RPC service
Named pipe : OLE0D7EC00E68984D2CAE3E8AB8D62C

Object UUID : 00000000-0000-0000-0000-000000000000
UUID : 552d076a-cb29-4e44-8b6a-d15e59e2c0af, version 1.0
Description : Unknown RPC service
Annotation : IP Transition Configuration endpoint
Type : Local RPC service
Named pipe : senssvc

Object UUID : 00000000-0000-0000-0000-000000000000
UUID : 98716d03-89ac-44c7-bb8c-285824e51c4a, version 1.0
Description : Unknown RPC service
Annotation : XactSrv service
Type : Local RPC service
Named pipe : IUserProfile2

Object UUID : 00000000-0000-0000-0000-000000000000
UUID : 98716d03-89ac-44c7-bb8c-285824e51c4a, version 1.0
Description : Unknown RPC service
Annotation : XactSrv service
Type : Local RPC service
Named pipe : OLE0D7EC00E68984D2CAE3E8AB8D62C

Object UUID : 00000000-0000-0000-0000-000000000000
UUID : 98716d03-89ac-44c7-bb8c-285824e51c4a, version 1.0
Description : Unknown RPC service
Annotation : XactSrv service
Type : Local RPC service
Named pipe : senssvc

Object UUID : 73736573-6f69-656e-6e76-000000000000
UUID : c9ac6db5-82b7-4e55-ae8a-e464ed7b4277, version 1.0
Description : Unknown RPC service
Annotation : Impl friendly name
Type : Local RPC service
Named pipe : IUserProfile2

Object UUID : 73736573-6f69-656e-6e76-000000000000
UUID : c9ac6db5-82b7-4e55-ae8a-e464ed7b4277, version 1.0
Description : Unknown RPC service
Annotation : Impl friendly name
Type : Local RPC service
Named pipe : OLE0D7EC00E68984D2CAE3E8AB8D62C

Object UUID : 73736573-6f69-656e-6e76-000000000000
UUID : c9ac6db5-82b7-4e55-ae8a-e464ed7b4277, version 1.0
Description : Unknown RPC service
Annotation : Impl friendly name
Type : Local RPC service
Named pipe : senssvc

Object UUID : 00000000-0000-0000-0000-000000000000
UUID : 30b044a5-a225-43f0-b3a4-e060df91f9c1, version 1.0
Description : Unknown RPC service
Type : Local RPC service
Named pipe : IUserProfile2

Object UUID : 00000000-0000-0000-0000-000000000000
UUID : 30b044a5-a225-43f0-b3a4-e060df91f9c1, version 1.0
Description : Unknown RPC service
Type : Local RPC service
Named pipe : OLE0D7EC00E68984D2CAE3E8AB8D62C

Object UUID : 00000000-0000-0000-0000-000000000000
UUID : 30b044a5-a225-43f0-b3a4-e060df91f9c1, version 1.0
Description : Unknown RPC service
Type : Local RPC service
Named pipe : senssvc

Object UUID : 00000000-0000-0000-0000-000000000000
UUID : f6beaff7-1e19-4fbb-9f8f-b89e2018337c, version 1.0
Description : Unknown RPC service
Annotation : Event log TCPIP
Type : Local RPC service
Named pipe : eventlog

Object UUID : 00000000-0000-0000-0000-000000000000
UUID : 30adc50c-5cbc-46ce-9a0e-91914789e23c, version 1.0
Description : Unknown RPC service
Annotation : NRP server endpoint
Type : Local RPC service
Named pipe : eventlog

Object UUID : 00000000-0000-0000-0000-000000000000
UUID : 3c4728c5-f0ab-448b-bda1-6ce01eb0a6d6, version 1.0
Description : Unknown RPC service
Annotation : DHCPv6 Client LRPC Endpoint
Type : Local RPC service
Named pipe : eventlog

Object UUID : 00000000-0000-0000-0000-000000000000
UUID : 3c4728c5-f0ab-448b-bda1-6ce01eb0a6d6, version 1.0
Description : Unknown RPC service
Annotation : DHCPv6 Client LRPC Endpoint
Type : Local RPC service
Named pipe : dhcpcsvc6

Object UUID : 00000000-0000-0000-0000-000000000000
UUID : 3c4728c5-f0ab-448b-bda1-6ce01eb0a6d5, version 1.0
Description : DHCP Client Service
Windows process : svchost.exe
Annotation : DHCP Client LRPC Endpoint
Type : Local RPC service
Named pipe : eventlog

","[]",0,"","2001-08-26","2012-01-31"
"nessus_sample_1.nessus","qa3app01","10.31.112.21","Microsoft Windows Server 2008 R2 Standard Service Pack 1",445,"tcp","cifs",0,10785,"Microsoft Windows SMB NativeLanManager Remote System Information Disclosure","Windows","It is possible to obtain information about the remote operating system.","It is possible to get the remote operating system name and version (Windows and/or Samba) by sending an authentication request to port 139 or 445.","n/a","None","The remote Operating System is : Windows Server 2008 R2 Standard 7601 Service Pack 1
The remote native lan manager is : Windows Server 2008 R2 Standard 6.1
The remote SMB Domain Name is : RB
","[]",0,"","2001-10-17","2013-06-25"
"nessus_sample_1.nessus","qa3app02","10.31.112.22","Microsoft Windows Server 2008 R2 Standard Service Pack 1",445,"tcp","cifs",0,10785,"Microsoft Windows SMB NativeLanManager Remote System Information Disclosure","Windows","It is possible to obtain information about the remote operating system.","It is possible to get the remote operating system name and version (Windows and/or Samba) by sending an authentication request to port 139 or 445.","n/a","None","The remote Operating System is : Windows Server 2008 R2 Standard 7601 Service Pack 1
The remote native lan manager is : Windows Server 2008 R2 Standard 6.1
The remote SMB Domain Name is : RB
","[]",0,"","2001-10-17","2013-06-25"
"nessus_sample_1.nessus","qa3app03","10.31.112.23","Microsoft Windows Server 2008 R2 Standard Service Pack 1",445,"tcp","cifs",0,10785,"Microsoft Windows SMB NativeLanManager Remote System Information Disclosure","Windows","It is possible to obtain information about the remote operating system.","It is possible to get the remote operating system name and version (Windows and/or Samba) by sending an authentication request to port 139 or 445.","n/a","None","The remote Operating System is : Windows Server 2008 R2 Standard 7601 Service Pack 1
The remote native lan manager is : Windows Server 2008 R2 Standard 6.1
The remote SMB Domain Name is : RB
","[]",0,"","2001-10-17","2013-06-25"
"nessus_sample_1.nessus","qa3app04","10.31.112.24","Microsoft Windows Server 2008 R2 Standard Service Pack 1",445,"tcp","cifs",0,10785,"Microsoft Windows SMB NativeLanManager Remote System Information Disclosure","Windows","It is possible to obtain information about the remote operating system.","It is possible to get the remote operating system name and version (Windows and/or Samba) by sending an authentication request to port 139 or 445.","n/a","None","The remote Operating System is : Windows Server 2008 R2 Standard 7601 Service Pack 1
The remote native lan manager is : Windows Server 2008 R2 Standard 6.1
The remote SMB Domain Name is : RB
","[]",0,"","2001-10-17","2013-06-25"
"nessus_sample_1.nessus","qa3app05","10.31.112.25","Microsoft Windows Server 2008 R2 Standard Service Pack 1",445,"tcp","cifs",0,10785,"Microsoft Windows SMB NativeLanManager Remote System Information Disclosure","Windows","It is possible to obtain information about the remote operating system.","It is possible to get the remote operating system name and version (Windows and/or Samba) by sending an authentication request to port 139 or 445.","n/a","None","The remote Operating System is : Windows Server 2008 R2 Standard 7601 Service Pack 1
The remote native lan manager is : Windows Server 2008 R2 Standard 6.1
The remote SMB Domain Name is : RB
","[]",0,"","2001-10-17","2013-06-25"
"nessus_sample_1.nessus","qa3app06","10.31.112.26","Microsoft Windows Server 2008 R2 Standard Service Pack 1",445,"tcp","cifs",0,10785,"Microsoft Windows SMB NativeLanManager Remote System Information Disclosure","Windows","It is possible to obtain information about the remote operating system.","It is possible to get the remote operating system name and version (Windows and/or Samba) by sending an authentication request to port 139 or 445.","n/a","None","The remote Operating System is : Windows Server 2008 R2 Standard 7601 Service Pack 1
The remote native lan manager is : Windows Server 2008 R2 Standard 6.1
The remote SMB Domain Name is : RB
","[]",0,"","2001-10-17","2013-06-25"
"nessus_sample_1.nessus","qa3app09","10.31.112.29","Microsoft Windows Server 2008 R2 Standard Service Pack 1",445,"tcp","cifs",0,10785,"Microsoft Windows SMB NativeLanManager Remote System Information Disclosure","Windows","It is possible to obtain information about the remote operating system.","It is possible to get the remote operating system name and version (Windows and/or Samba) by sending an authentication request to port 139 or 445.","n/a","None","The remote Operating System is : Windows Server 2008 R2 Standard 7601 Service Pack 1
The remote native lan manager is : Windows Server 2008 R2 Standard 6.1
The remote SMB Domain Name is : RB
","[]",0,"","2001-10-17","2013-06-25"
"nessus_sample_1.nessus","qa3app01","10.31.112.21","Microsoft Windows Server 2008 R2 Standard Service Pack 1",0,"tcp","general",0,10919,"Open Port Re-check","General","Previously open ports are now closed.","One of several ports that were previously open are now closed or unresponsive. 

There are several possible reasons for this :

  - The scan may have caused a service to freeze or stop     running.

  - An administrator may have stopped a particular service     during the scanning process.

This might be an availability problem related to the following :

  - A network outage has been experienced during the scan,     and the remote network cannot be reached anymore by the     scanner.

  - This scanner may has been blacklisted by the system     administrator or by an automatic intrusion detection /     prevention system that detected the scan.

  - The remote host is now down, either because a user     turned it off during the scan or because a select denial     of service was effective.

In any case, the audit of the remote host might be incomplete and may need to be done again","- Increase checks_read_timeout and/or reduce max_checks

- Disable any IPS during the Nessus scan","None","Port 135 was detected as being open but is now unresponsive
Port 3389 was detected as being open but is now unresponsive
Port 80 was detected as being open but is now unresponsive
","[]",0,"","2002-03-19","2013-05-14"
"nessus_sample_1.nessus","qa3app02","10.31.112.22","Microsoft Windows Server 2008 R2 Standard Service Pack 1",0,"tcp","general",0,10919,"Open Port Re-check","General","Previously open ports are now closed.","One of several ports that were previously open are now closed or unresponsive. 

There are several possible reasons for this :

  - The scan may have caused a service to freeze or stop     running.

  - An administrator may have stopped a particular service     during the scanning process.

This might be an availability problem related to the following :

  - A network outage has been experienced during the scan,     and the remote network cannot be reached anymore by the     scanner.

  - This scanner may has been blacklisted by the system     administrator or by an automatic intrusion detection /     prevention system that detected the scan.

  - The remote host is now down, either because a user     turned it off during the scan or because a select denial     of service was effective.

In any case, the audit of the remote host might be incomplete and may need to be done again","- Increase checks_read_timeout and/or reduce max_checks

- Disable any IPS during the Nessus scan","None","Port 135 was detected as being open but is now unresponsive
Port 10002 was detected as being open but is now unresponsive
Port 3389 was detected as being open but is now unresponsive
Port 7001 was detected as being open but is now unresponsive
Port 80 was detected as being open but is now unresponsive
","[]",0,"","2002-03-19","2013-05-14"
"nessus_sample_1.nessus","qa3app03","10.31.112.23","Microsoft Windows Server 2008 R2 Standard Service Pack 1",0,"tcp","general",0,10919,"Open Port Re-check","General","Previously open ports are now closed.","One of several ports that were previously open are now closed or unresponsive. 

There are several possible reasons for this :

  - The scan may have caused a service to freeze or stop     running.

  - An administrator may have stopped a particular service     during the scanning process.

This might be an availability problem related to the following :

  - A network outage has been experienced during the scan,     and the remote network cannot be reached anymore by the     scanner.

  - This scanner may has been blacklisted by the system     administrator or by an automatic intrusion detection /     prevention system that detected the scan.

  - The remote host is now down, either because a user     turned it off during the scan or because a select denial     of service was effective.

In any case, the audit of the remote host might be incomplete and may need to be done again","- Increase checks_read_timeout and/or reduce max_checks

- Disable any IPS during the Nessus scan","None","Port 135 was detected as being open but is now unresponsive
Port 3389 was detected as being open but is now unresponsive
Port 80 was detected as being open but is now unresponsive
","[]",0,"","2002-03-19","2013-05-14"
"nessus_sample_1.nessus","qa3app04","10.31.112.24","Microsoft Windows Server 2008 R2 Standard Service Pack 1",0,"tcp","general",0,10919,"Open Port Re-check","General","Previously open ports are now closed.","One of several ports that were previously open are now closed or unresponsive. 

There are several possible reasons for this :

  - The scan may have caused a service to freeze or stop     running.

  - An administrator may have stopped a particular service     during the scanning process.

This might be an availability problem related to the following :

  - A network outage has been experienced during the scan,     and the remote network cannot be reached anymore by the     scanner.

  - This scanner may has been blacklisted by the system     administrator or by an automatic intrusion detection /     prevention system that detected the scan.

  - The remote host is now down, either because a user     turned it off during the scan or because a select denial     of service was effective.

In any case, the audit of the remote host might be incomplete and may need to be done again","- Increase checks_read_timeout and/or reduce max_checks

- Disable any IPS during the Nessus scan","None","Port 135 was detected as being open but is now unresponsive
Port 3389 was detected as being open but is now unresponsive
Port 80 was detected as being open but is now unresponsive
","[]",0,"","2002-03-19","2013-05-14"
"nessus_sample_1.nessus","qa3app05","10.31.112.25","Microsoft Windows Server 2008 R2 Standard Service Pack 1",0,"tcp","general",0,10919,"Open Port Re-check","General","Previously open ports are now closed.","One of several ports that were previously open are now closed or unresponsive. 

There are several possible reasons for this :

  - The scan may have caused a service to freeze or stop     running.

  - An administrator may have stopped a particular service     during the scanning process.

This might be an availability problem related to the following :

  - A network outage has been experienced during the scan,     and the remote network cannot be reached anymore by the     scanner.

  - This scanner may has been blacklisted by the system     administrator or by an automatic intrusion detection /     prevention system that detected the scan.

  - The remote host is now down, either because a user     turned it off during the scan or because a select denial     of service was effective.

In any case, the audit of the remote host might be incomplete and may need to be done again","- Increase checks_read_timeout and/or reduce max_checks

- Disable any IPS during the Nessus scan","None","Port 135 was detected as being open but is now unresponsive
Port 3389 was detected as being open but is now unresponsive
Port 80 was detected as being open but is now unresponsive
","[]",0,"","2002-03-19","2013-05-14"
"nessus_sample_1.nessus","qa3app06","10.31.112.26","Microsoft Windows Server 2008 R2 Standard Service Pack 1",0,"tcp","general",0,10919,"Open Port Re-check","General","Previously open ports are now closed.","One of several ports that were previously open are now closed or unresponsive. 

There are several possible reasons for this :

  - The scan may have caused a service to freeze or stop     running.

  - An administrator may have stopped a particular service     during the scanning process.

This might be an availability problem related to the following :

  - A network outage has been experienced during the scan,     and the remote network cannot be reached anymore by the     scanner.

  - This scanner may has been blacklisted by the system     administrator or by an automatic intrusion detection /     prevention system that detected the scan.

  - The remote host is now down, either because a user     turned it off during the scan or because a select denial     of service was effective.

In any case, the audit of the remote host might be incomplete and may need to be done again","- Increase checks_read_timeout and/or reduce max_checks

- Disable any IPS during the Nessus scan","None","Port 135 was detected as being open but is now unresponsive
Port 3389 was detected as being open but is now unresponsive
Port 80 was detected as being open but is now unresponsive
","[]",0,"","2002-03-19","2013-05-14"
"nessus_sample_1.nessus","qa3app09","10.31.112.29","Microsoft Windows Server 2008 R2 Standard Service Pack 1",0,"tcp","general",0,10919,"Open Port Re-check","General","Previously open ports are now closed.","One of several ports that were previously open are now closed or unresponsive. 

There are several possible reasons for this :

  - The scan may have caused a service to freeze or stop     running.

  - An administrator may have stopped a particular service     during the scanning process.

This might be an availability problem related to the following :

  - A network outage has been experienced during the scan,     and the remote network cannot be reached anymore by the     scanner.

  - This scanner may has been blacklisted by the system     administrator or by an automatic intrusion detection /     prevention system that detected the scan.

  - The remote host is now down, either because a user     turned it off during the scan or because a select denial     of service was effective.

In any case, the audit of the remote host might be incomplete and may need to be done again","- Increase checks_read_timeout and/or reduce max_checks

- Disable any IPS during the Nessus scan","None","Port 135 was detected as being open but is now unresponsive
Port 3389 was detected as being open but is now unresponsive
Port 80 was detected as being open but is now unresponsive
","[]",0,"","2002-03-19","2013-05-14"
"nessus_sample_1.nessus","qa3app01","10.31.112.21","Microsoft Windows Server 2008 R2 Standard Service Pack 1",3389,"tcp","msrdp",0,10940,"Windows Terminal Services Enabled","Windows","The remote Windows host has Terminal Services enabled.","Terminal Services allows a Windows user to remotely obtain a graphical login (and therefore act as a local user on the remote host). 

If an attacker gains a valid login and password, he may be able to use this service to gain further access on the remote host.  An attacker may also use this service to mount a dictionary attack against the remote host to try to log in remotely. 

Note that RDP (the Remote Desktop Protocol) is vulnerable to Man-in-the-middle attacks, making it easy for attackers to steal the credentials of legitimate users by impersonating the Windows server.","Disable Terminal Services if you do not use it, and do not allow this service to run across the Internet.","None","","[]",0,"","2002-04-20","2012-03-30"
"nessus_sample_1.nessus","qa3app02","10.31.112.22","Microsoft Windows Server 2008 R2 Standard Service Pack 1",3389,"tcp","msrdp",0,10940,"Windows Terminal Services Enabled","Windows","The remote Windows host has Terminal Services enabled.","Terminal Services allows a Windows user to remotely obtain a graphical login (and therefore act as a local user on the remote host). 

If an attacker gains a valid login and password, he may be able to use this service to gain further access on the remote host.  An attacker may also use this service to mount a dictionary attack against the remote host to try to log in remotely. 

Note that RDP (the Remote Desktop Protocol) is vulnerable to Man-in-the-middle attacks, making it easy for attackers to steal the credentials of legitimate users by impersonating the Windows server.","Disable Terminal Services if you do not use it, and do not allow this service to run across the Internet.","None","","[]",0,"","2002-04-20","2012-03-30"
"nessus_sample_1.nessus","qa3app03","10.31.112.23","Microsoft Windows Server 2008 R2 Standard Service Pack 1",3389,"tcp","msrdp",0,10940,"Windows Terminal Services Enabled","Windows","The remote Windows host has Terminal Services enabled.","Terminal Services allows a Windows user to remotely obtain a graphical login (and therefore act as a local user on the remote host). 

If an attacker gains a valid login and password, he may be able to use this service to gain further access on the remote host.  An attacker may also use this service to mount a dictionary attack against the remote host to try to log in remotely. 

Note that RDP (the Remote Desktop Protocol) is vulnerable to Man-in-the-middle attacks, making it easy for attackers to steal the credentials of legitimate users by impersonating the Windows server.","Disable Terminal Services if you do not use it, and do not allow this service to run across the Internet.","None","","[]",0,"","2002-04-20","2012-03-30"
"nessus_sample_1.nessus","qa3app04","10.31.112.24","Microsoft Windows Server 2008 R2 Standard Service Pack 1",3389,"tcp","msrdp",0,10940,"Windows Terminal Services Enabled","Windows","The remote Windows host has Terminal Services enabled.","Terminal Services allows a Windows user to remotely obtain a graphical login (and therefore act as a local user on the remote host). 

If an attacker gains a valid login and password, he may be able to use this service to gain further access on the remote host.  An attacker may also use this service to mount a dictionary attack against the remote host to try to log in remotely. 

Note that RDP (the Remote Desktop Protocol) is vulnerable to Man-in-the-middle attacks, making it easy for attackers to steal the credentials of legitimate users by impersonating the Windows server.","Disable Terminal Services if you do not use it, and do not allow this service to run across the Internet.","None","","[]",0,"","2002-04-20","2012-03-30"
"nessus_sample_1.nessus","qa3app05","10.31.112.25","Microsoft Windows Server 2008 R2 Standard Service Pack 1",3389,"tcp","msrdp",0,10940,"Windows Terminal Services Enabled","Windows","The remote Windows host has Terminal Services enabled.","Terminal Services allows a Windows user to remotely obtain a graphical login (and therefore act as a local user on the remote host). 

If an attacker gains a valid login and password, he may be able to use this service to gain further access on the remote host.  An attacker may also use this service to mount a dictionary attack against the remote host to try to log in remotely. 

Note that RDP (the Remote Desktop Protocol) is vulnerable to Man-in-the-middle attacks, making it easy for attackers to steal the credentials of legitimate users by impersonating the Windows server.","Disable Terminal Services if you do not use it, and do not allow this service to run across the Internet.","None","","[]",0,"","2002-04-20","2012-03-30"
"nessus_sample_1.nessus","qa3app06","10.31.112.26","Microsoft Windows Server 2008 R2 Standard Service Pack 1",3389,"tcp","msrdp",0,10940,"Windows Terminal Services Enabled","Windows","The remote Windows host has Terminal Services enabled.","Terminal Services allows a Windows user to remotely obtain a graphical login (and therefore act as a local user on the remote host). 

If an attacker gains a valid login and password, he may be able to use this service to gain further access on the remote host.  An attacker may also use this service to mount a dictionary attack against the remote host to try to log in remotely. 

Note that RDP (the Remote Desktop Protocol) is vulnerable to Man-in-the-middle attacks, making it easy for attackers to steal the credentials of legitimate users by impersonating the Windows server.","Disable Terminal Services if you do not use it, and do not allow this service to run across the Internet.","None","","[]",0,"","2002-04-20","2012-03-30"
"nessus_sample_1.nessus","qa3app09","10.31.112.29","Microsoft Windows Server 2008 R2 Standard Service Pack 1",3389,"tcp","msrdp",0,10940,"Windows Terminal Services Enabled","Windows","The remote Windows host has Terminal Services enabled.","Terminal Services allows a Windows user to remotely obtain a graphical login (and therefore act as a local user on the remote host). 

If an attacker gains a valid login and password, he may be able to use this service to gain further access on the remote host.  An attacker may also use this service to mount a dictionary attack against the remote host to try to log in remotely. 

Note that RDP (the Remote Desktop Protocol) is vulnerable to Man-in-the-middle attacks, making it easy for attackers to steal the credentials of legitimate users by impersonating the Windows server.","Disable Terminal Services if you do not use it, and do not allow this service to run across the Internet.","None","","[]",0,"","2002-04-20","2012-03-30"
"nessus_sample_1.nessus","qa3app01","10.31.112.21","Microsoft Windows Server 2008 R2 Standard Service Pack 1",139,"tcp","smb",0,11011,"Microsoft Windows SMB Service Detection","Windows","A file / print sharing service is listening on the remote host.","The remote service understands the CIFS (Common Internet File System) or Server Message Block (SMB) protocol, used to provide shared access to files, printers, etc between nodes on a network.","n/a","None","
An SMB server is running on this port.
","[]",0,"","2002-06-05","2012-01-31"
"nessus_sample_1.nessus","qa3app01","10.31.112.21","Microsoft Windows Server 2008 R2 Standard Service Pack 1",445,"tcp","cifs",0,11011,"Microsoft Windows SMB Service Detection","Windows","A file / print sharing service is listening on the remote host.","The remote service understands the CIFS (Common Internet File System) or Server Message Block (SMB) protocol, used to provide shared access to files, printers, etc between nodes on a network.","n/a","None","
A CIFS server is running on this port.
","[]",0,"","2002-06-05","2012-01-31"
"nessus_sample_1.nessus","qa3app02","10.31.112.22","Microsoft Windows Server 2008 R2 Standard Service Pack 1",139,"tcp","smb",0,11011,"Microsoft Windows SMB Service Detection","Windows","A file / print sharing service is listening on the remote host.","The remote service understands the CIFS (Common Internet File System) or Server Message Block (SMB) protocol, used to provide shared access to files, printers, etc between nodes on a network.","n/a","None","
An SMB server is running on this port.
","[]",0,"","2002-06-05","2012-01-31"
"nessus_sample_1.nessus","qa3app02","10.31.112.22","Microsoft Windows Server 2008 R2 Standard Service Pack 1",445,"tcp","cifs",0,11011,"Microsoft Windows SMB Service Detection","Windows","A file / print sharing service is listening on the remote host.","The remote service understands the CIFS (Common Internet File System) or Server Message Block (SMB) protocol, used to provide shared access to files, printers, etc between nodes on a network.","n/a","None","
A CIFS server is running on this port.
","[]",0,"","2002-06-05","2012-01-31"
"nessus_sample_1.nessus","qa3app03","10.31.112.23","Microsoft Windows Server 2008 R2 Standard Service Pack 1",139,"tcp","smb",0,11011,"Microsoft Windows SMB Service Detection","Windows","A file / print sharing service is listening on the remote host.","The remote service understands the CIFS (Common Internet File System) or Server Message Block (SMB) protocol, used to provide shared access to files, printers, etc between nodes on a network.","n/a","None","
An SMB server is running on this port.
","[]",0,"","2002-06-05","2012-01-31"
"nessus_sample_1.nessus","qa3app03","10.31.112.23","Microsoft Windows Server 2008 R2 Standard Service Pack 1",445,"tcp","cifs",0,11011,"Microsoft Windows SMB Service Detection","Windows","A file / print sharing service is listening on the remote host.","The remote service understands the CIFS (Common Internet File System) or Server Message Block (SMB) protocol, used to provide shared access to files, printers, etc between nodes on a network.","n/a","None","
A CIFS server is running on this port.
","[]",0,"","2002-06-05","2012-01-31"
"nessus_sample_1.nessus","qa3app04","10.31.112.24","Microsoft Windows Server 2008 R2 Standard Service Pack 1",139,"tcp","smb",0,11011,"Microsoft Windows SMB Service Detection","Windows","A file / print sharing service is listening on the remote host.","The remote service understands the CIFS (Common Internet File System) or Server Message Block (SMB) protocol, used to provide shared access to files, printers, etc between nodes on a network.","n/a","None","
An SMB server is running on this port.
","[]",0,"","2002-06-05","2012-01-31"
"nessus_sample_1.nessus","qa3app04","10.31.112.24","Microsoft Windows Server 2008 R2 Standard Service Pack 1",445,"tcp","cifs",0,11011,"Microsoft Windows SMB Service Detection","Windows","A file / print sharing service is listening on the remote host.","The remote service understands the CIFS (Common Internet File System) or Server Message Block (SMB) protocol, used to provide shared access to files, printers, etc between nodes on a network.","n/a","None","
A CIFS server is running on this port.
","[]",0,"","2002-06-05","2012-01-31"
"nessus_sample_1.nessus","qa3app05","10.31.112.25","Microsoft Windows Server 2008 R2 Standard Service Pack 1",139,"tcp","smb",0,11011,"Microsoft Windows SMB Service Detection","Windows","A file / print sharing service is listening on the remote host.","The remote service understands the CIFS (Common Internet File System) or Server Message Block (SMB) protocol, used to provide shared access to files, printers, etc between nodes on a network.","n/a","None","
An SMB server is running on this port.
","[]",0,"","2002-06-05","2012-01-31"
"nessus_sample_1.nessus","qa3app05","10.31.112.25","Microsoft Windows Server 2008 R2 Standard Service Pack 1",445,"tcp","cifs",0,11011,"Microsoft Windows SMB Service Detection","Windows","A file / print sharing service is listening on the remote host.","The remote service understands the CIFS (Common Internet File System) or Server Message Block (SMB) protocol, used to provide shared access to files, printers, etc between nodes on a network.","n/a","None","
A CIFS server is running on this port.
","[]",0,"","2002-06-05","2012-01-31"
"nessus_sample_1.nessus","qa3app06","10.31.112.26","Microsoft Windows Server 2008 R2 Standard Service Pack 1",139,"tcp","smb",0,11011,"Microsoft Windows SMB Service Detection","Windows","A file / print sharing service is listening on the remote host.","The remote service understands the CIFS (Common Internet File System) or Server Message Block (SMB) protocol, used to provide shared access to files, printers, etc between nodes on a network.","n/a","None","
An SMB server is running on this port.
","[]",0,"","2002-06-05","2012-01-31"
"nessus_sample_1.nessus","qa3app06","10.31.112.26","Microsoft Windows Server 2008 R2 Standard Service Pack 1",445,"tcp","cifs",0,11011,"Microsoft Windows SMB Service Detection","Windows","A file / print sharing service is listening on the remote host.","The remote service understands the CIFS (Common Internet File System) or Server Message Block (SMB) protocol, used to provide shared access to files, printers, etc between nodes on a network.","n/a","None","
A CIFS server is running on this port.
","[]",0,"","2002-06-05","2012-01-31"
"nessus_sample_1.nessus","qa3app09","10.31.112.29","Microsoft Windows Server 2008 R2 Standard Service Pack 1",139,"tcp","smb",0,11011,"Microsoft Windows SMB Service Detection","Windows","A file / print sharing service is listening on the remote host.","The remote service understands the CIFS (Common Internet File System) or Server Message Block (SMB) protocol, used to provide shared access to files, printers, etc between nodes on a network.","n/a","None","
An SMB server is running on this port.
","[]",0,"","2002-06-05","2012-01-31"
"nessus_sample_1.nessus","qa3app09","10.31.112.29","Microsoft Windows Server 2008 R2 Standard Service Pack 1",445,"tcp","cifs",0,11011,"Microsoft Windows SMB Service Detection","Windows","A file / print sharing service is listening on the remote host.","The remote service understands the CIFS (Common Internet File System) or Server Message Block (SMB) protocol, used to provide shared access to files, printers, etc between nodes on a network.","n/a","None","
A CIFS server is running on this port.
","[]",0,"","2002-06-05","2012-01-31"
"nessus_sample_1.nessus","qa3app01","10.31.112.21","Microsoft Windows Server 2008 R2 Standard Service Pack 1",445,"tcp","cifs",0,11219,"Nessus SYN scanner","Port scanners","It is possible to determine which TCP ports are open.","This plugin is a SYN 'half-open' port scanner.
It shall be reasonably quick even against a firewalled target.

Note that SYN scanners are less intrusive than TCP (full connect) scanners against broken services, but they might kill lame misconfigured firewalls. They might also leave unclosed connections on the remote target, if the network is loaded.","Protect your target with an IP filter.","None","Port 445/tcp was found to be open","[]",0,"","1970-01-01","2011-04-05"
"nessus_sample_1.nessus","qa3app01","10.31.112.21","Microsoft Windows Server 2008 R2 Standard Service Pack 1",3389,"tcp","msrdp",0,11219,"Nessus SYN scanner","Port scanners","It is possible to determine which TCP ports are open.","This plugin is a SYN 'half-open' port scanner.
It shall be reasonably quick even against a firewalled target.

Note that SYN scanners are less intrusive than TCP (full connect) scanners against broken services, but they might kill lame misconfigured firewalls. They might also leave unclosed connections on the remote target, if the network is loaded.","Protect your target with an IP filter.","None","Port 3389/tcp was found to be open","[]",0,"","1970-01-01","2011-04-05"
"nessus_sample_1.nessus","qa3app01","10.31.112.21","Microsoft Windows Server 2008 R2 Standard Service Pack 1",80,"tcp","www",0,11219,"Nessus SYN scanner","Port scanners","It is possible to determine which TCP ports are open.","This plugin is a SYN 'half-open' port scanner.
It shall be reasonably quick even against a firewalled target.

Note that SYN scanners are less intrusive than TCP (full connect) scanners against broken services, but they might kill lame misconfigured firewalls. They might also leave unclosed connections on the remote target, if the network is loaded.","Protect your target with an IP filter.","None","Port 80/tcp was found to be open","[]",0,"","1970-01-01","2011-04-05"
"nessus_sample_1.nessus","qa3app01","10.31.112.21","Microsoft Windows Server 2008 R2 Standard Service Pack 1",135,"tcp","epmap",0,11219,"Nessus SYN scanner","Port scanners","It is possible to determine which TCP ports are open.","This plugin is a SYN 'half-open' port scanner.
It shall be reasonably quick even against a firewalled target.

Note that SYN scanners are less intrusive than TCP (full connect) scanners against broken services, but they might kill lame misconfigured firewalls. They might also leave unclosed connections on the remote target, if the network is loaded.","Protect your target with an IP filter.","None","Port 135/tcp was found to be open","[]",0,"","1970-01-01","2011-04-05"
"nessus_sample_1.nessus","qa3app01","10.31.112.21","Microsoft Windows Server 2008 R2 Standard Service Pack 1",139,"tcp","smb",0,11219,"Nessus SYN scanner","Port scanners","It is possible to determine which TCP ports are open.","This plugin is a SYN 'half-open' port scanner.
It shall be reasonably quick even against a firewalled target.

Note that SYN scanners are less intrusive than TCP (full connect) scanners against broken services, but they might kill lame misconfigured firewalls. They might also leave unclosed connections on the remote target, if the network is loaded.","Protect your target with an IP filter.","None","Port 139/tcp was found to be open","[]",0,"","1970-01-01","2011-04-05"
"nessus_sample_1.nessus","qa3app02","10.31.112.22","Microsoft Windows Server 2008 R2 Standard Service Pack 1",7001,"tcp","remoting_tcp",0,11219,"Nessus SYN scanner","Port scanners","It is possible to determine which TCP ports are open.","This plugin is a SYN 'half-open' port scanner.
It shall be reasonably quick even against a firewalled target.

Note that SYN scanners are less intrusive than TCP (full connect) scanners against broken services, but they might kill lame misconfigured firewalls. They might also leave unclosed connections on the remote target, if the network is loaded.","Protect your target with an IP filter.","None","Port 7001/tcp was found to be open","[]",0,"","1970-01-01","2011-04-05"
"nessus_sample_1.nessus","qa3app02","10.31.112.22","Microsoft Windows Server 2008 R2 Standard Service Pack 1",10002,"tcp","www",0,11219,"Nessus SYN scanner","Port scanners","It is possible to determine which TCP ports are open.","This plugin is a SYN 'half-open' port scanner.
It shall be reasonably quick even against a firewalled target.

Note that SYN scanners are less intrusive than TCP (full connect) scanners against broken services, but they might kill lame misconfigured firewalls. They might also leave unclosed connections on the remote target, if the network is loaded.","Protect your target with an IP filter.","None","Port 10002/tcp was found to be open","[]",0,"","1970-01-01","2011-04-05"
"nessus_sample_1.nessus","qa3app02","10.31.112.22","Microsoft Windows Server 2008 R2 Standard Service Pack 1",3389,"tcp","msrdp",0,11219,"Nessus SYN scanner","Port scanners","It is possible to determine which TCP ports are open.","This plugin is a SYN 'half-open' port scanner.
It shall be reasonably quick even against a firewalled target.

Note that SYN scanners are less intrusive than TCP (full connect) scanners against broken services, but they might kill lame misconfigured firewalls. They might also leave unclosed connections on the remote target, if the network is loaded.","Protect your target with an IP filter.","None","Port 3389/tcp was found to be open","[]",0,"","1970-01-01","2011-04-05"
"nessus_sample_1.nessus","qa3app02","10.31.112.22","Microsoft Windows Server 2008 R2 Standard Service Pack 1",445,"tcp","cifs",0,11219,"Nessus SYN scanner","Port scanners","It is possible to determine which TCP ports are open.","This plugin is a SYN 'half-open' port scanner.
It shall be reasonably quick even against a firewalled target.

Note that SYN scanners are less intrusive than TCP (full connect) scanners against broken services, but they might kill lame misconfigured firewalls. They might also leave unclosed connections on the remote target, if the network is loaded.","Protect your target with an IP filter.","None","Port 445/tcp was found to be open","[]",0,"","1970-01-01","2011-04-05"
"nessus_sample_1.nessus","qa3app02","10.31.112.22","Microsoft Windows Server 2008 R2 Standard Service Pack 1",80,"tcp","www",0,11219,"Nessus SYN scanner","Port scanners","It is possible to determine which TCP ports are open.","This plugin is a SYN 'half-open' port scanner.
It shall be reasonably quick even against a firewalled target.

Note that SYN scanners are less intrusive than TCP (full connect) scanners against broken services, but they might kill lame misconfigured firewalls. They might also leave unclosed connections on the remote target, if the network is loaded.","Protect your target with an IP filter.","None","Port 80/tcp was found to be open","[]",0,"","1970-01-01","2011-04-05"
"nessus_sample_1.nessus","qa3app02","10.31.112.22","Microsoft Windows Server 2008 R2 Standard Service Pack 1",135,"tcp","epmap",0,11219,"Nessus SYN scanner","Port scanners","It is possible to determine which TCP ports are open.","This plugin is a SYN 'half-open' port scanner.
It shall be reasonably quick even against a firewalled target.

Note that SYN scanners are less intrusive than TCP (full connect) scanners against broken services, but they might kill lame misconfigured firewalls. They might also leave unclosed connections on the remote target, if the network is loaded.","Protect your target with an IP filter.","None","Port 135/tcp was found to be open","[]",0,"","1970-01-01","2011-04-05"
"nessus_sample_1.nessus","qa3app02","10.31.112.22","Microsoft Windows Server 2008 R2 Standard Service Pack 1",139,"tcp","smb",0,11219,"Nessus SYN scanner","Port scanners","It is possible to determine which TCP ports are open.","This plugin is a SYN 'half-open' port scanner.
It shall be reasonably quick even against a firewalled target.

Note that SYN scanners are less intrusive than TCP (full connect) scanners against broken services, but they might kill lame misconfigured firewalls. They might also leave unclosed connections on the remote target, if the network is loaded.","Protect your target with an IP filter.","None","Port 139/tcp was found to be open","[]",0,"","1970-01-01","2011-04-05"
"nessus_sample_1.nessus","qa3app03","10.31.112.23","Microsoft Windows Server 2008 R2 Standard Service Pack 1",3389,"tcp","msrdp",0,11219,"Nessus SYN scanner","Port scanners","It is possible to determine which TCP ports are open.","This plugin is a SYN 'half-open' port scanner.
It shall be reasonably quick even against a firewalled target.

Note that SYN scanners are less intrusive than TCP (full connect) scanners against broken services, but they might kill lame misconfigured firewalls. They might also leave unclosed connections on the remote target, if the network is loaded.","Protect your target with an IP filter.","None","Port 3389/tcp was found to be open","[]",0,"","1970-01-01","2011-04-05"
"nessus_sample_1.nessus","qa3app03","10.31.112.23","Microsoft Windows Server 2008 R2 Standard Service Pack 1",445,"tcp","cifs",0,11219,"Nessus SYN scanner","Port scanners","It is possible to determine which TCP ports are open.","This plugin is a SYN 'half-open' port scanner.
It shall be reasonably quick even against a firewalled target.

Note that SYN scanners are less intrusive than TCP (full connect) scanners against broken services, but they might kill lame misconfigured firewalls. They might also leave unclosed connections on the remote target, if the network is loaded.","Protect your target with an IP filter.","None","Port 445/tcp was found to be open","[]",0,"","1970-01-01","2011-04-05"
"nessus_sample_1.nessus","qa3app03","10.31.112.23","Microsoft Windows Server 2008 R2 Standard Service Pack 1",80,"tcp","www",0,11219,"Nessus SYN scanner","Port scanners","It is possible to determine which TCP ports are open.","This plugin is a SYN 'half-open' port scanner.
It shall be reasonably quick even against a firewalled target.

Note that SYN scanners are less intrusive than TCP (full connect) scanners against broken services, but they might kill lame misconfigured firewalls. They might also leave unclosed connections on the remote target, if the network is loaded.","Protect your target with an IP filter.","None","Port 80/tcp was found to be open","[]",0,"","1970-01-01","2011-04-05"
"nessus_sample_1.nessus","qa3app03","10.31.112.23","Microsoft Windows Server 2008 R2 Standard Service Pack 1",135,"tcp","epmap",0,11219,"Nessus SYN scanner","Port scanners","It is possible to determine which TCP ports are open.","This plugin is a SYN 'half-open' port scanner.
It shall be reasonably quick even against a firewalled target.

Note that SYN scanners are less intrusive than TCP (full connect) scanners against broken services, but they might kill lame misconfigured firewalls. They might also leave unclosed connections on the remote target, if the network is loaded.","Protect your target with an IP filter.","None","Port 135/tcp was found to be open","[]",0,"","1970-01-01","2011-04-05"
"nessus_sample_1.nessus","qa3app03","10.31.112.23","Microsoft Windows Server 2008 R2 Standard Service Pack 1",139,"tcp","smb",0,11219,"Nessus SYN scanner","Port scanners","It is possible to determine which TCP ports are open.","This plugin is a SYN 'half-open' port scanner.
It shall be reasonably quick even against a firewalled target.

Note that SYN scanners are less intrusive than TCP (full connect) scanners against broken services, but they might kill lame misconfigured firewalls. They might also leave unclosed connections on the remote target, if the network is loaded.","Protect your target with an IP filter.","None","Port 139/tcp was found to be open","[]",0,"","1970-01-01","2011-04-05"
"nessus_sample_1.nessus","qa3app04","10.31.112.24","Microsoft Windows Server 2008 R2 Standard Service Pack 1",3389,"tcp","msrdp",0,11219,"Nessus SYN scanner","Port scanners","It is possible to determine which TCP ports are open.","This plugin is a SYN 'half-open' port scanner.
It shall be reasonably quick even against a firewalled target.

Note that SYN scanners are less intrusive than TCP (full connect) scanners against broken services, but they might kill lame misconfigured firewalls. They might also leave unclosed connections on the remote target, if the network is loaded.","Protect your target with an IP filter.","None","Port 3389/tcp was found to be open","[]",0,"","1970-01-01","2011-04-05"
"nessus_sample_1.nessus","qa3app04","10.31.112.24","Microsoft Windows Server 2008 R2 Standard Service Pack 1",445,"tcp","cifs",0,11219,"Nessus SYN scanner","Port scanners","It is possible to determine which TCP ports are open.","This plugin is a SYN 'half-open' port scanner.
It shall be reasonably quick even against a firewalled target.

Note that SYN scanners are less intrusive than TCP (full connect) scanners against broken services, but they might kill lame misconfigured firewalls. They might also leave unclosed connections on the remote target, if the network is loaded.","Protect your target with an IP filter.","None","Port 445/tcp was found to be open","[]",0,"","1970-01-01","2011-04-05"
"nessus_sample_1.nessus","qa3app04","10.31.112.24","Microsoft Windows Server 2008 R2 Standard Service Pack 1",80,"tcp","www",0,11219,"Nessus SYN scanner","Port scanners","It is possible to determine which TCP ports are open.","This plugin is a SYN 'half-open' port scanner.
It shall be reasonably quick even against a firewalled target.

Note that SYN scanners are less intrusive than TCP (full connect) scanners against broken services, but they might kill lame misconfigured firewalls. They might also leave unclosed connections on the remote target, if the network is loaded.","Protect your target with an IP filter.","None","Port 80/tcp was found to be open","[]",0,"","1970-01-01","2011-04-05"
"nessus_sample_1.nessus","qa3app04","10.31.112.24","Microsoft Windows Server 2008 R2 Standard Service Pack 1",135,"tcp","epmap",0,11219,"Nessus SYN scanner","Port scanners","It is possible to determine which TCP ports are open.","This plugin is a SYN 'half-open' port scanner.
It shall be reasonably quick even against a firewalled target.

Note that SYN scanners are less intrusive than TCP (full connect) scanners against broken services, but they might kill lame misconfigured firewalls. They might also leave unclosed connections on the remote target, if the network is loaded.","Protect your target with an IP filter.","None","Port 135/tcp was found to be open","[]",0,"","1970-01-01","2011-04-05"
"nessus_sample_1.nessus","qa3app04","10.31.112.24","Microsoft Windows Server 2008 R2 Standard Service Pack 1",139,"tcp","smb",0,11219,"Nessus SYN scanner","Port scanners","It is possible to determine which TCP ports are open.","This plugin is a SYN 'half-open' port scanner.
It shall be reasonably quick even against a firewalled target.

Note that SYN scanners are less intrusive than TCP (full connect) scanners against broken services, but they might kill lame misconfigured firewalls. They might also leave unclosed connections on the remote target, if the network is loaded.","Protect your target with an IP filter.","None","Port 139/tcp was found to be open","[]",0,"","1970-01-01","2011-04-05"
"nessus_sample_1.nessus","qa3app05","10.31.112.25","Microsoft Windows Server 2008 R2 Standard Service Pack 1",3389,"tcp","msrdp",0,11219,"Nessus SYN scanner","Port scanners","It is possible to determine which TCP ports are open.","This plugin is a SYN 'half-open' port scanner.
It shall be reasonably quick even against a firewalled target.

Note that SYN scanners are less intrusive than TCP (full connect) scanners against broken services, but they might kill lame misconfigured firewalls. They might also leave unclosed connections on the remote target, if the network is loaded.","Protect your target with an IP filter.","None","Port 3389/tcp was found to be open","[]",0,"","1970-01-01","2011-04-05"
"nessus_sample_1.nessus","qa3app05","10.31.112.25","Microsoft Windows Server 2008 R2 Standard Service Pack 1",445,"tcp","cifs",0,11219,"Nessus SYN scanner","Port scanners","It is possible to determine which TCP ports are open.","This plugin is a SYN 'half-open' port scanner.
It shall be reasonably quick even against a firewalled target.

Note that SYN scanners are less intrusive than TCP (full connect) scanners against broken services, but they might kill lame misconfigured firewalls. They might also leave unclosed connections on the remote target, if the network is loaded.","Protect your target with an IP filter.","None","Port 445/tcp was found to be open","[]",0,"","1970-01-01","2011-04-05"
"nessus_sample_1.nessus","qa3app05","10.31.112.25","Microsoft Windows Server 2008 R2 Standard Service Pack 1",80,"tcp","www",0,11219,"Nessus SYN scanner","Port scanners","It is possible to determine which TCP ports are open.","This plugin is a SYN 'half-open' port scanner.
It shall be reasonably quick even against a firewalled target.

Note that SYN scanners are less intrusive than TCP (full connect) scanners against broken services, but they might kill lame misconfigured firewalls. They might also leave unclosed connections on the remote target, if the network is loaded.","Protect your target with an IP filter.","None","Port 80/tcp was found to be open","[]",0,"","1970-01-01","2011-04-05"
"nessus_sample_1.nessus","qa3app05","10.31.112.25","Microsoft Windows Server 2008 R2 Standard Service Pack 1",135,"tcp","epmap",0,11219,"Nessus SYN scanner","Port scanners","It is possible to determine which TCP ports are open.","This plugin is a SYN 'half-open' port scanner.
It shall be reasonably quick even against a firewalled target.

Note that SYN scanners are less intrusive than TCP (full connect) scanners against broken services, but they might kill lame misconfigured firewalls. They might also leave unclosed connections on the remote target, if the network is loaded.","Protect your target with an IP filter.","None","Port 135/tcp was found to be open","[]",0,"","1970-01-01","2011-04-05"
"nessus_sample_1.nessus","qa3app05","10.31.112.25","Microsoft Windows Server 2008 R2 Standard Service Pack 1",139,"tcp","smb",0,11219,"Nessus SYN scanner","Port scanners","It is possible to determine which TCP ports are open.","This plugin is a SYN 'half-open' port scanner.
It shall be reasonably quick even against a firewalled target.

Note that SYN scanners are less intrusive than TCP (full connect) scanners against broken services, but they might kill lame misconfigured firewalls. They might also leave unclosed connections on the remote target, if the network is loaded.","Protect your target with an IP filter.","None","Port 139/tcp was found to be open","[]",0,"","1970-01-01","2011-04-05"
"nessus_sample_1.nessus","qa3app06","10.31.112.26","Microsoft Windows Server 2008 R2 Standard Service Pack 1",3389,"tcp","msrdp",0,11219,"Nessus SYN scanner","Port scanners","It is possible to determine which TCP ports are open.","This plugin is a SYN 'half-open' port scanner.
It shall be reasonably quick even against a firewalled target.

Note that SYN scanners are less intrusive than TCP (full connect) scanners against broken services, but they might kill lame misconfigured firewalls. They might also leave unclosed connections on the remote target, if the network is loaded.","Protect your target with an IP filter.","None","Port 3389/tcp was found to be open","[]",0,"","1970-01-01","2011-04-05"
"nessus_sample_1.nessus","qa3app06","10.31.112.26","Microsoft Windows Server 2008 R2 Standard Service Pack 1",445,"tcp","cifs",0,11219,"Nessus SYN scanner","Port scanners","It is possible to determine which TCP ports are open.","This plugin is a SYN 'half-open' port scanner.
It shall be reasonably quick even against a firewalled target.

Note that SYN scanners are less intrusive than TCP (full connect) scanners against broken services, but they might kill lame misconfigured firewalls. They might also leave unclosed connections on the remote target, if the network is loaded.","Protect your target with an IP filter.","None","Port 445/tcp was found to be open","[]",0,"","1970-01-01","2011-04-05"
"nessus_sample_1.nessus","qa3app06","10.31.112.26","Microsoft Windows Server 2008 R2 Standard Service Pack 1",80,"tcp","www",0,11219,"Nessus SYN scanner","Port scanners","It is possible to determine which TCP ports are open.","This plugin is a SYN 'half-open' port scanner.
It shall be reasonably quick even against a firewalled target.

Note that SYN scanners are less intrusive than TCP (full connect) scanners against broken services, but they might kill lame misconfigured firewalls. They might also leave unclosed connections on the remote target, if the network is loaded.","Protect your target with an IP filter.","None","Port 80/tcp was found to be open","[]",0,"","1970-01-01","2011-04-05"
"nessus_sample_1.nessus","qa3app06","10.31.112.26","Microsoft Windows Server 2008 R2 Standard Service Pack 1",135,"tcp","epmap",0,11219,"Nessus SYN scanner","Port scanners","It is possible to determine which TCP ports are open.","This plugin is a SYN 'half-open' port scanner.
It shall be reasonably quick even against a firewalled target.

Note that SYN scanners are less intrusive than TCP (full connect) scanners against broken services, but they might kill lame misconfigured firewalls. They might also leave unclosed connections on the remote target, if the network is loaded.","Protect your target with an IP filter.","None","Port 135/tcp was found to be open","[]",0,"","1970-01-01","2011-04-05"
"nessus_sample_1.nessus","qa3app06","10.31.112.26","Microsoft Windows Server 2008 R2 Standard Service Pack 1",139,"tcp","smb",0,11219,"Nessus SYN scanner","Port scanners","It is possible to determine which TCP ports are open.","This plugin is a SYN 'half-open' port scanner.
It shall be reasonably quick even against a firewalled target.

Note that SYN scanners are less intrusive than TCP (full connect) scanners against broken services, but they might kill lame misconfigured firewalls. They might also leave unclosed connections on the remote target, if the network is loaded.","Protect your target with an IP filter.","None","Port 139/tcp was found to be open","[]",0,"","1970-01-01","2011-04-05"
"nessus_sample_1.nessus","qa3app09","10.31.112.29","Microsoft Windows Server 2008 R2 Standard Service Pack 1",3389,"tcp","msrdp",0,11219,"Nessus SYN scanner","Port scanners","It is possible to determine which TCP ports are open.","This plugin is a SYN 'half-open' port scanner.
It shall be reasonably quick even against a firewalled target.

Note that SYN scanners are less intrusive than TCP (full connect) scanners against broken services, but they might kill lame misconfigured firewalls. They might also leave unclosed connections on the remote target, if the network is loaded.","Protect your target with an IP filter.","None","Port 3389/tcp was found to be open","[]",0,"","1970-01-01","2011-04-05"
"nessus_sample_1.nessus","qa3app09","10.31.112.29","Microsoft Windows Server 2008 R2 Standard Service Pack 1",445,"tcp","cifs",0,11219,"Nessus SYN scanner","Port scanners","It is possible to determine which TCP ports are open.","This plugin is a SYN 'half-open' port scanner.
It shall be reasonably quick even against a firewalled target.

Note that SYN scanners are less intrusive than TCP (full connect) scanners against broken services, but they might kill lame misconfigured firewalls. They might also leave unclosed connections on the remote target, if the network is loaded.","Protect your target with an IP filter.","None","Port 445/tcp was found to be open","[]",0,"","1970-01-01","2011-04-05"
"nessus_sample_1.nessus","qa3app09","10.31.112.29","Microsoft Windows Server 2008 R2 Standard Service Pack 1",80,"tcp","www",0,11219,"Nessus SYN scanner","Port scanners","It is possible to determine which TCP ports are open.","This plugin is a SYN 'half-open' port scanner.
It shall be reasonably quick even against a firewalled target.

Note that SYN scanners are less intrusive than TCP (full connect) scanners against broken services, but they might kill lame misconfigured firewalls. They might also leave unclosed connections on the remote target, if the network is loaded.","Protect your target with an IP filter.","None","Port 80/tcp was found to be open","[]",0,"","1970-01-01","2011-04-05"
"nessus_sample_1.nessus","qa3app09","10.31.112.29","Microsoft Windows Server 2008 R2 Standard Service Pack 1",135,"tcp","epmap",0,11219,"Nessus SYN scanner","Port scanners","It is possible to determine which TCP ports are open.","This plugin is a SYN 'half-open' port scanner.
It shall be reasonably quick even against a firewalled target.

Note that SYN scanners are less intrusive than TCP (full connect) scanners against broken services, but they might kill lame misconfigured firewalls. They might also leave unclosed connections on the remote target, if the network is loaded.","Protect your target with an IP filter.","None","Port 135/tcp was found to be open","[]",0,"","1970-01-01","2011-04-05"
"nessus_sample_1.nessus","qa3app09","10.31.112.29","Microsoft Windows Server 2008 R2 Standard Service Pack 1",139,"tcp","smb",0,11219,"Nessus SYN scanner","Port scanners","It is possible to determine which TCP ports are open.","This plugin is a SYN 'half-open' port scanner.
It shall be reasonably quick even against a firewalled target.

Note that SYN scanners are less intrusive than TCP (full connect) scanners against broken services, but they might kill lame misconfigured firewalls. They might also leave unclosed connections on the remote target, if the network is loaded.","Protect your target with an IP filter.","None","Port 139/tcp was found to be open","[]",0,"","1970-01-01","2011-04-05"
"nessus_sample_1.nessus","qa3app01","10.31.112.21","Microsoft Windows Server 2008 R2 Standard Service Pack 1",80,"tcp","www",0,11422,"Web Server Unconfigured - Default Install Page Present","Web Servers","The remote web server is not configured or is not properly configured.","The remote web server uses its default welcome page.  It probably means that this server is not used at all or is serving content that is meant to be hidden.","Disable this service if you do not use it.","None","
The default welcome page is from IIS.
","[]",0,"","2003-03-20","2011-08-12"
"nessus_sample_1.nessus","qa3app02","10.31.112.22","Microsoft Windows Server 2008 R2 Standard Service Pack 1",80,"tcp","www",0,11422,"Web Server Unconfigured - Default Install Page Present","Web Servers","The remote web server is not configured or is not properly configured.","The remote web server uses its default welcome page.  It probably means that this server is not used at all or is serving content that is meant to be hidden.","Disable this service if you do not use it.","None","
The default welcome page is from IIS.
","[]",0,"","2003-03-20","2011-08-12"
"nessus_sample_1.nessus","qa3app03","10.31.112.23","Microsoft Windows Server 2008 R2 Standard Service Pack 1",80,"tcp","www",0,11422,"Web Server Unconfigured - Default Install Page Present","Web Servers","The remote web server is not configured or is not properly configured.","The remote web server uses its default welcome page.  It probably means that this server is not used at all or is serving content that is meant to be hidden.","Disable this service if you do not use it.","None","
The default welcome page is from IIS.
","[]",0,"","2003-03-20","2011-08-12"
"nessus_sample_1.nessus","qa3app04","10.31.112.24","Microsoft Windows Server 2008 R2 Standard Service Pack 1",80,"tcp","www",0,11422,"Web Server Unconfigured - Default Install Page Present","Web Servers","The remote web server is not configured or is not properly configured.","The remote web server uses its default welcome page.  It probably means that this server is not used at all or is serving content that is meant to be hidden.","Disable this service if you do not use it.","None","
The default welcome page is from IIS.
","[]",0,"","2003-03-20","2011-08-12"
"nessus_sample_1.nessus","qa3app05","10.31.112.25","Microsoft Windows Server 2008 R2 Standard Service Pack 1",80,"tcp","www",0,11422,"Web Server Unconfigured - Default Install Page Present","Web Servers","The remote web server is not configured or is not properly configured.","The remote web server uses its default welcome page.  It probably means that this server is not used at all or is serving content that is meant to be hidden.","Disable this service if you do not use it.","None","
The default welcome page is from IIS.
","[]",0,"","2003-03-20","2011-08-12"
"nessus_sample_1.nessus","qa3app06","10.31.112.26","Microsoft Windows Server 2008 R2 Standard Service Pack 1",80,"tcp","www",0,11422,"Web Server Unconfigured - Default Install Page Present","Web Servers","The remote web server is not configured or is not properly configured.","The remote web server uses its default welcome page.  It probably means that this server is not used at all or is serving content that is meant to be hidden.","Disable this service if you do not use it.","None","
The default welcome page is from IIS.
","[]",0,"","2003-03-20","2011-08-12"
"nessus_sample_1.nessus","qa3app09","10.31.112.29","Microsoft Windows Server 2008 R2 Standard Service Pack 1",80,"tcp","www",0,11422,"Web Server Unconfigured - Default Install Page Present","Web Servers","The remote web server is not configured or is not properly configured.","The remote web server uses its default welcome page.  It probably means that this server is not used at all or is serving content that is meant to be hidden.","Disable this service if you do not use it.","None","
The default welcome page is from IIS.
","[]",0,"","2003-03-20","2011-08-12"
"nessus_sample_1.nessus","qa3app01","10.31.112.21","Microsoft Windows Server 2008 R2 Standard Service Pack 1",0,"tcp","general",0,11936,"OS Identification","General","It is possible to guess the remote operating system.","Using a combination of remote probes (TCP/IP, SMB, HTTP, NTP, SNMP, etc...), it is possible to guess the name of the remote operating system in use. It is also sometimes possible to guess the version of the operating system.","n/a","None","
Remote operating system : Microsoft Windows Server 2008 R2 Standard Service Pack 1
Confidence Level : 99
Method : MSRPC

 
The remote host is running Microsoft Windows Server 2008 R2 Standard Service Pack 1","[]",0,"","2003-12-09","2013-04-01"
"nessus_sample_1.nessus","qa3app02","10.31.112.22","Microsoft Windows Server 2008 R2 Standard Service Pack 1",0,"tcp","general",0,11936,"OS Identification","General","It is possible to guess the remote operating system.","Using a combination of remote probes (TCP/IP, SMB, HTTP, NTP, SNMP, etc...), it is possible to guess the name of the remote operating system in use. It is also sometimes possible to guess the version of the operating system.","n/a","None","
Remote operating system : Microsoft Windows Server 2008 R2 Standard Service Pack 1
Confidence Level : 99
Method : MSRPC

 
The remote host is running Microsoft Windows Server 2008 R2 Standard Service Pack 1","[]",0,"","2003-12-09","2013-04-01"
"nessus_sample_1.nessus","qa3app03","10.31.112.23","Microsoft Windows Server 2008 R2 Standard Service Pack 1",0,"tcp","general",0,11936,"OS Identification","General","It is possible to guess the remote operating system.","Using a combination of remote probes (TCP/IP, SMB, HTTP, NTP, SNMP, etc...), it is possible to guess the name of the remote operating system in use. It is also sometimes possible to guess the version of the operating system.","n/a","None","
Remote operating system : Microsoft Windows Server 2008 R2 Standard Service Pack 1
Confidence Level : 99
Method : MSRPC

 
The remote host is running Microsoft Windows Server 2008 R2 Standard Service Pack 1","[]",0,"","2003-12-09","2013-04-01"
"nessus_sample_1.nessus","qa3app04","10.31.112.24","Microsoft Windows Server 2008 R2 Standard Service Pack 1",0,"tcp","general",0,11936,"OS Identification","General","It is possible to guess the remote operating system.","Using a combination of remote probes (TCP/IP, SMB, HTTP, NTP, SNMP, etc...), it is possible to guess the name of the remote operating system in use. It is also sometimes possible to guess the version of the operating system.","n/a","None","
Remote operating system : Microsoft Windows Server 2008 R2 Standard Service Pack 1
Confidence Level : 99
Method : MSRPC

 
The remote host is running Microsoft Windows Server 2008 R2 Standard Service Pack 1","[]",0,"","2003-12-09","2013-04-01"
"nessus_sample_1.nessus","qa3app05","10.31.112.25","Microsoft Windows Server 2008 R2 Standard Service Pack 1",0,"tcp","general",0,11936,"OS Identification","General","It is possible to guess the remote operating system.","Using a combination of remote probes (TCP/IP, SMB, HTTP, NTP, SNMP, etc...), it is possible to guess the name of the remote operating system in use. It is also sometimes possible to guess the version of the operating system.","n/a","None","
Remote operating system : Microsoft Windows Server 2008 R2 Standard Service Pack 1
Confidence Level : 99
Method : MSRPC

 
The remote host is running Microsoft Windows Server 2008 R2 Standard Service Pack 1","[]",0,"","2003-12-09","2013-04-01"
"nessus_sample_1.nessus","qa3app06","10.31.112.26","Microsoft Windows Server 2008 R2 Standard Service Pack 1",0,"tcp","general",0,11936,"OS Identification","General","It is possible to guess the remote operating system.","Using a combination of remote probes (TCP/IP, SMB, HTTP, NTP, SNMP, etc...), it is possible to guess the name of the remote operating system in use. It is also sometimes possible to guess the version of the operating system.","n/a","None","
Remote operating system : Microsoft Windows Server 2008 R2 Standard Service Pack 1
Confidence Level : 99
Method : MSRPC

 
The remote host is running Microsoft Windows Server 2008 R2 Standard Service Pack 1","[]",0,"","2003-12-09","2013-04-01"
"nessus_sample_1.nessus","qa3app09","10.31.112.29","Microsoft Windows Server 2008 R2 Standard Service Pack 1",0,"tcp","general",0,11936,"OS Identification","General","It is possible to guess the remote operating system.","Using a combination of remote probes (TCP/IP, SMB, HTTP, NTP, SNMP, etc...), it is possible to guess the name of the remote operating system in use. It is also sometimes possible to guess the version of the operating system.","n/a","None","
Remote operating system : Microsoft Windows Server 2008 R2 Standard Service Pack 1
Confidence Level : 99
Method : MSRPC

 
The remote host is running Microsoft Windows Server 2008 R2 Standard Service Pack 1","[]",0,"","2003-12-09","2013-04-01"
"nessus_sample_1.nessus","qa3app01","10.31.112.21","Microsoft Windows Server 2008 R2 Standard Service Pack 1",0,"tcp","general",0,12053,"Host Fully Qualified Domain Name (FQDN) Resolution","General","It was possible to resolve the name of the remote host.","Nessus was able to resolve the FQDN of the remote host.","n/a","None","
10.31.112.21 resolves as qa3app01.
","[]",0,"","2004-02-11","2012-09-28"
"nessus_sample_1.nessus","qa3app02","10.31.112.22","Microsoft Windows Server 2008 R2 Standard Service Pack 1",0,"tcp","general",0,12053,"Host Fully Qualified Domain Name (FQDN) Resolution","General","It was possible to resolve the name of the remote host.","Nessus was able to resolve the FQDN of the remote host.","n/a","None","
10.31.112.22 resolves as qa3app02.
","[]",0,"","2004-02-11","2012-09-28"
"nessus_sample_1.nessus","qa3app03","10.31.112.23","Microsoft Windows Server 2008 R2 Standard Service Pack 1",0,"tcp","general",0,12053,"Host Fully Qualified Domain Name (FQDN) Resolution","General","It was possible to resolve the name of the remote host.","Nessus was able to resolve the FQDN of the remote host.","n/a","None","
10.31.112.23 resolves as qa3app03.
","[]",0,"","2004-02-11","2012-09-28"
"nessus_sample_1.nessus","qa3app04","10.31.112.24","Microsoft Windows Server 2008 R2 Standard Service Pack 1",0,"tcp","general",0,12053,"Host Fully Qualified Domain Name (FQDN) Resolution","General","It was possible to resolve the name of the remote host.","Nessus was able to resolve the FQDN of the remote host.","n/a","None","
10.31.112.24 resolves as qa3app04.
","[]",0,"","2004-02-11","2012-09-28"
"nessus_sample_1.nessus","qa3app05","10.31.112.25","Microsoft Windows Server 2008 R2 Standard Service Pack 1",0,"tcp","general",0,12053,"Host Fully Qualified Domain Name (FQDN) Resolution","General","It was possible to resolve the name of the remote host.","Nessus was able to resolve the FQDN of the remote host.","n/a","None","
10.31.112.25 resolves as qa3app05.
","[]",0,"","2004-02-11","2012-09-28"
"nessus_sample_1.nessus","qa3app06","10.31.112.26","Microsoft Windows Server 2008 R2 Standard Service Pack 1",0,"tcp","general",0,12053,"Host Fully Qualified Domain Name (FQDN) Resolution","General","It was possible to resolve the name of the remote host.","Nessus was able to resolve the FQDN of the remote host.","n/a","None","
10.31.112.26 resolves as qa3app06.
","[]",0,"","2004-02-11","2012-09-28"
"nessus_sample_1.nessus","qa3app09","10.31.112.29","Microsoft Windows Server 2008 R2 Standard Service Pack 1",0,"tcp","general",0,12053,"Host Fully Qualified Domain Name (FQDN) Resolution","General","It was possible to resolve the name of the remote host.","Nessus was able to resolve the FQDN of the remote host.","n/a","None","
10.31.112.29 resolves as qa3app09.
","[]",0,"","2004-02-11","2012-09-28"
"nessus_sample_1.nessus","qa3app01","10.31.112.21","Microsoft Windows Server 2008 R2 Standard Service Pack 1",0,"tcp","general",0,19506,"Nessus Scan Information","Settings","Information about the Nessus scan.","This script displays, for each tested host, information about the scan itself :

 - The version of the plugin set
 - The type of plugin feed (HomeFeed or ProfessionalFeed)
 - The version of the Nessus Engine
 - The port scanner(s) used
 - The port range scanned
 - Whether credentialed or third-party patch management    checks are possible
 - The date of the scan
 - The duration of the scan
 - The number of hosts scanned in parallel
 - The number of checks done in parallel","n/a","None","Information about this scan : 

Nessus version : 5.2.1
Plugin feed version : 201306260615
Type of plugin feed : HomeFeed (Non-commercial use only)
Scanner IP : 172.16.138.174
Port scanner(s) : nessus_syn_scanner 
Port range : default
Thorough tests : no
Experimental tests : no
Paranoia level : 1
Report Verbosity : 1
Safe checks : yes
Optimize the test : yes
Credentialed checks : no
Patch management checks : None
CGI scanning : disabled
Web application tests : disabled
Max hosts : 80
Max checks : 5
Recv timeout : 5
Backports : None
Allow post-scan editing: Yes
Scan Start Date : 2013/7/1 11:33
Scan duration : 494 sec
","[]",0,"","2005-08-26","2013-05-31"
"nessus_sample_1.nessus","qa3app02","10.31.112.22","Microsoft Windows Server 2008 R2 Standard Service Pack 1",0,"tcp","general",0,19506,"Nessus Scan Information","Settings","Information about the Nessus scan.","This script displays, for each tested host, information about the scan itself :

 - The version of the plugin set
 - The type of plugin feed (HomeFeed or ProfessionalFeed)
 - The version of the Nessus Engine
 - The port scanner(s) used
 - The port range scanned
 - Whether credentialed or third-party patch management    checks are possible
 - The date of the scan
 - The duration of the scan
 - The number of hosts scanned in parallel
 - The number of checks done in parallel","n/a","None","Information about this scan : 

Nessus version : 5.2.1
Plugin feed version : 201306260615
Type of plugin feed : HomeFeed (Non-commercial use only)
Scanner IP : 172.16.138.174
Port scanner(s) : nessus_syn_scanner 
Port range : default
Thorough tests : no
Experimental tests : no
Paranoia level : 1
Report Verbosity : 1
Safe checks : yes
Optimize the test : yes
Credentialed checks : no
Patch management checks : None
CGI scanning : disabled
Web application tests : disabled
Max hosts : 80
Max checks : 5
Recv timeout : 5
Backports : None
Allow post-scan editing: Yes
Scan Start Date : 2013/7/1 11:33
Scan duration : 1293 sec
","[]",0,"","2005-08-26","2013-05-31"
"nessus_sample_1.nessus","qa3app03","10.31.112.23","Microsoft Windows Server 2008 R2 Standard Service Pack 1",0,"tcp","general",0,19506,"Nessus Scan Information","Settings","Information about the Nessus scan.","This script displays, for each tested host, information about the scan itself :

 - The version of the plugin set
 - The type of plugin feed (HomeFeed or ProfessionalFeed)
 - The version of the Nessus Engine
 - The port scanner(s) used
 - The port range scanned
 - Whether credentialed or third-party patch management    checks are possible
 - The date of the scan
 - The duration of the scan
 - The number of hosts scanned in parallel
 - The number of checks done in parallel","n/a","None","Information about this scan : 

Nessus version : 5.2.1
Plugin feed version : 201306260615
Type of plugin feed : HomeFeed (Non-commercial use only)
Scanner IP : 172.16.138.174
Port scanner(s) : nessus_syn_scanner 
Port range : default
Thorough tests : no
Experimental tests : no
Paranoia level : 1
Report Verbosity : 1
Safe checks : yes
Optimize the test : yes
Credentialed checks : no
Patch management checks : None
CGI scanning : disabled
Web application tests : disabled
Max hosts : 80
Max checks : 5
Recv timeout : 5
Backports : None
Allow post-scan editing: Yes
Scan Start Date : 2013/7/1 11:33
Scan duration : 711 sec
","[]",0,"","2005-08-26","2013-05-31"
"nessus_sample_1.nessus","qa3app04","10.31.112.24","Microsoft Windows Server 2008 R2 Standard Service Pack 1",0,"tcp","general",0,19506,"Nessus Scan Information","Settings","Information about the Nessus scan.","This script displays, for each tested host, information about the scan itself :

 - The version of the plugin set
 - The type of plugin feed (HomeFeed or ProfessionalFeed)
 - The version of the Nessus Engine
 - The port scanner(s) used
 - The port range scanned
 - Whether credentialed or third-party patch management    checks are possible
 - The date of the scan
 - The duration of the scan
 - The number of hosts scanned in parallel
 - The number of checks done in parallel","n/a","None","Information about this scan : 

Nessus version : 5.2.1
Plugin feed version : 201306260615
Type of plugin feed : HomeFeed (Non-commercial use only)
Scanner IP : 172.16.138.174
Port scanner(s) : nessus_syn_scanner 
Port range : default
Thorough tests : no
Experimental tests : no
Paranoia level : 1
Report Verbosity : 1
Safe checks : yes
Optimize the test : yes
Credentialed checks : no
Patch management checks : None
CGI scanning : disabled
Web application tests : disabled
Max hosts : 80
Max checks : 5
Recv timeout : 5
Backports : None
Allow post-scan editing: Yes
Scan Start Date : 2013/7/1 11:33
Scan duration : 766 sec
","[]",0,"","2005-08-26","2013-05-31"
"nessus_sample_1.nessus","qa3app05","10.31.112.25","Microsoft Windows Server 2008 R2 Standard Service Pack 1",0,"tcp","general",0,19506,"Nessus Scan Information","Settings","Information about the Nessus scan.","This script displays, for each tested host, information about the scan itself :

 - The version of the plugin set
 - The type of plugin feed (HomeFeed or ProfessionalFeed)
 - The version of the Nessus Engine
 - The port scanner(s) used
 - The port range scanned
 - Whether credentialed or third-party patch management    checks are possible
 - The date of the scan
 - The duration of the scan
 - The number of hosts scanned in parallel
 - The number of checks done in parallel","n/a","None","Information about this scan : 

Nessus version : 5.2.1
Plugin feed version : 201306260615
Type of plugin feed : HomeFeed (Non-commercial use only)
Scanner IP : 172.16.138.174
Port scanner(s) : nessus_syn_scanner 
Port range : default
Thorough tests : no
Experimental tests : no
Paranoia level : 1
Report Verbosity : 1
Safe checks : yes
Optimize the test : yes
Credentialed checks : no
Patch management checks : None
CGI scanning : disabled
Web application tests : disabled
Max hosts : 80
Max checks : 5
Recv timeout : 5
Backports : None
Allow post-scan editing: Yes
Scan Start Date : 2013/7/1 11:33
Scan duration : 700 sec
","[]",0,"","2005-08-26","2013-05-31"
"nessus_sample_1.nessus","qa3app06","10.31.112.26","Microsoft Windows Server 2008 R2 Standard Service Pack 1",0,"tcp","general",0,19506,"Nessus Scan Information","Settings","Information about the Nessus scan.","This script displays, for each tested host, information about the scan itself :

 - The version of the plugin set
 - The type of plugin feed (HomeFeed or ProfessionalFeed)
 - The version of the Nessus Engine
 - The port scanner(s) used
 - The port range scanned
 - Whether credentialed or third-party patch management    checks are possible
 - The date of the scan
 - The duration of the scan
 - The number of hosts scanned in parallel
 - The number of checks done in parallel","n/a","None","Information about this scan : 

Nessus version : 5.2.1
Plugin feed version : 201306260615
Type of plugin feed : HomeFeed (Non-commercial use only)
Scanner IP : 172.16.138.174
Port scanner(s) : nessus_syn_scanner 
Port range : default
Thorough tests : no
Experimental tests : no
Paranoia level : 1
Report Verbosity : 1
Safe checks : yes
Optimize the test : yes
Credentialed checks : no
Patch management checks : None
CGI scanning : disabled
Web application tests : disabled
Max hosts : 80
Max checks : 5
Recv timeout : 5
Backports : None
Allow post-scan editing: Yes
Scan Start Date : 2013/7/1 11:33
Scan duration : 848 sec
","[]",0,"","2005-08-26","2013-05-31"
"nessus_sample_1.nessus","qa3app09","10.31.112.29","Microsoft Windows Server 2008 R2 Standard Service Pack 1",0,"tcp","general",0,19506,"Nessus Scan Information","Settings","Information about the Nessus scan.","This script displays, for each tested host, information about the scan itself :

 - The version of the plugin set
 - The type of plugin feed (HomeFeed or ProfessionalFeed)
 - The version of the Nessus Engine
 - The port scanner(s) used
 - The port range scanned
 - Whether credentialed or third-party patch management    checks are possible
 - The date of the scan
 - The duration of the scan
 - The number of hosts scanned in parallel
 - The number of checks done in parallel","n/a","None","Information about this scan : 

Nessus version : 5.2.1
Plugin feed version : 201306260615
Type of plugin feed : HomeFeed (Non-commercial use only)
Scanner IP : 172.16.138.174
Port scanner(s) : nessus_syn_scanner 
Port range : default
Thorough tests : no
Experimental tests : no
Paranoia level : 1
Report Verbosity : 1
Safe checks : yes
Optimize the test : yes
Credentialed checks : no
Patch management checks : None
CGI scanning : disabled
Web application tests : disabled
Max hosts : 80
Max checks : 5
Recv timeout : 5
Backports : None
Allow post-scan editing: Yes
Scan Start Date : 2013/7/1 11:33
Scan duration : 453 sec
","[]",0,"","2005-08-26","2013-05-31"
"nessus_sample_1.nessus","qa3app01","10.31.112.21","Microsoft Windows Server 2008 R2 Standard Service Pack 1",0,"tcp","general",0,20094,"VMware Virtual Machine Detection","General","The remote host seems to be a VMware virtual machine.","According to the MAC address of its network adapter, the remote host is a VMware virtual machine. 

Since it is physically accessible through the network, ensure that its configuration matches your organization's security policy.","n/a","None","","[]",0,"","2005-10-27","2011-03-27"
"nessus_sample_1.nessus","qa3app02","10.31.112.22","Microsoft Windows Server 2008 R2 Standard Service Pack 1",0,"tcp","general",0,20094,"VMware Virtual Machine Detection","General","The remote host seems to be a VMware virtual machine.","According to the MAC address of its network adapter, the remote host is a VMware virtual machine. 

Since it is physically accessible through the network, ensure that its configuration matches your organization's security policy.","n/a","None","","[]",0,"","2005-10-27","2011-03-27"
"nessus_sample_1.nessus","qa3app03","10.31.112.23","Microsoft Windows Server 2008 R2 Standard Service Pack 1",0,"tcp","general",0,20094,"VMware Virtual Machine Detection","General","The remote host seems to be a VMware virtual machine.","According to the MAC address of its network adapter, the remote host is a VMware virtual machine. 

Since it is physically accessible through the network, ensure that its configuration matches your organization's security policy.","n/a","None","","[]",0,"","2005-10-27","2011-03-27"
"nessus_sample_1.nessus","qa3app04","10.31.112.24","Microsoft Windows Server 2008 R2 Standard Service Pack 1",0,"tcp","general",0,20094,"VMware Virtual Machine Detection","General","The remote host seems to be a VMware virtual machine.","According to the MAC address of its network adapter, the remote host is a VMware virtual machine. 

Since it is physically accessible through the network, ensure that its configuration matches your organization's security policy.","n/a","None","","[]",0,"","2005-10-27","2011-03-27"
"nessus_sample_1.nessus","qa3app05","10.31.112.25","Microsoft Windows Server 2008 R2 Standard Service Pack 1",0,"tcp","general",0,20094,"VMware Virtual Machine Detection","General","The remote host seems to be a VMware virtual machine.","According to the MAC address of its network adapter, the remote host is a VMware virtual machine. 

Since it is physically accessible through the network, ensure that its configuration matches your organization's security policy.","n/a","None","","[]",0,"","2005-10-27","2011-03-27"
"nessus_sample_1.nessus","qa3app06","10.31.112.26","Microsoft Windows Server 2008 R2 Standard Service Pack 1",0,"tcp","general",0,20094,"VMware Virtual Machine Detection","General","The remote host seems to be a VMware virtual machine.","According to the MAC address of its network adapter, the remote host is a VMware virtual machine. 

Since it is physically accessible through the network, ensure that its configuration matches your organization's security policy.","n/a","None","","[]",0,"","2005-10-27","2011-03-27"
"nessus_sample_1.nessus","qa3app09","10.31.112.29","Microsoft Windows Server 2008 R2 Standard Service Pack 1",0,"tcp","general",0,20094,"VMware Virtual Machine Detection","General","The remote host seems to be a VMware virtual machine.","According to the MAC address of its network adapter, the remote host is a VMware virtual machine. 

Since it is physically accessible through the network, ensure that its configuration matches your organization's security policy.","n/a","None","","[]",0,"","2005-10-27","2011-03-27"
"nessus_sample_1.nessus","qa3app01","10.31.112.21","Microsoft Windows Server 2008 R2 Standard Service Pack 1",80,"tcp","www",0,22964,"Service Detection","Service detection","The remote service could be identified.","It was possible to identify the remote service by its banner or by looking at the error message it sends when it receives an HTTP request.","n/a","None","A web server is running on this port.","[]",0,"","2007-08-19","2013-05-12"
"nessus_sample_1.nessus","qa3app02","10.31.112.22","Microsoft Windows Server 2008 R2 Standard Service Pack 1",10002,"tcp","www",0,22964,"Service Detection","Service detection","The remote service could be identified.","It was possible to identify the remote service by its banner or by looking at the error message it sends when it receives an HTTP request.","n/a","None","A web server is running on this port.","[]",0,"","2007-08-19","2013-05-12"
"nessus_sample_1.nessus","qa3app02","10.31.112.22","Microsoft Windows Server 2008 R2 Standard Service Pack 1",80,"tcp","www",0,22964,"Service Detection","Service detection","The remote service could be identified.","It was possible to identify the remote service by its banner or by looking at the error message it sends when it receives an HTTP request.","n/a","None","A web server is running on this port.","[]",0,"","2007-08-19","2013-05-12"
"nessus_sample_1.nessus","qa3app03","10.31.112.23","Microsoft Windows Server 2008 R2 Standard Service Pack 1",80,"tcp","www",0,22964,"Service Detection","Service detection","The remote service could be identified.","It was possible to identify the remote service by its banner or by looking at the error message it sends when it receives an HTTP request.","n/a","None","A web server is running on this port.","[]",0,"","2007-08-19","2013-05-12"
"nessus_sample_1.nessus","qa3app04","10.31.112.24","Microsoft Windows Server 2008 R2 Standard Service Pack 1",80,"tcp","www",0,22964,"Service Detection","Service detection","The remote service could be identified.","It was possible to identify the remote service by its banner or by looking at the error message it sends when it receives an HTTP request.","n/a","None","A web server is running on this port.","[]",0,"","2007-08-19","2013-05-12"
"nessus_sample_1.nessus","qa3app05","10.31.112.25","Microsoft Windows Server 2008 R2 Standard Service Pack 1",80,"tcp","www",0,22964,"Service Detection","Service detection","The remote service could be identified.","It was possible to identify the remote service by its banner or by looking at the error message it sends when it receives an HTTP request.","n/a","None","A web server is running on this port.","[]",0,"","2007-08-19","2013-05-12"
"nessus_sample_1.nessus","qa3app06","10.31.112.26","Microsoft Windows Server 2008 R2 Standard Service Pack 1",80,"tcp","www",0,22964,"Service Detection","Service detection","The remote service could be identified.","It was possible to identify the remote service by its banner or by looking at the error message it sends when it receives an HTTP request.","n/a","None","A web server is running on this port.","[]",0,"","2007-08-19","2013-05-12"
"nessus_sample_1.nessus","qa3app09","10.31.112.29","Microsoft Windows Server 2008 R2 Standard Service Pack 1",80,"tcp","www",0,22964,"Service Detection","Service detection","The remote service could be identified.","It was possible to identify the remote service by its banner or by looking at the error message it sends when it receives an HTTP request.","n/a","None","A web server is running on this port.","[]",0,"","2007-08-19","2013-05-12"
"nessus_sample_1.nessus","qa3app02","10.31.112.22","Microsoft Windows Server 2008 R2 Standard Service Pack 1",7001,"tcp","remoting_tcp",0,24018,"TCP Channel Detection","Service detection","A TCP channel is listening on the remote host.","The remote host is running a TCP-based .NET Remoting Channel Service, aka a 'TCP channel'.  .NET Remoting is an API developed by Microsoft and used for interprocess communications, and a channel service provides the mechanism by which such communications occur.  Two channel services are supplied as part of Microsoft's .NET Framework - a TCP channel, which uses binary payloads, and an HTTP channel, which uses SOAP by default.","Limit incoming traffic to this port if desired.","None","","[]",0,"","2007-01-17","2011-03-11"
"nessus_sample_1.nessus","qa3app01","10.31.112.21","Microsoft Windows Server 2008 R2 Standard Service Pack 1",80,"tcp","www",0,24260,"HyperText Transfer Protocol (HTTP) Information","Web Servers","Some information about the remote HTTP configuration can be extracted.","This test gives some information about the remote HTTP protocol - the version used, whether HTTP Keep-Alive and HTTP pipelining are enabled, etc... 

This test is informational only and does not denote any security problem.","n/a","None","
Protocol version : HTTP/1.1
SSL : no
Keep-Alive : no
Options allowed : OPTIONS, TRACE, GET, HEAD, POST
Headers :

  Content-Type: text/html
  Last-Modified: Tue, 01 May 2012 20:47:11 GMT
  Accept-Ranges: bytes
  ETag: ""ca7a095db27cd1:0""
  Server: Microsoft-IIS/7.5
  X-Powered-By: ASP.NET
  Date: Mon, 01 Jul 2013 18:37:49 GMT
  Content-Length: 689
  
","[]",0,"","2007-01-30","2011-05-31"
"nessus_sample_1.nessus","qa3app03","10.31.112.23","Microsoft Windows Server 2008 R2 Standard Service Pack 1",80,"tcp","www",0,24260,"HyperText Transfer Protocol (HTTP) Information","Web Servers","Some information about the remote HTTP configuration can be extracted.","This test gives some information about the remote HTTP protocol - the version used, whether HTTP Keep-Alive and HTTP pipelining are enabled, etc... 

This test is informational only and does not denote any security problem.","n/a","None","
Protocol version : HTTP/1.1
SSL : no
Keep-Alive : no
Options allowed : OPTIONS, TRACE, GET, HEAD, POST
Headers :

  Content-Type: text/html
  Last-Modified: Tue, 01 May 2012 20:47:11 GMT
  Accept-Ranges: bytes
  ETag: ""ca7a095db27cd1:0""
  Server: Microsoft-IIS/7.5
  X-Powered-By: ASP.NET
  Date: Mon, 01 Jul 2013 18:37:27 GMT
  Content-Length: 689
  
","[]",0,"","2007-01-30","2011-05-31"
"nessus_sample_1.nessus","qa3app04","10.31.112.24","Microsoft Windows Server 2008 R2 Standard Service Pack 1",80,"tcp","www",0,24260,"HyperText Transfer Protocol (HTTP) Information","Web Servers","Some information about the remote HTTP configuration can be extracted.","This test gives some information about the remote HTTP protocol - the version used, whether HTTP Keep-Alive and HTTP pipelining are enabled, etc... 

This test is informational only and does not denote any security problem.","n/a","None","
Protocol version : HTTP/1.1
SSL : no
Keep-Alive : no
Options allowed : OPTIONS, TRACE, GET, HEAD, POST
Headers :

  Content-Type: text/html
  Last-Modified: Tue, 01 May 2012 20:47:11 GMT
  Accept-Ranges: bytes
  ETag: ""ca7a095db27cd1:0""
  Server: Microsoft-IIS/7.5
  X-Powered-By: ASP.NET
  Date: Mon, 01 Jul 2013 18:38:50 GMT
  Content-Length: 689
  
","[]",0,"","2007-01-30","2011-05-31"
"nessus_sample_1.nessus","qa3app05","10.31.112.25","Microsoft Windows Server 2008 R2 Standard Service Pack 1",80,"tcp","www",0,24260,"HyperText Transfer Protocol (HTTP) Information","Web Servers","Some information about the remote HTTP configuration can be extracted.","This test gives some information about the remote HTTP protocol - the version used, whether HTTP Keep-Alive and HTTP pipelining are enabled, etc... 

This test is informational only and does not denote any security problem.","n/a","None","
Protocol version : HTTP/1.1
SSL : no
Keep-Alive : no
Options allowed : OPTIONS, TRACE, GET, HEAD, POST
Headers :

  Content-Type: text/html
  Last-Modified: Tue, 01 May 2012 20:47:11 GMT
  Accept-Ranges: bytes
  ETag: ""ca7a095db27cd1:0""
  Server: Microsoft-IIS/7.5
  X-Powered-By: ASP.NET
  Date: Mon, 01 Jul 2013 18:37:25 GMT
  Content-Length: 689
  
","[]",0,"","2007-01-30","2011-05-31"
"nessus_sample_1.nessus","qa3app06","10.31.112.26","Microsoft Windows Server 2008 R2 Standard Service Pack 1",80,"tcp","www",0,24260,"HyperText Transfer Protocol (HTTP) Information","Web Servers","Some information about the remote HTTP configuration can be extracted.","This test gives some information about the remote HTTP protocol - the version used, whether HTTP Keep-Alive and HTTP pipelining are enabled, etc... 

This test is informational only and does not denote any security problem.","n/a","None","
Protocol version : HTTP/1.1
SSL : no
Keep-Alive : no
Options allowed : OPTIONS, TRACE, GET, HEAD, POST
Headers :

  Content-Type: text/html
  Last-Modified: Tue, 01 May 2012 20:47:11 GMT
  Accept-Ranges: bytes
  ETag: ""ca7a095db27cd1:0""
  Server: Microsoft-IIS/7.5
  X-Powered-By: ASP.NET
  Date: Mon, 01 Jul 2013 18:38:44 GMT
  Content-Length: 689
  
","[]",0,"","2007-01-30","2011-05-31"
"nessus_sample_1.nessus","qa3app09","10.31.112.29","Microsoft Windows Server 2008 R2 Standard Service Pack 1",80,"tcp","www",0,24260,"HyperText Transfer Protocol (HTTP) Information","Web Servers","Some information about the remote HTTP configuration can be extracted.","This test gives some information about the remote HTTP protocol - the version used, whether HTTP Keep-Alive and HTTP pipelining are enabled, etc... 

This test is informational only and does not denote any security problem.","n/a","None","
Protocol version : HTTP/1.1
SSL : no
Keep-Alive : no
Options allowed : OPTIONS, TRACE, GET, HEAD, POST
Headers :

  Content-Type: text/html
  Last-Modified: Tue, 01 May 2012 20:47:11 GMT
  Accept-Ranges: bytes
  ETag: ""ca7a095db27cd1:0""
  Server: Microsoft-IIS/7.5
  X-Powered-By: ASP.NET
  Date: Mon, 01 Jul 2013 18:36:55 GMT
  Content-Length: 689
  
","[]",0,"","2007-01-30","2011-05-31"
"nessus_sample_1.nessus","qa3app01","10.31.112.21","Microsoft Windows Server 2008 R2 Standard Service Pack 1",0,"tcp","general",0,24786,"Nessus Windows Scan Not Performed with Admin Privileges","Settings","The Nessus scan of this host may be incomplete due to insufficient privileges provided.","The Nessus scanner testing the remote host has been given SMB credentials to log into the remote host, however these credentials do not have administrative privileges. 

Typically, when Nessus performs a patch audit, it logs into the remote host and reads the version of the DLLs on the remote host to determine if a given patch has been applied or not.  This is the method Microsoft recommends to determine if a patch has been applied. 

If your Nessus scanner does not have administrative privileges when doing a scan, then Nessus has to fall back to perform a patch audit through the registry which may lead to false positives (especially when using third-party patch auditing tools) or to false negatives (not all patches can be detected through the registry).","Reconfigure your scanner to use credentials with administrative privileges.","None","
It was not possible to connect to '\\QA3APP01\ADMIN$' with the supplied credentials.
","[]",0,"","2007-03-12","2013-01-07"
"nessus_sample_1.nessus","qa3app02","10.31.112.22","Microsoft Windows Server 2008 R2 Standard Service Pack 1",0,"tcp","general",0,24786,"Nessus Windows Scan Not Performed with Admin Privileges","Settings","The Nessus scan of this host may be incomplete due to insufficient privileges provided.","The Nessus scanner testing the remote host has been given SMB credentials to log into the remote host, however these credentials do not have administrative privileges. 

Typically, when Nessus performs a patch audit, it logs into the remote host and reads the version of the DLLs on the remote host to determine if a given patch has been applied or not.  This is the method Microsoft recommends to determine if a patch has been applied. 

If your Nessus scanner does not have administrative privileges when doing a scan, then Nessus has to fall back to perform a patch audit through the registry which may lead to false positives (especially when using third-party patch auditing tools) or to false negatives (not all patches can be detected through the registry).","Reconfigure your scanner to use credentials with administrative privileges.","None","
It was not possible to connect to '\\QA3APP02\ADMIN$' with the supplied credentials.
","[]",0,"","2007-03-12","2013-01-07"
"nessus_sample_1.nessus","qa3app03","10.31.112.23","Microsoft Windows Server 2008 R2 Standard Service Pack 1",0,"tcp","general",0,24786,"Nessus Windows Scan Not Performed with Admin Privileges","Settings","The Nessus scan of this host may be incomplete due to insufficient privileges provided.","The Nessus scanner testing the remote host has been given SMB credentials to log into the remote host, however these credentials do not have administrative privileges. 

Typically, when Nessus performs a patch audit, it logs into the remote host and reads the version of the DLLs on the remote host to determine if a given patch has been applied or not.  This is the method Microsoft recommends to determine if a patch has been applied. 

If your Nessus scanner does not have administrative privileges when doing a scan, then Nessus has to fall back to perform a patch audit through the registry which may lead to false positives (especially when using third-party patch auditing tools) or to false negatives (not all patches can be detected through the registry).","Reconfigure your scanner to use credentials with administrative privileges.","None","
It was not possible to connect to '\\QA3APP03\ADMIN$' with the supplied credentials.
","[]",0,"","2007-03-12","2013-01-07"
"nessus_sample_1.nessus","qa3app04","10.31.112.24","Microsoft Windows Server 2008 R2 Standard Service Pack 1",0,"tcp","general",0,24786,"Nessus Windows Scan Not Performed with Admin Privileges","Settings","The Nessus scan of this host may be incomplete due to insufficient privileges provided.","The Nessus scanner testing the remote host has been given SMB credentials to log into the remote host, however these credentials do not have administrative privileges. 

Typically, when Nessus performs a patch audit, it logs into the remote host and reads the version of the DLLs on the remote host to determine if a given patch has been applied or not.  This is the method Microsoft recommends to determine if a patch has been applied. 

If your Nessus scanner does not have administrative privileges when doing a scan, then Nessus has to fall back to perform a patch audit through the registry which may lead to false positives (especially when using third-party patch auditing tools) or to false negatives (not all patches can be detected through the registry).","Reconfigure your scanner to use credentials with administrative privileges.","None","
It was not possible to connect to '\\QA3APP04\ADMIN$' with the supplied credentials.
","[]",0,"","2007-03-12","2013-01-07"
"nessus_sample_1.nessus","qa3app05","10.31.112.25","Microsoft Windows Server 2008 R2 Standard Service Pack 1",0,"tcp","general",0,24786,"Nessus Windows Scan Not Performed with Admin Privileges","Settings","The Nessus scan of this host may be incomplete due to insufficient privileges provided.","The Nessus scanner testing the remote host has been given SMB credentials to log into the remote host, however these credentials do not have administrative privileges. 

Typically, when Nessus performs a patch audit, it logs into the remote host and reads the version of the DLLs on the remote host to determine if a given patch has been applied or not.  This is the method Microsoft recommends to determine if a patch has been applied. 

If your Nessus scanner does not have administrative privileges when doing a scan, then Nessus has to fall back to perform a patch audit through the registry which may lead to false positives (especially when using third-party patch auditing tools) or to false negatives (not all patches can be detected through the registry).","Reconfigure your scanner to use credentials with administrative privileges.","None","
It was not possible to connect to '\\QA3APP05\ADMIN$' with the supplied credentials.
","[]",0,"","2007-03-12","2013-01-07"
"nessus_sample_1.nessus","qa3app06","10.31.112.26","Microsoft Windows Server 2008 R2 Standard Service Pack 1",0,"tcp","general",0,24786,"Nessus Windows Scan Not Performed with Admin Privileges","Settings","The Nessus scan of this host may be incomplete due to insufficient privileges provided.","The Nessus scanner testing the remote host has been given SMB credentials to log into the remote host, however these credentials do not have administrative privileges. 

Typically, when Nessus performs a patch audit, it logs into the remote host and reads the version of the DLLs on the remote host to determine if a given patch has been applied or not.  This is the method Microsoft recommends to determine if a patch has been applied. 

If your Nessus scanner does not have administrative privileges when doing a scan, then Nessus has to fall back to perform a patch audit through the registry which may lead to false positives (especially when using third-party patch auditing tools) or to false negatives (not all patches can be detected through the registry).","Reconfigure your scanner to use credentials with administrative privileges.","None","
It was not possible to connect to '\\QA3APP06\ADMIN$' with the supplied credentials.
","[]",0,"","2007-03-12","2013-01-07"
"nessus_sample_1.nessus","qa3app09","10.31.112.29","Microsoft Windows Server 2008 R2 Standard Service Pack 1",0,"tcp","general",0,24786,"Nessus Windows Scan Not Performed with Admin Privileges","Settings","The Nessus scan of this host may be incomplete due to insufficient privileges provided.","The Nessus scanner testing the remote host has been given SMB credentials to log into the remote host, however these credentials do not have administrative privileges. 

Typically, when Nessus performs a patch audit, it logs into the remote host and reads the version of the DLLs on the remote host to determine if a given patch has been applied or not.  This is the method Microsoft recommends to determine if a patch has been applied. 

If your Nessus scanner does not have administrative privileges when doing a scan, then Nessus has to fall back to perform a patch audit through the registry which may lead to false positives (especially when using third-party patch auditing tools) or to false negatives (not all patches can be detected through the registry).","Reconfigure your scanner to use credentials with administrative privileges.","None","
It was not possible to connect to '\\QA3APP09\ADMIN$' with the supplied credentials.
","[]",0,"","2007-03-12","2013-01-07"
"nessus_sample_1.nessus","qa3app01","10.31.112.21","Microsoft Windows Server 2008 R2 Standard Service Pack 1",445,"tcp","cifs",0,26917,"Microsoft Windows SMB Registry : Nessus Cannot Access the Windows Registry","Windows","Nessus is not able to access the remote Windows Registry.","It was not possible to connect to PIPE\winreg on the remote host.

If you intend to use Nessus to perform registry-based checks, the registry checks will not work because the 'Remote Registry Access' service (winreg) has been disabled on the remote host or can not be connected to with the supplied credentials.","n/a","None","Could not connect to the registry because:
Could not connect to \winreg","[]",0,"","2007-10-04","2011-03-27"
"nessus_sample_1.nessus","qa3app02","10.31.112.22","Microsoft Windows Server 2008 R2 Standard Service Pack 1",445,"tcp","cifs",0,26917,"Microsoft Windows SMB Registry : Nessus Cannot Access the Windows Registry","Windows","Nessus is not able to access the remote Windows Registry.","It was not possible to connect to PIPE\winreg on the remote host.

If you intend to use Nessus to perform registry-based checks, the registry checks will not work because the 'Remote Registry Access' service (winreg) has been disabled on the remote host or can not be connected to with the supplied credentials.","n/a","None","Could not connect to the registry because:
Could not connect to \winreg","[]",0,"","2007-10-04","2011-03-27"
"nessus_sample_1.nessus","qa3app03","10.31.112.23","Microsoft Windows Server 2008 R2 Standard Service Pack 1",445,"tcp","cifs",0,26917,"Microsoft Windows SMB Registry : Nessus Cannot Access the Windows Registry","Windows","Nessus is not able to access the remote Windows Registry.","It was not possible to connect to PIPE\winreg on the remote host.

If you intend to use Nessus to perform registry-based checks, the registry checks will not work because the 'Remote Registry Access' service (winreg) has been disabled on the remote host or can not be connected to with the supplied credentials.","n/a","None","Could not connect to the registry because:
Could not connect to \winreg","[]",0,"","2007-10-04","2011-03-27"
"nessus_sample_1.nessus","qa3app04","10.31.112.24","Microsoft Windows Server 2008 R2 Standard Service Pack 1",445,"tcp","cifs",0,26917,"Microsoft Windows SMB Registry : Nessus Cannot Access the Windows Registry","Windows","Nessus is not able to access the remote Windows Registry.","It was not possible to connect to PIPE\winreg on the remote host.

If you intend to use Nessus to perform registry-based checks, the registry checks will not work because the 'Remote Registry Access' service (winreg) has been disabled on the remote host or can not be connected to with the supplied credentials.","n/a","None","Could not connect to the registry because:
Could not connect to \winreg","[]",0,"","2007-10-04","2011-03-27"
"nessus_sample_1.nessus","qa3app05","10.31.112.25","Microsoft Windows Server 2008 R2 Standard Service Pack 1",445,"tcp","cifs",0,26917,"Microsoft Windows SMB Registry : Nessus Cannot Access the Windows Registry","Windows","Nessus is not able to access the remote Windows Registry.","It was not possible to connect to PIPE\winreg on the remote host.

If you intend to use Nessus to perform registry-based checks, the registry checks will not work because the 'Remote Registry Access' service (winreg) has been disabled on the remote host or can not be connected to with the supplied credentials.","n/a","None","Could not connect to the registry because:
Could not connect to \winreg","[]",0,"","2007-10-04","2011-03-27"
"nessus_sample_1.nessus","qa3app06","10.31.112.26","Microsoft Windows Server 2008 R2 Standard Service Pack 1",445,"tcp","cifs",0,26917,"Microsoft Windows SMB Registry : Nessus Cannot Access the Windows Registry","Windows","Nessus is not able to access the remote Windows Registry.","It was not possible to connect to PIPE\winreg on the remote host.

If you intend to use Nessus to perform registry-based checks, the registry checks will not work because the 'Remote Registry Access' service (winreg) has been disabled on the remote host or can not be connected to with the supplied credentials.","n/a","None","Could not connect to the registry because:
Could not connect to \winreg","[]",0,"","2007-10-04","2011-03-27"
"nessus_sample_1.nessus","qa3app09","10.31.112.29","Microsoft Windows Server 2008 R2 Standard Service Pack 1",445,"tcp","cifs",0,26917,"Microsoft Windows SMB Registry : Nessus Cannot Access the Windows Registry","Windows","Nessus is not able to access the remote Windows Registry.","It was not possible to connect to PIPE\winreg on the remote host.

If you intend to use Nessus to perform registry-based checks, the registry checks will not work because the 'Remote Registry Access' service (winreg) has been disabled on the remote host or can not be connected to with the supplied credentials.","n/a","None","Could not connect to the registry because:
Could not connect to \winreg","[]",0,"","2007-10-04","2011-03-27"
"nessus_sample_1.nessus","qa3app01","10.31.112.21","Microsoft Windows Server 2008 R2 Standard Service Pack 1",0,"tcp","general",0,35716,"Ethernet Card Manufacturer Detection","Misc.","The manufacturer can be deduced from the Ethernet OUI.","Each ethernet MAC address starts with a 24-bit 'Organizationally Unique Identifier'.
These OUI are registered by IEEE.","n/a","None","
The following card manufacturers were identified :

00:50:56:81:01:b8 : VMware, Inc.
","[]",0,"","2009-02-19","2011-03-27"
"nessus_sample_1.nessus","qa3app02","10.31.112.22","Microsoft Windows Server 2008 R2 Standard Service Pack 1",0,"tcp","general",0,35716,"Ethernet Card Manufacturer Detection","Misc.","The manufacturer can be deduced from the Ethernet OUI.","Each ethernet MAC address starts with a 24-bit 'Organizationally Unique Identifier'.
These OUI are registered by IEEE.","n/a","None","
The following card manufacturers were identified :

00:50:56:81:01:db : VMware, Inc.
","[]",0,"","2009-02-19","2011-03-27"
"nessus_sample_1.nessus","qa3app03","10.31.112.23","Microsoft Windows Server 2008 R2 Standard Service Pack 1",0,"tcp","general",0,35716,"Ethernet Card Manufacturer Detection","Misc.","The manufacturer can be deduced from the Ethernet OUI.","Each ethernet MAC address starts with a 24-bit 'Organizationally Unique Identifier'.
These OUI are registered by IEEE.","n/a","None","
The following card manufacturers were identified :

00:50:56:81:01:dc : VMware, Inc.
","[]",0,"","2009-02-19","2011-03-27"
"nessus_sample_1.nessus","qa3app04","10.31.112.24","Microsoft Windows Server 2008 R2 Standard Service Pack 1",0,"tcp","general",0,35716,"Ethernet Card Manufacturer Detection","Misc.","The manufacturer can be deduced from the Ethernet OUI.","Each ethernet MAC address starts with a 24-bit 'Organizationally Unique Identifier'.
These OUI are registered by IEEE.","n/a","None","
The following card manufacturers were identified :

00:50:56:81:01:dd : VMware, Inc.
","[]",0,"","2009-02-19","2011-03-27"
"nessus_sample_1.nessus","qa3app05","10.31.112.25","Microsoft Windows Server 2008 R2 Standard Service Pack 1",0,"tcp","general",0,35716,"Ethernet Card Manufacturer Detection","Misc.","The manufacturer can be deduced from the Ethernet OUI.","Each ethernet MAC address starts with a 24-bit 'Organizationally Unique Identifier'.
These OUI are registered by IEEE.","n/a","None","
The following card manufacturers were identified :

00:50:56:81:01:de : VMware, Inc.
","[]",0,"","2009-02-19","2011-03-27"
"nessus_sample_1.nessus","qa3app06","10.31.112.26","Microsoft Windows Server 2008 R2 Standard Service Pack 1",0,"tcp","general",0,35716,"Ethernet Card Manufacturer Detection","Misc.","The manufacturer can be deduced from the Ethernet OUI.","Each ethernet MAC address starts with a 24-bit 'Organizationally Unique Identifier'.
These OUI are registered by IEEE.","n/a","None","
The following card manufacturers were identified :

00:50:56:81:01:df : VMware, Inc.
","[]",0,"","2009-02-19","2011-03-27"
"nessus_sample_1.nessus","qa3app09","10.31.112.29","Microsoft Windows Server 2008 R2 Standard Service Pack 1",0,"tcp","general",0,35716,"Ethernet Card Manufacturer Detection","Misc.","The manufacturer can be deduced from the Ethernet OUI.","Each ethernet MAC address starts with a 24-bit 'Organizationally Unique Identifier'.
These OUI are registered by IEEE.","n/a","None","
The following card manufacturers were identified :

00:50:56:81:01:e3 : VMware, Inc.
","[]",0,"","2009-02-19","2011-03-27"
"nessus_sample_1.nessus","qa3app01","10.31.112.21","Microsoft Windows Server 2008 R2 Standard Service Pack 1",80,"tcp","www",0,43111,"HTTP Methods Allowed (per directory)","Web Servers","This plugin determines which HTTP methods are allowed on various CGI directories.","By calling the OPTIONS method, it is possible to determine which HTTP methods are allowed on each directory. 

As this list may be incomplete, the plugin also tests - if 'Thorough tests' are enabled or 'Enable web applications tests' is set to 'yes' in the scan policy - various known HTTP methods on each directory and considers them as unsupported if it receives a response code of 400, 403, 405, or 501. 

Note that the plugin output is only informational and does not necessarily indicate the presence of any security vulnerabilities.","n/a","None","Based on the response to an OPTIONS request :

  - HTTP methods  GET  HEAD  POST  TRACE OPTIONS are allowed on : 

    /

","[]",0,"","2009-12-10","2013-05-09"
"nessus_sample_1.nessus","qa3app02","10.31.112.22","Microsoft Windows Server 2008 R2 Standard Service Pack 1",80,"tcp","www",0,43111,"HTTP Methods Allowed (per directory)","Web Servers","This plugin determines which HTTP methods are allowed on various CGI directories.","By calling the OPTIONS method, it is possible to determine which HTTP methods are allowed on each directory. 

As this list may be incomplete, the plugin also tests - if 'Thorough tests' are enabled or 'Enable web applications tests' is set to 'yes' in the scan policy - various known HTTP methods on each directory and considers them as unsupported if it receives a response code of 400, 403, 405, or 501. 

Note that the plugin output is only informational and does not necessarily indicate the presence of any security vulnerabilities.","n/a","None","Based on the response to an OPTIONS request :

  - HTTP methods  GET  HEAD  POST  TRACE OPTIONS are allowed on : 

    /

","[]",0,"","2009-12-10","2013-05-09"
"nessus_sample_1.nessus","qa3app03","10.31.112.23","Microsoft Windows Server 2008 R2 Standard Service Pack 1",80,"tcp","www",0,43111,"HTTP Methods Allowed (per directory)","Web Servers","This plugin determines which HTTP methods are allowed on various CGI directories.","By calling the OPTIONS method, it is possible to determine which HTTP methods are allowed on each directory. 

As this list may be incomplete, the plugin also tests - if 'Thorough tests' are enabled or 'Enable web applications tests' is set to 'yes' in the scan policy - various known HTTP methods on each directory and considers them as unsupported if it receives a response code of 400, 403, 405, or 501. 

Note that the plugin output is only informational and does not necessarily indicate the presence of any security vulnerabilities.","n/a","None","Based on the response to an OPTIONS request :

  - HTTP methods  GET  HEAD  POST  TRACE OPTIONS are allowed on : 

    /

","[]",0,"","2009-12-10","2013-05-09"
"nessus_sample_1.nessus","qa3app04","10.31.112.24","Microsoft Windows Server 2008 R2 Standard Service Pack 1",80,"tcp","www",0,43111,"HTTP Methods Allowed (per directory)","Web Servers","This plugin determines which HTTP methods are allowed on various CGI directories.","By calling the OPTIONS method, it is possible to determine which HTTP methods are allowed on each directory. 

As this list may be incomplete, the plugin also tests - if 'Thorough tests' are enabled or 'Enable web applications tests' is set to 'yes' in the scan policy - various known HTTP methods on each directory and considers them as unsupported if it receives a response code of 400, 403, 405, or 501. 

Note that the plugin output is only informational and does not necessarily indicate the presence of any security vulnerabilities.","n/a","None","Based on the response to an OPTIONS request :

  - HTTP methods  GET  HEAD  POST  TRACE OPTIONS are allowed on : 

    /

","[]",0,"","2009-12-10","2013-05-09"
"nessus_sample_1.nessus","qa3app05","10.31.112.25","Microsoft Windows Server 2008 R2 Standard Service Pack 1",80,"tcp","www",0,43111,"HTTP Methods Allowed (per directory)","Web Servers","This plugin determines which HTTP methods are allowed on various CGI directories.","By calling the OPTIONS method, it is possible to determine which HTTP methods are allowed on each directory. 

As this list may be incomplete, the plugin also tests - if 'Thorough tests' are enabled or 'Enable web applications tests' is set to 'yes' in the scan policy - various known HTTP methods on each directory and considers them as unsupported if it receives a response code of 400, 403, 405, or 501. 

Note that the plugin output is only informational and does not necessarily indicate the presence of any security vulnerabilities.","n/a","None","Based on the response to an OPTIONS request :

  - HTTP methods  GET  HEAD  POST  TRACE OPTIONS are allowed on : 

    /

","[]",0,"","2009-12-10","2013-05-09"
"nessus_sample_1.nessus","qa3app06","10.31.112.26","Microsoft Windows Server 2008 R2 Standard Service Pack 1",80,"tcp","www",0,43111,"HTTP Methods Allowed (per directory)","Web Servers","This plugin determines which HTTP methods are allowed on various CGI directories.","By calling the OPTIONS method, it is possible to determine which HTTP methods are allowed on each directory. 

As this list may be incomplete, the plugin also tests - if 'Thorough tests' are enabled or 'Enable web applications tests' is set to 'yes' in the scan policy - various known HTTP methods on each directory and considers them as unsupported if it receives a response code of 400, 403, 405, or 501. 

Note that the plugin output is only informational and does not necessarily indicate the presence of any security vulnerabilities.","n/a","None","Based on the response to an OPTIONS request :

  - HTTP methods  GET  HEAD  POST  TRACE OPTIONS are allowed on : 

    /

","[]",0,"","2009-12-10","2013-05-09"
"nessus_sample_1.nessus","qa3app09","10.31.112.29","Microsoft Windows Server 2008 R2 Standard Service Pack 1",80,"tcp","www",0,43111,"HTTP Methods Allowed (per directory)","Web Servers","This plugin determines which HTTP methods are allowed on various CGI directories.","By calling the OPTIONS method, it is possible to determine which HTTP methods are allowed on each directory. 

As this list may be incomplete, the plugin also tests - if 'Thorough tests' are enabled or 'Enable web applications tests' is set to 'yes' in the scan policy - various known HTTP methods on each directory and considers them as unsupported if it receives a response code of 400, 403, 405, or 501. 

Note that the plugin output is only informational and does not necessarily indicate the presence of any security vulnerabilities.","n/a","None","Based on the response to an OPTIONS request :

  - HTTP methods  GET  HEAD  POST  TRACE OPTIONS are allowed on : 

    /

","[]",0,"","2009-12-10","2013-05-09"
"nessus_sample_1.nessus","qa3app01","10.31.112.21","Microsoft Windows Server 2008 R2 Standard Service Pack 1",0,"tcp","general",0,45590,"Common Platform Enumeration (CPE)","General","It is possible to enumerate CPE names that matched on the remote system.","By using information obtained from a Nessus scan, this plugin reports CPE (Common Platform Enumeration) matches for various hardware and software products found on a host. 

Note that if an official CPE is not available for the product, this plugin computes the best possible CPE based on the information available from the scan.","n/a","None","
The remote operating system matched the following CPE : 

  cpe:/o:microsoft:windows_server_2008:r2:sp1 -> Microsoft Windows Server 2008 R2 Service Pack 1

Following application CPE matched on the remote system :

  cpe:/a:microsoft:iis:7.5 -> Microsoft Internet Information Services (IIS) 7.5
","[]",0,"","2010-04-21","2013-05-13"
"nessus_sample_1.nessus","qa3app02","10.31.112.22","Microsoft Windows Server 2008 R2 Standard Service Pack 1",0,"tcp","general",0,45590,"Common Platform Enumeration (CPE)","General","It is possible to enumerate CPE names that matched on the remote system.","By using information obtained from a Nessus scan, this plugin reports CPE (Common Platform Enumeration) matches for various hardware and software products found on a host. 

Note that if an official CPE is not available for the product, this plugin computes the best possible CPE based on the information available from the scan.","n/a","None","
The remote operating system matched the following CPE : 

  cpe:/o:microsoft:windows_server_2008:r2:sp1 -> Microsoft Windows Server 2008 R2 Service Pack 1

Following application CPE matched on the remote system :

  cpe:/a:microsoft:iis:7.5 -> Microsoft Internet Information Services (IIS) 7.5
","[]",0,"","2010-04-21","2013-05-13"
"nessus_sample_1.nessus","qa3app03","10.31.112.23","Microsoft Windows Server 2008 R2 Standard Service Pack 1",0,"tcp","general",0,45590,"Common Platform Enumeration (CPE)","General","It is possible to enumerate CPE names that matched on the remote system.","By using information obtained from a Nessus scan, this plugin reports CPE (Common Platform Enumeration) matches for various hardware and software products found on a host. 

Note that if an official CPE is not available for the product, this plugin computes the best possible CPE based on the information available from the scan.","n/a","None","
The remote operating system matched the following CPE : 

  cpe:/o:microsoft:windows_server_2008:r2:sp1 -> Microsoft Windows Server 2008 R2 Service Pack 1

Following application CPE matched on the remote system :

  cpe:/a:microsoft:iis:7.5 -> Microsoft Internet Information Services (IIS) 7.5
","[]",0,"","2010-04-21","2013-05-13"
"nessus_sample_1.nessus","qa3app04","10.31.112.24","Microsoft Windows Server 2008 R2 Standard Service Pack 1",0,"tcp","general",0,45590,"Common Platform Enumeration (CPE)","General","It is possible to enumerate CPE names that matched on the remote system.","By using information obtained from a Nessus scan, this plugin reports CPE (Common Platform Enumeration) matches for various hardware and software products found on a host. 

Note that if an official CPE is not available for the product, this plugin computes the best possible CPE based on the information available from the scan.","n/a","None","
The remote operating system matched the following CPE : 

  cpe:/o:microsoft:windows_server_2008:r2:sp1 -> Microsoft Windows Server 2008 R2 Service Pack 1

Following application CPE matched on the remote system :

  cpe:/a:microsoft:iis:7.5 -> Microsoft Internet Information Services (IIS) 7.5
","[]",0,"","2010-04-21","2013-05-13"
"nessus_sample_1.nessus","qa3app05","10.31.112.25","Microsoft Windows Server 2008 R2 Standard Service Pack 1",0,"tcp","general",0,45590,"Common Platform Enumeration (CPE)","General","It is possible to enumerate CPE names that matched on the remote system.","By using information obtained from a Nessus scan, this plugin reports CPE (Common Platform Enumeration) matches for various hardware and software products found on a host. 

Note that if an official CPE is not available for the product, this plugin computes the best possible CPE based on the information available from the scan.","n/a","None","
The remote operating system matched the following CPE : 

  cpe:/o:microsoft:windows_server_2008:r2:sp1 -> Microsoft Windows Server 2008 R2 Service Pack 1

Following application CPE matched on the remote system :

  cpe:/a:microsoft:iis:7.5 -> Microsoft Internet Information Services (IIS) 7.5
","[]",0,"","2010-04-21","2013-05-13"
"nessus_sample_1.nessus","qa3app06","10.31.112.26","Microsoft Windows Server 2008 R2 Standard Service Pack 1",0,"tcp","general",0,45590,"Common Platform Enumeration (CPE)","General","It is possible to enumerate CPE names that matched on the remote system.","By using information obtained from a Nessus scan, this plugin reports CPE (Common Platform Enumeration) matches for various hardware and software products found on a host. 

Note that if an official CPE is not available for the product, this plugin computes the best possible CPE based on the information available from the scan.","n/a","None","
The remote operating system matched the following CPE : 

  cpe:/o:microsoft:windows_server_2008:r2:sp1 -> Microsoft Windows Server 2008 R2 Service Pack 1

Following application CPE matched on the remote system :

  cpe:/a:microsoft:iis:7.5 -> Microsoft Internet Information Services (IIS) 7.5
","[]",0,"","2010-04-21","2013-05-13"
"nessus_sample_1.nessus","qa3app09","10.31.112.29","Microsoft Windows Server 2008 R2 Standard Service Pack 1",0,"tcp","general",0,45590,"Common Platform Enumeration (CPE)","General","It is possible to enumerate CPE names that matched on the remote system.","By using information obtained from a Nessus scan, this plugin reports CPE (Common Platform Enumeration) matches for various hardware and software products found on a host. 

Note that if an official CPE is not available for the product, this plugin computes the best possible CPE based on the information available from the scan.","n/a","None","
The remote operating system matched the following CPE : 

  cpe:/o:microsoft:windows_server_2008:r2:sp1 -> Microsoft Windows Server 2008 R2 Service Pack 1

Following application CPE matched on the remote system :

  cpe:/a:microsoft:iis:7.5 -> Microsoft Internet Information Services (IIS) 7.5
","[]",0,"","2010-04-21","2013-05-13"
"nessus_sample_1.nessus","qa3app01","10.31.112.21","Microsoft Windows Server 2008 R2 Standard Service Pack 1",0,"tcp","general",0,46215,"Inconsistent Hostname and IP Address","Settings","The remote host's hostname is not consistent with DNS information.","The name of this machine either does not resolve or resolves to a different IP address. 

This may come from a badly configured reverse DNS or from a host file in use on the Nessus scanning host. 

As a result, URLs in plugin output may not be directly usable in a web browser and some web tests may be incomplete.","Fix the reverse DNS or host file.","None","The host name 'qa3app01' does not resolve to an IP address","[]",0,"","2010-05-03","2011-10-06"
"nessus_sample_1.nessus","qa3app02","10.31.112.22","Microsoft Windows Server 2008 R2 Standard Service Pack 1",0,"tcp","general",0,46215,"Inconsistent Hostname and IP Address","Settings","The remote host's hostname is not consistent with DNS information.","The name of this machine either does not resolve or resolves to a different IP address. 

This may come from a badly configured reverse DNS or from a host file in use on the Nessus scanning host. 

As a result, URLs in plugin output may not be directly usable in a web browser and some web tests may be incomplete.","Fix the reverse DNS or host file.","None","The host name 'qa3app02' does not resolve to an IP address","[]",0,"","2010-05-03","2011-10-06"
"nessus_sample_1.nessus","qa3app03","10.31.112.23","Microsoft Windows Server 2008 R2 Standard Service Pack 1",0,"tcp","general",0,46215,"Inconsistent Hostname and IP Address","Settings","The remote host's hostname is not consistent with DNS information.","The name of this machine either does not resolve or resolves to a different IP address. 

This may come from a badly configured reverse DNS or from a host file in use on the Nessus scanning host. 

As a result, URLs in plugin output may not be directly usable in a web browser and some web tests may be incomplete.","Fix the reverse DNS or host file.","None","The host name 'qa3app03' does not resolve to an IP address","[]",0,"","2010-05-03","2011-10-06"
"nessus_sample_1.nessus","qa3app04","10.31.112.24","Microsoft Windows Server 2008 R2 Standard Service Pack 1",0,"tcp","general",0,46215,"Inconsistent Hostname and IP Address","Settings","The remote host's hostname is not consistent with DNS information.","The name of this machine either does not resolve or resolves to a different IP address. 

This may come from a badly configured reverse DNS or from a host file in use on the Nessus scanning host. 

As a result, URLs in plugin output may not be directly usable in a web browser and some web tests may be incomplete.","Fix the reverse DNS or host file.","None","The host name 'qa3app04' does not resolve to an IP address","[]",0,"","2010-05-03","2011-10-06"
"nessus_sample_1.nessus","qa3app05","10.31.112.25","Microsoft Windows Server 2008 R2 Standard Service Pack 1",0,"tcp","general",0,46215,"Inconsistent Hostname and IP Address","Settings","The remote host's hostname is not consistent with DNS information.","The name of this machine either does not resolve or resolves to a different IP address. 

This may come from a badly configured reverse DNS or from a host file in use on the Nessus scanning host. 

As a result, URLs in plugin output may not be directly usable in a web browser and some web tests may be incomplete.","Fix the reverse DNS or host file.","None","The host name 'qa3app05' does not resolve to an IP address","[]",0,"","2010-05-03","2011-10-06"
"nessus_sample_1.nessus","qa3app06","10.31.112.26","Microsoft Windows Server 2008 R2 Standard Service Pack 1",0,"tcp","general",0,46215,"Inconsistent Hostname and IP Address","Settings","The remote host's hostname is not consistent with DNS information.","The name of this machine either does not resolve or resolves to a different IP address. 

This may come from a badly configured reverse DNS or from a host file in use on the Nessus scanning host. 

As a result, URLs in plugin output may not be directly usable in a web browser and some web tests may be incomplete.","Fix the reverse DNS or host file.","None","The host name 'qa3app06' does not resolve to an IP address","[]",0,"","2010-05-03","2011-10-06"
"nessus_sample_1.nessus","qa3app09","10.31.112.29","Microsoft Windows Server 2008 R2 Standard Service Pack 1",0,"tcp","general",0,46215,"Inconsistent Hostname and IP Address","Settings","The remote host's hostname is not consistent with DNS information.","The name of this machine either does not resolve or resolves to a different IP address. 

This may come from a badly configured reverse DNS or from a host file in use on the Nessus scanning host. 

As a result, URLs in plugin output may not be directly usable in a web browser and some web tests may be incomplete.","Fix the reverse DNS or host file.","None","The host name 'qa3app09' does not resolve to an IP address","[]",0,"","2010-05-03","2011-10-06"
"nessus_sample_1.nessus","qa3app01","10.31.112.21","Microsoft Windows Server 2008 R2 Standard Service Pack 1",0,"tcp","general",0,54615,"Device Type","General","It is possible to guess the remote device type.","Based on the remote operating system, it is possible to determine what the remote system type is (eg: a printer, router, general-purpose computer, etc).","n/a","None","Remote device type : general-purpose
Confidence level : 99
","[]",0,"","2011-05-23","2011-05-23"
"nessus_sample_1.nessus","qa3app02","10.31.112.22","Microsoft Windows Server 2008 R2 Standard Service Pack 1",0,"tcp","general",0,54615,"Device Type","General","It is possible to guess the remote device type.","Based on the remote operating system, it is possible to determine what the remote system type is (eg: a printer, router, general-purpose computer, etc).","n/a","None","Remote device type : general-purpose
Confidence level : 99
","[]",0,"","2011-05-23","2011-05-23"
"nessus_sample_1.nessus","qa3app03","10.31.112.23","Microsoft Windows Server 2008 R2 Standard Service Pack 1",0,"tcp","general",0,54615,"Device Type","General","It is possible to guess the remote device type.","Based on the remote operating system, it is possible to determine what the remote system type is (eg: a printer, router, general-purpose computer, etc).","n/a","None","Remote device type : general-purpose
Confidence level : 99
","[]",0,"","2011-05-23","2011-05-23"
"nessus_sample_1.nessus","qa3app04","10.31.112.24","Microsoft Windows Server 2008 R2 Standard Service Pack 1",0,"tcp","general",0,54615,"Device Type","General","It is possible to guess the remote device type.","Based on the remote operating system, it is possible to determine what the remote system type is (eg: a printer, router, general-purpose computer, etc).","n/a","None","Remote device type : general-purpose
Confidence level : 99
","[]",0,"","2011-05-23","2011-05-23"
"nessus_sample_1.nessus","qa3app05","10.31.112.25","Microsoft Windows Server 2008 R2 Standard Service Pack 1",0,"tcp","general",0,54615,"Device Type","General","It is possible to guess the remote device type.","Based on the remote operating system, it is possible to determine what the remote system type is (eg: a printer, router, general-purpose computer, etc).","n/a","None","Remote device type : general-purpose
Confidence level : 99
","[]",0,"","2011-05-23","2011-05-23"
"nessus_sample_1.nessus","qa3app06","10.31.112.26","Microsoft Windows Server 2008 R2 Standard Service Pack 1",0,"tcp","general",0,54615,"Device Type","General","It is possible to guess the remote device type.","Based on the remote operating system, it is possible to determine what the remote system type is (eg: a printer, router, general-purpose computer, etc).","n/a","None","Remote device type : general-purpose
Confidence level : 99
","[]",0,"","2011-05-23","2011-05-23"
"nessus_sample_1.nessus","qa3app09","10.31.112.29","Microsoft Windows Server 2008 R2 Standard Service Pack 1",0,"tcp","general",0,54615,"Device Type","General","It is possible to guess the remote device type.","Based on the remote operating system, it is possible to determine what the remote system type is (eg: a printer, router, general-purpose computer, etc).","n/a","None","Remote device type : general-purpose
Confidence level : 99
","[]",0,"","2011-05-23","2011-05-23"
"nessus_sample_1.nessus","qa3app01","10.31.112.21","Microsoft Windows Server 2008 R2 Standard Service Pack 1",3389,"tcp","msrdp",0,64814,"Terminal Services Use SSL/TLS","Misc.","The remote Terminal Services use SSL/TLS.","The remote Terminal Services is configured to use SSL/TLS.","n/a","None","Subject Name: 

Common Name: QA3APP01.RB.local

Issuer Name: 

Common Name: QA3APP01.RB.local

Serial Number: 53 CA AA C9 1B D6 05 B1 47 C0 63 C2 D9 15 B7 28 

Version: 3

Signature Algorithm: SHA-1 With RSA Encryption

Not Valid Before: Mar 08 00:16:31 2013 GMT
Not Valid After: Sep 07 00:16:31 2013 GMT

Public Key Info: 

Algorithm: RSA Encryption
Key Length: 2048 bits
Public Key: 00 EC 63 DC 70 9D E7 C0 53 EC F2 BB 5F 84 AC F7 DE D3 5A 2C 
            C1 0F 54 34 D4 5B F0 BE BD 68 E7 DF BD E4 9B C0 F0 A0 05 5E 
            6A 5F D6 A8 7B 5D 97 B5 65 E2 BC A9 52 C2 19 DF 5C 6A E8 E5 
            FC 80 34 BE 04 19 DB 91 BC CB 8A B1 00 55 C7 22 02 44 90 A1 
            79 41 6E 98 E5 D7 50 6C B4 D8 14 C9 D6 CF B9 5A F5 D7 BE DE 
            EB F2 06 61 77 C5 83 1F 7C BF D8 6A 79 9D EE F9 F7 6B E6 DB 
            D3 64 5E 9F E6 33 72 A8 FC D7 01 FD 55 33 32 DB D2 ED 87 CF 
            7F B0 9F 23 49 F2 CF 55 2E F3 98 41 84 D4 EF AC 20 25 84 D4 
            AE 5E 57 A7 8B 48 9D 6F 3D D5 15 5F F1 AB 58 C5 47 EE 38 55 
            21 CF F3 EF 42 0C AD 97 3A 63 4E 3F F9 AB B8 69 4D B8 82 6E 
            A0 11 67 1F 5A 5A 2F B9 30 B3 7C 58 12 DE D8 40 6A C4 D8 0B 
            C1 DE 4F F9 3F 84 8B 02 8D F9 C1 16 FC 7B 03 2C 53 DD 9D F4 
            1E B7 D6 10 37 4D 46 74 2C 88 26 5E 6B E3 A0 D9 3F 
Exponent: 01 00 01 

Signature Length: 256 bytes / 2048 bits
Signature: 00 78 9C 8F BD 43 88 DA 1F 13 EC F5 8E A8 EA A9 D3 91 33 47 
           5F 53 2F 53 A7 5D 4E E9 18 7C CE 92 AA AC C0 C0 E8 E0 38 81 
           9E 0C CA BA AD DF ED DA 91 1A 04 0A 30 8B A4 45 78 4E EC F4 
           DE 06 F5 23 C0 F9 2F F8 31 0A 84 1B 88 DC 62 7C FD 83 37 26 
           9A 4E 6A 83 69 CA F7 F7 62 F6 72 BE 51 AC 51 E7 7D 3F 50 3B 
           55 B8 EC 77 08 DA E6 23 7D 92 BA AF 2A 9D 0D C8 EC 47 CB D3 
           8F D5 37 43 D8 E2 61 B0 07 CE 02 A9 26 BA 0C 9E D7 32 94 6A 
           0C 3F 99 FB 95 B0 DC 39 E6 9D 0B 83 C1 02 24 08 13 FF 9A 12 
           37 E1 8F 60 EA 13 9A FB 32 76 1A 95 8A EE 24 43 38 9C 3E 74 
           5E 70 AC B9 11 F0 AF 1E F4 46 68 49 C5 F7 C0 1B 10 B1 74 20 
           19 1F 20 3B 5E 4B 57 AF E9 34 17 2D DD C0 B5 57 BF 7F 4B 9F 
           EB E8 B0 B1 F0 41 F2 06 91 BB 53 D5 56 F9 55 AF F4 3F F5 23 
           8B 5B 7E 0A DD D1 B7 7C 23 3D D9 1B 73 B1 1F EB FC 

Extension: Extended Key Usage (2.5.29.37)
Critical: 0
Purpose#1: Web Server Authentication (1.3.6.1.5.5.7.3.1)


Extension: Key Usage (2.5.29.15)
Critical: 0
Key Usage: Key Encipherment, Data Encipherment


","[]",0,"","2013-02-22","2013-02-25"
"nessus_sample_1.nessus","qa3app09","10.31.112.29","Microsoft Windows Server 2008 R2 Standard Service Pack 1",3389,"tcp","msrdp",0,64814,"Terminal Services Use SSL/TLS","Misc.","The remote Terminal Services use SSL/TLS.","The remote Terminal Services is configured to use SSL/TLS.","n/a","None","Subject Name: 

Common Name: QA3APP09.RB.local

Issuer Name: 

Common Name: QA3APP09.RB.local

Serial Number: 6F 1D C2 73 BE DE 2D 99 40 54 BB FA 2E DC 6C DE 

Version: 3

Signature Algorithm: SHA-1 With RSA Encryption

Not Valid Before: Mar 09 00:17:42 2013 GMT
Not Valid After: Sep 08 00:17:42 2013 GMT

Public Key Info: 

Algorithm: RSA Encryption
Key Length: 2048 bits
Public Key: 00 B6 9C C3 03 8B 53 08 79 C5 6C 71 AF 1B 73 88 76 9F F1 0C 
            20 79 49 D1 54 56 A1 CF 59 91 76 86 85 97 EB E1 91 33 5F 9A 
            7E DA 7A 63 53 56 C7 F0 EC 0A FC 4B 85 62 D5 4D 78 BD 49 4F 
            56 0E 69 A4 8F F7 D3 79 6D 16 6A 3E A4 4E 63 E9 38 CB 96 AF 
            7E 03 4F A3 60 BB EA B7 24 28 94 9D DE 61 E7 AC 95 57 58 8E 
            D7 08 CB 6D EF 56 60 2A A2 52 75 B8 31 A9 10 CA 87 C5 BD D7 
            8C 2E 31 1D BE 39 F6 9B F4 68 65 B9 7F A8 4A 20 0A 63 D9 1A 
            05 56 19 55 E1 EA 77 9F 56 F4 7D 59 2C 94 AC 75 2C 73 57 79 
            A6 7D 2F FA 82 51 2C 01 1A 46 6B DA 73 24 57 6C 43 DF FE A6 
            30 E0 56 26 CD 7E 9F C0 04 55 1C 24 7A A2 7C 52 C1 48 EE 71 
            3F 1F 12 23 4F 23 4B 09 6D 2E 6B DE 51 21 02 AB 87 E6 E6 47 
            43 BC 81 B6 4D F0 C7 17 9A F0 0D 1D E1 28 C4 8A 29 0F D6 48 
            9F AC B7 B0 CF C6 4D BD CC 41 56 8A DD A3 5E 12 9F 
Exponent: 01 00 01 

Signature Length: 256 bytes / 2048 bits
Signature: 00 9F C1 3C 9C 5F 3E B2 27 12 A6 38 80 C1 55 06 FB E6 7F 55 
           74 DA 72 90 29 91 66 58 BF 8D C7 09 40 B7 9A C7 29 56 D2 84 
           BC DF A4 47 1F 7B F3 E0 16 2D 76 07 2D 51 6B 1E 0D D7 BF 72 
           A7 B2 6E 8C 14 B1 03 18 C9 C3 65 52 98 76 8F 35 6A 2B 80 EE 
           CB 71 30 B8 94 88 00 FB 81 69 BB C1 FE 0C 86 2E 9E B1 7A A3 
           D2 23 60 6C 44 BD D7 2F 5F A2 ED 5A 11 DB C7 89 E0 61 F3 20 
           E8 83 49 6A 6D 7C 81 2B 6D 94 1C 3B BD 6C B7 A0 23 57 20 61 
           49 68 AB B8 C9 68 3C 6B 3B 79 D0 AF 72 EC AC 61 77 78 BF B6 
           B0 6C C2 ED A4 3F 39 17 88 C5 45 FD 05 36 F2 91 84 33 D8 4D 
           77 EF BF 31 00 38 7B B8 99 37 03 57 82 43 72 8D F5 23 CC F8 
           46 61 C2 F0 70 75 25 63 F1 F1 2A F1 DE E8 41 9F 63 CB C9 52 
           6A 48 B7 F0 CB 28 6C 19 B8 E1 B6 E2 F8 B0 24 BF CF A2 4A FC 
           CC 08 AA 12 81 5A 7A FF E8 77 26 21 DE 55 8A AB 88 

Extension: Extended Key Usage (2.5.29.37)
Critical: 0
Purpose#1: Web Server Authentication (1.3.6.1.5.5.7.3.1)


Extension: Key Usage (2.5.29.15)
Critical: 0
Key Usage: Key Encipherment, Data Encipherment


","[]",0,"","2013-02-22","2013-02-25"
"nessus_sample_1.nessus","qa3app01","10.31.112.21","Microsoft Windows Server 2008 R2 Standard Service Pack 1",3389,"tcp","msrdp",0,66173,"RDP Screenshot","General","It is possible to take a screenshot of the remote login screen.","This script attempts to connect to the remote host via RDP (Remote Desktop Protocol) and attempts to take a screenshot of the login screen.

While this is not a vulnerability by itself, some versions of Windows display the names of the users who can connect and which ones are connected already.","n/a","None","It was possible to gather the following screenshot of the remote login screen.","[]",0,"","2013-04-22","2013-05-08"
"nessus_sample_1.nessus","qa3app02","10.31.112.22","Microsoft Windows Server 2008 R2 Standard Service Pack 1",3389,"tcp","msrdp",0,66173,"RDP Screenshot","General","It is possible to take a screenshot of the remote login screen.","This script attempts to connect to the remote host via RDP (Remote Desktop Protocol) and attempts to take a screenshot of the login screen.

While this is not a vulnerability by itself, some versions of Windows display the names of the users who can connect and which ones are connected already.","n/a","None","It was possible to gather the following screenshot of the remote login screen.","[]",0,"","2013-04-22","2013-05-08"
"nessus_sample_1.nessus","qa3app03","10.31.112.23","Microsoft Windows Server 2008 R2 Standard Service Pack 1",3389,"tcp","msrdp",0,66173,"RDP Screenshot","General","It is possible to take a screenshot of the remote login screen.","This script attempts to connect to the remote host via RDP (Remote Desktop Protocol) and attempts to take a screenshot of the login screen.

While this is not a vulnerability by itself, some versions of Windows display the names of the users who can connect and which ones are connected already.","n/a","None","It was possible to gather the following screenshot of the remote login screen.","[]",0,"","2013-04-22","2013-05-08"
"nessus_sample_1.nessus","qa3app04","10.31.112.24","Microsoft Windows Server 2008 R2 Standard Service Pack 1",3389,"tcp","msrdp",0,66173,"RDP Screenshot","General","It is possible to take a screenshot of the remote login screen.","This script attempts to connect to the remote host via RDP (Remote Desktop Protocol) and attempts to take a screenshot of the login screen.

While this is not a vulnerability by itself, some versions of Windows display the names of the users who can connect and which ones are connected already.","n/a","None","It was possible to gather the following screenshot of the remote login screen.","[]",0,"","2013-04-22","2013-05-08"
"nessus_sample_1.nessus","qa3app05","10.31.112.25","Microsoft Windows Server 2008 R2 Standard Service Pack 1",3389,"tcp","msrdp",0,66173,"RDP Screenshot","General","It is possible to take a screenshot of the remote login screen.","This script attempts to connect to the remote host via RDP (Remote Desktop Protocol) and attempts to take a screenshot of the login screen.

While this is not a vulnerability by itself, some versions of Windows display the names of the users who can connect and which ones are connected already.","n/a","None","It was possible to gather the following screenshot of the remote login screen.","[]",0,"","2013-04-22","2013-05-08"
"nessus_sample_1.nessus","qa3app06","10.31.112.26","Microsoft Windows Server 2008 R2 Standard Service Pack 1",3389,"tcp","msrdp",0,66173,"RDP Screenshot","General","It is possible to take a screenshot of the remote login screen.","This script attempts to connect to the remote host via RDP (Remote Desktop Protocol) and attempts to take a screenshot of the login screen.

While this is not a vulnerability by itself, some versions of Windows display the names of the users who can connect and which ones are connected already.","n/a","None","It was possible to gather the following screenshot of the remote login screen.","[]",0,"","2013-04-22","2013-05-08"
"nessus_sample_1.nessus","qa3app09","10.31.112.29","Microsoft Windows Server 2008 R2 Standard Service Pack 1",3389,"tcp","msrdp",0,66173,"RDP Screenshot","General","It is possible to take a screenshot of the remote login screen.","This script attempts to connect to the remote host via RDP (Remote Desktop Protocol) and attempts to take a screenshot of the login screen.

While this is not a vulnerability by itself, some versions of Windows display the names of the users who can connect and which ones are connected already.","n/a","None","It was possible to gather the following screenshot of the remote login screen.","[]",0,"","2013-04-22","2013-05-08"
"nessus_sample_1.nessus","qa3app01","10.31.112.21","Microsoft Windows Server 2008 R2 Standard Service Pack 1",3389,"tcp","msrdp",1,30218,"Terminal Services Encryption Level is not FIPS-140 Compliant","Misc.","The remote host is not FIPS-140 compliant.","The encryption setting used by the remote Terminal Services service is not FIPS-140 compliant.","Change RDP encryption level to :

 4. FIPS Compliant","Low","
The terminal services encryption level is set to :

2. Medium (Client Compatible)","[]",2.6,"CVSS2#AV:N/AC:H/Au:N/C:P/I:N/A:N","2008-02-11","2013-04-22"
"nessus_sample_1.nessus","qa3app02","10.31.112.22","Microsoft Windows Server 2008 R2 Standard Service Pack 1",3389,"tcp","msrdp",1,30218,"Terminal Services Encryption Level is not FIPS-140 Compliant","Misc.","The remote host is not FIPS-140 compliant.","The encryption setting used by the remote Terminal Services service is not FIPS-140 compliant.","Change RDP encryption level to :

 4. FIPS Compliant","Low","
The terminal services encryption level is set to :

2. Medium (Client Compatible)","[]",2.6,"CVSS2#AV:N/AC:H/Au:N/C:P/I:N/A:N","2008-02-11","2013-04-22"
"nessus_sample_1.nessus","qa3app03","10.31.112.23","Microsoft Windows Server 2008 R2 Standard Service Pack 1",3389,"tcp","msrdp",1,30218,"Terminal Services Encryption Level is not FIPS-140 Compliant","Misc.","The remote host is not FIPS-140 compliant.","The encryption setting used by the remote Terminal Services service is not FIPS-140 compliant.","Change RDP encryption level to :

 4. FIPS Compliant","Low","
The terminal services encryption level is set to :

2. Medium (Client Compatible)","[]",2.6,"CVSS2#AV:N/AC:H/Au:N/C:P/I:N/A:N","2008-02-11","2013-04-22"
"nessus_sample_1.nessus","qa3app04","10.31.112.24","Microsoft Windows Server 2008 R2 Standard Service Pack 1",3389,"tcp","msrdp",1,30218,"Terminal Services Encryption Level is not FIPS-140 Compliant","Misc.","The remote host is not FIPS-140 compliant.","The encryption setting used by the remote Terminal Services service is not FIPS-140 compliant.","Change RDP encryption level to :

 4. FIPS Compliant","Low","
The terminal services encryption level is set to :

2. Medium (Client Compatible)","[]",2.6,"CVSS2#AV:N/AC:H/Au:N/C:P/I:N/A:N","2008-02-11","2013-04-22"
"nessus_sample_1.nessus","qa3app05","10.31.112.25","Microsoft Windows Server 2008 R2 Standard Service Pack 1",3389,"tcp","msrdp",1,30218,"Terminal Services Encryption Level is not FIPS-140 Compliant","Misc.","The remote host is not FIPS-140 compliant.","The encryption setting used by the remote Terminal Services service is not FIPS-140 compliant.","Change RDP encryption level to :

 4. FIPS Compliant","Low","
The terminal services encryption level is set to :

2. Medium (Client Compatible)","[]",2.6,"CVSS2#AV:N/AC:H/Au:N/C:P/I:N/A:N","2008-02-11","2013-04-22"
"nessus_sample_1.nessus","qa3app06","10.31.112.26","Microsoft Windows Server 2008 R2 Standard Service Pack 1",3389,"tcp","msrdp",1,30218,"Terminal Services Encryption Level is not FIPS-140 Compliant","Misc.","The remote host is not FIPS-140 compliant.","The encryption setting used by the remote Terminal Services service is not FIPS-140 compliant.","Change RDP encryption level to :

 4. FIPS Compliant","Low","
The terminal services encryption level is set to :

2. Medium (Client Compatible)","[]",2.6,"CVSS2#AV:N/AC:H/Au:N/C:P/I:N/A:N","2008-02-11","2013-04-22"
"nessus_sample_1.nessus","qa3app09","10.31.112.29","Microsoft Windows Server 2008 R2 Standard Service Pack 1",3389,"tcp","msrdp",1,30218,"Terminal Services Encryption Level is not FIPS-140 Compliant","Misc.","The remote host is not FIPS-140 compliant.","The encryption setting used by the remote Terminal Services service is not FIPS-140 compliant.","Change RDP encryption level to :

 4. FIPS Compliant","Low","
The terminal services encryption level is set to :

2. Medium (Client Compatible)","[]",2.6,"CVSS2#AV:N/AC:H/Au:N/C:P/I:N/A:N","2008-02-11","2013-04-22"
"nessus_sample_1.nessus","qa3app01","10.31.112.21","Microsoft Windows Server 2008 R2 Standard Service Pack 1",3389,"tcp","msrdp",2,18405,"Microsoft Windows Remote Desktop Protocol Server Man-in-the-Middle Weakness","Windows","It may be possible to get access to the remote host.","The remote version of the Remote Desktop Protocol Server (Terminal Service) is vulnerable to a man-in-the-middle (MiTM) attack. The RDP client makes no effort to validate the identity of the server when setting up encryption. An attacker with the ability to intercept traffic from the RDP server can establish encryption with the client and server without being detected. A MiTM attack of this nature would allow the attacker to obtain any sensitive information transmitted, including authentication credentials.

This flaw exists because the RDP server stores a hardcoded RSA private key in the mstlsapi.dll library. Any local user with access to this file (on any Windows system) can retrieve the key and use it for this attack.","- Force the use of SSL as a transport layer for this service if supported, or/and
- Select the 'Allow connections only from computers running Remote Desktop with Network Level Authentication' setting if it is available.","Medium","","['CVE-2005-1794']",5.1,"CVSS2#AV:N/AC:H/Au:N/C:P/I:P/A:P","2005-06-01","2012-03-30"
"nessus_sample_1.nessus","qa3app02","10.31.112.22","Microsoft Windows Server 2008 R2 Standard Service Pack 1",3389,"tcp","msrdp",2,18405,"Microsoft Windows Remote Desktop Protocol Server Man-in-the-Middle Weakness","Windows","It may be possible to get access to the remote host.","The remote version of the Remote Desktop Protocol Server (Terminal Service) is vulnerable to a man-in-the-middle (MiTM) attack. The RDP client makes no effort to validate the identity of the server when setting up encryption. An attacker with the ability to intercept traffic from the RDP server can establish encryption with the client and server without being detected. A MiTM attack of this nature would allow the attacker to obtain any sensitive information transmitted, including authentication credentials.

This flaw exists because the RDP server stores a hardcoded RSA private key in the mstlsapi.dll library. Any local user with access to this file (on any Windows system) can retrieve the key and use it for this attack.","- Force the use of SSL as a transport layer for this service if supported, or/and
- Select the 'Allow connections only from computers running Remote Desktop with Network Level Authentication' setting if it is available.","Medium","","['CVE-2005-1794']",5.1,"CVSS2#AV:N/AC:H/Au:N/C:P/I:P/A:P","2005-06-01","2012-03-30"
"nessus_sample_1.nessus","qa3app03","10.31.112.23","Microsoft Windows Server 2008 R2 Standard Service Pack 1",3389,"tcp","msrdp",2,18405,"Microsoft Windows Remote Desktop Protocol Server Man-in-the-Middle Weakness","Windows","It may be possible to get access to the remote host.","The remote version of the Remote Desktop Protocol Server (Terminal Service) is vulnerable to a man-in-the-middle (MiTM) attack. The RDP client makes no effort to validate the identity of the server when setting up encryption. An attacker with the ability to intercept traffic from the RDP server can establish encryption with the client and server without being detected. A MiTM attack of this nature would allow the attacker to obtain any sensitive information transmitted, including authentication credentials.

This flaw exists because the RDP server stores a hardcoded RSA private key in the mstlsapi.dll library. Any local user with access to this file (on any Windows system) can retrieve the key and use it for this attack.","- Force the use of SSL as a transport layer for this service if supported, or/and
- Select the 'Allow connections only from computers running Remote Desktop with Network Level Authentication' setting if it is available.","Medium","","['CVE-2005-1794']",5.1,"CVSS2#AV:N/AC:H/Au:N/C:P/I:P/A:P","2005-06-01","2012-03-30"
"nessus_sample_1.nessus","qa3app04","10.31.112.24","Microsoft Windows Server 2008 R2 Standard Service Pack 1",3389,"tcp","msrdp",2,18405,"Microsoft Windows Remote Desktop Protocol Server Man-in-the-Middle Weakness","Windows","It may be possible to get access to the remote host.","The remote version of the Remote Desktop Protocol Server (Terminal Service) is vulnerable to a man-in-the-middle (MiTM) attack. The RDP client makes no effort to validate the identity of the server when setting up encryption. An attacker with the ability to intercept traffic from the RDP server can establish encryption with the client and server without being detected. A MiTM attack of this nature would allow the attacker to obtain any sensitive information transmitted, including authentication credentials.

This flaw exists because the RDP server stores a hardcoded RSA private key in the mstlsapi.dll library. Any local user with access to this file (on any Windows system) can retrieve the key and use it for this attack.","- Force the use of SSL as a transport layer for this service if supported, or/and
- Select the 'Allow connections only from computers running Remote Desktop with Network Level Authentication' setting if it is available.","Medium","","['CVE-2005-1794']",5.1,"CVSS2#AV:N/AC:H/Au:N/C:P/I:P/A:P","2005-06-01","2012-03-30"
"nessus_sample_1.nessus","qa3app05","10.31.112.25","Microsoft Windows Server 2008 R2 Standard Service Pack 1",3389,"tcp","msrdp",2,18405,"Microsoft Windows Remote Desktop Protocol Server Man-in-the-Middle Weakness","Windows","It may be possible to get access to the remote host.","The remote version of the Remote Desktop Protocol Server (Terminal Service) is vulnerable to a man-in-the-middle (MiTM) attack. The RDP client makes no effort to validate the identity of the server when setting up encryption. An attacker with the ability to intercept traffic from the RDP server can establish encryption with the client and server without being detected. A MiTM attack of this nature would allow the attacker to obtain any sensitive information transmitted, including authentication credentials.

This flaw exists because the RDP server stores a hardcoded RSA private key in the mstlsapi.dll library. Any local user with access to this file (on any Windows system) can retrieve the key and use it for this attack.","- Force the use of SSL as a transport layer for this service if supported, or/and
- Select the 'Allow connections only from computers running Remote Desktop with Network Level Authentication' setting if it is available.","Medium","","['CVE-2005-1794']",5.1,"CVSS2#AV:N/AC:H/Au:N/C:P/I:P/A:P","2005-06-01","2012-03-30"
"nessus_sample_1.nessus","qa3app06","10.31.112.26","Microsoft Windows Server 2008 R2 Standard Service Pack 1",3389,"tcp","msrdp",2,18405,"Microsoft Windows Remote Desktop Protocol Server Man-in-the-Middle Weakness","Windows","It may be possible to get access to the remote host.","The remote version of the Remote Desktop Protocol Server (Terminal Service) is vulnerable to a man-in-the-middle (MiTM) attack. The RDP client makes no effort to validate the identity of the server when setting up encryption. An attacker with the ability to intercept traffic from the RDP server can establish encryption with the client and server without being detected. A MiTM attack of this nature would allow the attacker to obtain any sensitive information transmitted, including authentication credentials.

This flaw exists because the RDP server stores a hardcoded RSA private key in the mstlsapi.dll library. Any local user with access to this file (on any Windows system) can retrieve the key and use it for this attack.","- Force the use of SSL as a transport layer for this service if supported, or/and
- Select the 'Allow connections only from computers running Remote Desktop with Network Level Authentication' setting if it is available.","Medium","","['CVE-2005-1794']",5.1,"CVSS2#AV:N/AC:H/Au:N/C:P/I:P/A:P","2005-06-01","2012-03-30"
"nessus_sample_1.nessus","qa3app09","10.31.112.29","Microsoft Windows Server 2008 R2 Standard Service Pack 1",3389,"tcp","msrdp",2,18405,"Microsoft Windows Remote Desktop Protocol Server Man-in-the-Middle Weakness","Windows","It may be possible to get access to the remote host.","The remote version of the Remote Desktop Protocol Server (Terminal Service) is vulnerable to a man-in-the-middle (MiTM) attack. The RDP client makes no effort to validate the identity of the server when setting up encryption. An attacker with the ability to intercept traffic from the RDP server can establish encryption with the client and server without being detected. A MiTM attack of this nature would allow the attacker to obtain any sensitive information transmitted, including authentication credentials.

This flaw exists because the RDP server stores a hardcoded RSA private key in the mstlsapi.dll library. Any local user with access to this file (on any Windows system) can retrieve the key and use it for this attack.","- Force the use of SSL as a transport layer for this service if supported, or/and
- Select the 'Allow connections only from computers running Remote Desktop with Network Level Authentication' setting if it is available.","Medium","","['CVE-2005-1794']",5.1,"CVSS2#AV:N/AC:H/Au:N/C:P/I:P/A:P","2005-06-01","2012-03-30"
"nessus_sample_1.nessus","qa3app01","10.31.112.21","Microsoft Windows Server 2008 R2 Standard Service Pack 1",445,"tcp","cifs",2,57608,"SMB Signing Disabled","Misc.","Signing is disabled on the remote SMB server.","Signing is disabled on the remote SMB server.  This can allow man-in-the-middle attacks against the SMB server.","Enforce message signing in the host's configuration.  On Windows, this is found in the Local Security Policy.  On Samba, the setting is called 'server signing'.  See the 'see also' links for further details.","Medium","","[]",5,"CVSS2#AV:N/AC:L/Au:N/C:N/I:P/A:N","2012-01-19","2012-03-05"
"nessus_sample_1.nessus","qa3app02","10.31.112.22","Microsoft Windows Server 2008 R2 Standard Service Pack 1",445,"tcp","cifs",2,57608,"SMB Signing Disabled","Misc.","Signing is disabled on the remote SMB server.","Signing is disabled on the remote SMB server.  This can allow man-in-the-middle attacks against the SMB server.","Enforce message signing in the host's configuration.  On Windows, this is found in the Local Security Policy.  On Samba, the setting is called 'server signing'.  See the 'see also' links for further details.","Medium","","[]",5,"CVSS2#AV:N/AC:L/Au:N/C:N/I:P/A:N","2012-01-19","2012-03-05"
"nessus_sample_1.nessus","qa3app03","10.31.112.23","Microsoft Windows Server 2008 R2 Standard Service Pack 1",445,"tcp","cifs",2,57608,"SMB Signing Disabled","Misc.","Signing is disabled on the remote SMB server.","Signing is disabled on the remote SMB server.  This can allow man-in-the-middle attacks against the SMB server.","Enforce message signing in the host's configuration.  On Windows, this is found in the Local Security Policy.  On Samba, the setting is called 'server signing'.  See the 'see also' links for further details.","Medium","","[]",5,"CVSS2#AV:N/AC:L/Au:N/C:N/I:P/A:N","2012-01-19","2012-03-05"
"nessus_sample_1.nessus","qa3app04","10.31.112.24","Microsoft Windows Server 2008 R2 Standard Service Pack 1",445,"tcp","cifs",2,57608,"SMB Signing Disabled","Misc.","Signing is disabled on the remote SMB server.","Signing is disabled on the remote SMB server.  This can allow man-in-the-middle attacks against the SMB server.","Enforce message signing in the host's configuration.  On Windows, this is found in the Local Security Policy.  On Samba, the setting is called 'server signing'.  See the 'see also' links for further details.","Medium","","[]",5,"CVSS2#AV:N/AC:L/Au:N/C:N/I:P/A:N","2012-01-19","2012-03-05"
"nessus_sample_1.nessus","qa3app05","10.31.112.25","Microsoft Windows Server 2008 R2 Standard Service Pack 1",445,"tcp","cifs",2,57608,"SMB Signing Disabled","Misc.","Signing is disabled on the remote SMB server.","Signing is disabled on the remote SMB server.  This can allow man-in-the-middle attacks against the SMB server.","Enforce message signing in the host's configuration.  On Windows, this is found in the Local Security Policy.  On Samba, the setting is called 'server signing'.  See the 'see also' links for further details.","Medium","","[]",5,"CVSS2#AV:N/AC:L/Au:N/C:N/I:P/A:N","2012-01-19","2012-03-05"
"nessus_sample_1.nessus","qa3app06","10.31.112.26","Microsoft Windows Server 2008 R2 Standard Service Pack 1",445,"tcp","cifs",2,57608,"SMB Signing Disabled","Misc.","Signing is disabled on the remote SMB server.","Signing is disabled on the remote SMB server.  This can allow man-in-the-middle attacks against the SMB server.","Enforce message signing in the host's configuration.  On Windows, this is found in the Local Security Policy.  On Samba, the setting is called 'server signing'.  See the 'see also' links for further details.","Medium","","[]",5,"CVSS2#AV:N/AC:L/Au:N/C:N/I:P/A:N","2012-01-19","2012-03-05"
"nessus_sample_1.nessus","qa3app09","10.31.112.29","Microsoft Windows Server 2008 R2 Standard Service Pack 1",445,"tcp","cifs",2,57608,"SMB Signing Disabled","Misc.","Signing is disabled on the remote SMB server.","Signing is disabled on the remote SMB server.  This can allow man-in-the-middle attacks against the SMB server.","Enforce message signing in the host's configuration.  On Windows, this is found in the Local Security Policy.  On Samba, the setting is called 'server signing'.  See the 'see also' links for further details.","Medium","","[]",5,"CVSS2#AV:N/AC:L/Au:N/C:N/I:P/A:N","2012-01-19","2012-03-05"
"nessus_sample_1.nessus","qa3app01","10.31.112.21","Microsoft Windows Server 2008 R2 Standard Service Pack 1",3389,"tcp","msrdp",2,57690,"Terminal Services Encryption Level is Medium or Low","Misc.","The remote host is using weak cryptography.","The remote Terminal Services service is not configured to use strong cryptography. 

Using weak cryptography with this service may allow an attacker to eavesdrop on the communications more easily and obtain screenshots and/or keystrokes.","Change RDP encryption level to one of :

 3. High

 4. FIPS Compliant","Medium","
The terminal services encryption level is set to :

2. Medium","[]",4.3,"CVSS2#AV:N/AC:M/Au:N/C:P/I:N/A:N","2012-01-25","2013-04-22"
"nessus_sample_1.nessus","qa3app02","10.31.112.22","Microsoft Windows Server 2008 R2 Standard Service Pack 1",3389,"tcp","msrdp",2,57690,"Terminal Services Encryption Level is Medium or Low","Misc.","The remote host is using weak cryptography.","The remote Terminal Services service is not configured to use strong cryptography. 

Using weak cryptography with this service may allow an attacker to eavesdrop on the communications more easily and obtain screenshots and/or keystrokes.","Change RDP encryption level to one of :

 3. High

 4. FIPS Compliant","Medium","
The terminal services encryption level is set to :

2. Medium","[]",4.3,"CVSS2#AV:N/AC:M/Au:N/C:P/I:N/A:N","2012-01-25","2013-04-22"
"nessus_sample_1.nessus","qa3app03","10.31.112.23","Microsoft Windows Server 2008 R2 Standard Service Pack 1",3389,"tcp","msrdp",2,57690,"Terminal Services Encryption Level is Medium or Low","Misc.","The remote host is using weak cryptography.","The remote Terminal Services service is not configured to use strong cryptography. 

Using weak cryptography with this service may allow an attacker to eavesdrop on the communications more easily and obtain screenshots and/or keystrokes.","Change RDP encryption level to one of :

 3. High

 4. FIPS Compliant","Medium","
The terminal services encryption level is set to :

2. Medium","[]",4.3,"CVSS2#AV:N/AC:M/Au:N/C:P/I:N/A:N","2012-01-25","2013-04-22"
"nessus_sample_1.nessus","qa3app04","10.31.112.24","Microsoft Windows Server 2008 R2 Standard Service Pack 1",3389,"tcp","msrdp",2,57690,"Terminal Services Encryption Level is Medium or Low","Misc.","The remote host is using weak cryptography.","The remote Terminal Services service is not configured to use strong cryptography. 

Using weak cryptography with this service may allow an attacker to eavesdrop on the communications more easily and obtain screenshots and/or keystrokes.","Change RDP encryption level to one of :

 3. High

 4. FIPS Compliant","Medium","
The terminal services encryption level is set to :

2. Medium","[]",4.3,"CVSS2#AV:N/AC:M/Au:N/C:P/I:N/A:N","2012-01-25","2013-04-22"
"nessus_sample_1.nessus","qa3app05","10.31.112.25","Microsoft Windows Server 2008 R2 Standard Service Pack 1",3389,"tcp","msrdp",2,57690,"Terminal Services Encryption Level is Medium or Low","Misc.","The remote host is using weak cryptography.","The remote Terminal Services service is not configured to use strong cryptography. 

Using weak cryptography with this service may allow an attacker to eavesdrop on the communications more easily and obtain screenshots and/or keystrokes.","Change RDP encryption level to one of :

 3. High

 4. FIPS Compliant","Medium","
The terminal services encryption level is set to :

2. Medium","[]",4.3,"CVSS2#AV:N/AC:M/Au:N/C:P/I:N/A:N","2012-01-25","2013-04-22"
"nessus_sample_1.nessus","qa3app06","10.31.112.26","Microsoft Windows Server 2008 R2 Standard Service Pack 1",3389,"tcp","msrdp",2,57690,"Terminal Services Encryption Level is Medium or Low","Misc.","The remote host is using weak cryptography.","The remote Terminal Services service is not configured to use strong cryptography. 

Using weak cryptography with this service may allow an attacker to eavesdrop on the communications more easily and obtain screenshots and/or keystrokes.","Change RDP encryption level to one of :

 3. High

 4. FIPS Compliant","Medium","
The terminal services encryption level is set to :

2. Medium","[]",4.3,"CVSS2#AV:N/AC:M/Au:N/C:P/I:N/A:N","2012-01-25","2013-04-22"
"nessus_sample_1.nessus","qa3app09","10.31.112.29","Microsoft Windows Server 2008 R2 Standard Service Pack 1",3389,"tcp","msrdp",2,57690,"Terminal Services Encryption Level is Medium or Low","Misc.","The remote host is using weak cryptography.","The remote Terminal Services service is not configured to use strong cryptography. 

Using weak cryptography with this service may allow an attacker to eavesdrop on the communications more easily and obtain screenshots and/or keystrokes.","Change RDP encryption level to one of :

 3. High

 4. FIPS Compliant","Medium","
The terminal services encryption level is set to :

2. Medium","[]",4.3,"CVSS2#AV:N/AC:M/Au:N/C:P/I:N/A:N","2012-01-25","2013-04-22"
"nessus_sample_1.nessus","qa3app01","10.31.112.21","Microsoft Windows Server 2008 R2 Standard Service Pack 1",3389,"tcp","msrdp",2,58453,"Terminal Services Doesn't Use Network Level Authentication (NLA)","Misc.","The remote Terminal Services doesn't use Network Level Authentication.","The remote Terminal Services is not configured to use Network Level Authentication (NLA). NLA uses the Credential Security Support Provider (CredSSP) protocol to perform strong server authentication either through TLS/SSL or Kerberos mechanisms, which protect against man-in-the-middle attacks. In addition to improving authentication, NLA also helps protect the remote computer from malicious users and software by completing user authentication before a full RDP connection is established.","Enable Network Level Authentication (NLA) on the remote RDP server. This is generally done on the 'Remote' tab of the 'System' settings on Windows.","Medium","","[]",4.3,"CVSS2#AV:N/AC:M/Au:N/C:P/I:N/A:N","2012-03-23","2013-04-22"
"nessus_sample_1.nessus","qa3app09","10.31.112.29","Microsoft Windows Server 2008 R2 Standard Service Pack 1",3389,"tcp","msrdp",2,58453,"Terminal Services Doesn't Use Network Level Authentication (NLA)","Misc.","The remote Terminal Services doesn't use Network Level Authentication.","The remote Terminal Services is not configured to use Network Level Authentication (NLA). NLA uses the Credential Security Support Provider (CredSSP) protocol to perform strong server authentication either through TLS/SSL or Kerberos mechanisms, which protect against man-in-the-middle attacks. In addition to improving authentication, NLA also helps protect the remote computer from malicious users and software by completing user authentication before a full RDP connection is established.","Enable Network Level Authentication (NLA) on the remote RDP server. This is generally done on the 'Remote' tab of the 'System' settings on Windows.","Medium","","[]",4.3,"CVSS2#AV:N/AC:M/Au:N/C:P/I:N/A:N","2012-03-23","2013-04-22"
"nessus_sample_2.xml","preprod.boardvantage.net","12.233.108.201","CISCO PIX 7.0",443,"tcp","https?",0,11219,"Nessus SYN scanner","Port scanners","It is possible to determine which TCP ports are open.","This plugin is a SYN 'half-open' port scanner.
It shall be reasonably quick even against a firewalled target.

Note that SYN scanners are less intrusive than TCP (full connect) scanners against broken services, but they might kill lame misconfigured firewalls. They might also leave unclosed connections on the remote target, if the network is loaded.","Protect your target with an IP filter.","None","Port 443/tcp was found to be open","[]",0,"","1970-01-01","2011-04-05"
"nessus_sample_2.xml","preprod.boardvantage.net","12.233.108.201","CISCO PIX 7.0",0,"tcp","general",0,11936,"OS Identification","General","It is possible to guess the remote operating system.","Using a combination of remote probes (TCP/IP, SMB, HTTP, NTP, SNMP, etc...), it is possible to guess the name of the remote operating system in use. It is also sometimes possible to guess the version of the operating system.","n/a","None","
Remote operating system : CISCO PIX 7.0
Confidence Level : 70
Method : SinFP

 
The remote host is running CISCO PIX 7.0","[]",0,"","2003-12-09","2013-04-01"
"nessus_sample_2.xml","preprod.boardvantage.net","12.233.108.201","CISCO PIX 7.0",0,"tcp","general",0,12053,"Host Fully Qualified Domain Name (FQDN) Resolution","General","It was possible to resolve the name of the remote host.","Nessus was able to resolve the FQDN of the remote host.","n/a","None","
12.233.108.201 resolves as preprod.boardvantage.net.
","[]",0,"","2004-02-11","2012-09-28"
"nessus_sample_2.xml","preprod.boardvantage.net","12.233.108.201","CISCO PIX 7.0",0,"tcp","general",0,19506,"Nessus Scan Information","Settings","Information about the Nessus scan.","This script displays, for each tested host, information about the scan itself :

 - The version of the plugin set
 - The type of plugin feed (HomeFeed or ProfessionalFeed)
 - The version of the Nessus Engine
 - The port scanner(s) used
 - The port range scanned
 - Whether credentialed or third-party patch management    checks are possible
 - The date of the scan
 - The duration of the scan
 - The number of hosts scanned in parallel
 - The number of checks done in parallel","n/a","None","Information about this scan : 

Nessus version : 5.2.1
Plugin feed version : 201306251015
Type of plugin feed : HomeFeed (Non-commercial use only)
Scanner IP : 172.16.138.167
Port scanner(s) : nessus_syn_scanner 
Port range : default
Thorough tests : no
Experimental tests : no
Paranoia level : 1
Report Verbosity : 1
Safe checks : yes
Optimize the test : yes
Credentialed checks : no
Patch management checks : None
CGI scanning : enabled
Web application tests : enabled
Web app tests -  Test mode : some_pairs
Web app tests -  Try all HTTP methods : no
Web app tests -  Maximum run time : 60 minutes.
Web app tests -  Stop at first flaw : CGI
Max hosts : 80
Max checks : 5
Recv timeout : 5
Backports : None
Allow post-scan editing: Yes
Scan Start Date : 2013/6/25 10:32
Scan duration : 416 sec
","[]",0,"","2005-08-26","2013-05-31"
"nessus_sample_2.xml","preprod.boardvantage.net","12.233.108.201","CISCO PIX 7.0",0,"tcp","general",0,45590,"Common Platform Enumeration (CPE)","General","It is possible to enumerate CPE names that matched on the remote system.","By using information obtained from a Nessus scan, this plugin reports CPE (Common Platform Enumeration) matches for various hardware and software products found on a host. 

Note that if an official CPE is not available for the product, this plugin computes the best possible CPE based on the information available from the scan.","n/a","None","
The remote operating system matched the following CPE : 

  cpe:/o:cisco:pix_firewall:7.0
","[]",0,"","2010-04-21","2013-05-13"
"nessus_sample_2.xml","preprod.boardvantage.net","12.233.108.201","CISCO PIX 7.0",0,"tcp","general",0,54615,"Device Type","General","It is possible to guess the remote device type.","Based on the remote operating system, it is possible to determine what the remote system type is (eg: a printer, router, general-purpose computer, etc).","n/a","None","Remote device type : firewall
Confidence level : 70
","[]",0,"","2011-05-23","2011-05-23"
